,geo_value,signal,time_value,issue,lag,value,stderr,sample_size,geo_type,data_source
0,ak,pct_ed_visits_covid,202239,202551,168,1.61,,,state,nssp
1,al,pct_ed_visits_covid,202239,202551,168,1.02,,,state,nssp
2,ar,pct_ed_visits_covid,202239,202551,168,0.98,,,state,nssp
3,az,pct_ed_visits_covid,202239,202551,168,1.63,,,state,nssp
4,ca,pct_ed_visits_covid,202239,202551,168,1.18,,,state,nssp
5,co,pct_ed_visits_covid,202239,202551,168,1.61,,,state,nssp
6,ct,pct_ed_visits_covid,202239,202551,168,3.37,,,state,nssp
7,dc,pct_ed_visits_covid,202239,202551,168,1.75,,,state,nssp
8,de,pct_ed_visits_covid,202239,202551,168,2.68,,,state,nssp
9,fl,pct_ed_visits_covid,202239,202551,168,1.52,,,state,nssp
10,ga,pct_ed_visits_covid,202239,202551,168,0.58,,,state,nssp
11,hi,pct_ed_visits_covid,202239,202551,168,2.9,,,state,nssp
12,ia,pct_ed_visits_covid,202239,202551,168,2.7,,,state,nssp
13,id,pct_ed_visits_covid,202239,202551,168,2.35,,,state,nssp
14,il,pct_ed_visits_covid,202239,202551,168,1.81,,,state,nssp
15,in,pct_ed_visits_covid,202239,202551,168,1.45,,,state,nssp
16,ks,pct_ed_visits_covid,202239,202551,168,1.72,,,state,nssp
17,ky,pct_ed_visits_covid,202239,202551,168,1.78,,,state,nssp
18,la,pct_ed_visits_covid,202239,202551,168,1.1,,,state,nssp
19,ma,pct_ed_visits_covid,202239,202551,168,3.23,,,state,nssp
20,md,pct_ed_visits_covid,202239,202551,168,2.24,,,state,nssp
21,me,pct_ed_visits_covid,202239,202551,168,4.04,,,state,nssp
22,mi,pct_ed_visits_covid,202239,202551,168,3.11,,,state,nssp
23,mn,pct_ed_visits_covid,202239,202551,168,2.3,,,state,nssp
24,ms,pct_ed_visits_covid,202239,202551,168,1.04,,,state,nssp
25,mt,pct_ed_visits_covid,202239,202551,168,2.94,,,state,nssp
26,nc,pct_ed_visits_covid,202239,202551,168,2.65,,,state,nssp
27,nd,pct_ed_visits_covid,202239,202551,168,2.51,,,state,nssp
28,ne,pct_ed_visits_covid,202239,202551,168,1.26,,,state,nssp
29,nh,pct_ed_visits_covid,202239,202551,168,2.73,,,state,nssp
30,nj,pct_ed_visits_covid,202239,202551,168,2.76,,,state,nssp
31,nm,pct_ed_visits_covid,202239,202551,168,2.13,,,state,nssp
32,nv,pct_ed_visits_covid,202239,202551,168,1.43,,,state,nssp
33,ny,pct_ed_visits_covid,202239,202551,168,2.26,,,state,nssp
34,oh,pct_ed_visits_covid,202239,202551,168,1.84,,,state,nssp
35,ok,pct_ed_visits_covid,202239,202551,168,1.2,,,state,nssp
36,or,pct_ed_visits_covid,202239,202551,168,2.42,,,state,nssp
37,pa,pct_ed_visits_covid,202239,202551,168,2.18,,,state,nssp
38,ri,pct_ed_visits_covid,202239,202551,168,2.48,,,state,nssp
39,sc,pct_ed_visits_covid,202239,202551,168,1.39,,,state,nssp
40,sd,pct_ed_visits_covid,202239,202551,168,1.43,,,state,nssp
41,tn,pct_ed_visits_covid,202239,202551,168,1.19,,,state,nssp
42,tx,pct_ed_visits_covid,202239,202551,168,1.02,,,state,nssp
43,ut,pct_ed_visits_covid,202239,202551,168,1.88,,,state,nssp
44,va,pct_ed_visits_covid,202239,202551,168,2.08,,,state,nssp
45,vt,pct_ed_visits_covid,202239,202551,168,3.66,,,state,nssp
46,wa,pct_ed_visits_covid,202239,202551,168,2.84,,,state,nssp
47,wi,pct_ed_visits_covid,202239,202551,168,2.06,,,state,nssp
48,wv,pct_ed_visits_covid,202239,202551,168,2.56,,,state,nssp
49,wy,pct_ed_visits_covid,202239,202551,168,2.88,,,state,nssp
50,ak,pct_ed_visits_covid,202240,202551,167,1.31,,,state,nssp
51,al,pct_ed_visits_covid,202240,202551,167,0.98,,,state,nssp
52,ar,pct_ed_visits_covid,202240,202551,167,0.94,,,state,nssp
53,az,pct_ed_visits_covid,202240,202551,167,1.61,,,state,nssp
54,ca,pct_ed_visits_covid,202240,202551,167,1.1,,,state,nssp
55,co,pct_ed_visits_covid,202240,202551,167,1.54,,,state,nssp
56,ct,pct_ed_visits_covid,202240,202551,167,3.33,,,state,nssp
57,dc,pct_ed_visits_covid,202240,202551,167,1.44,,,state,nssp
58,de,pct_ed_visits_covid,202240,202551,167,2.37,,,state,nssp
59,fl,pct_ed_visits_covid,202240,202551,167,1.14,,,state,nssp
60,ga,pct_ed_visits_covid,202240,202551,167,0.49,,,state,nssp
61,hi,pct_ed_visits_covid,202240,202551,167,2.48,,,state,nssp
62,ia,pct_ed_visits_covid,202240,202551,167,2.61,,,state,nssp
63,id,pct_ed_visits_covid,202240,202551,167,1.85,,,state,nssp
64,il,pct_ed_visits_covid,202240,202551,167,1.8,,,state,nssp
65,in,pct_ed_visits_covid,202240,202551,167,1.53,,,state,nssp
66,ks,pct_ed_visits_covid,202240,202551,167,1.51,,,state,nssp
67,ky,pct_ed_visits_covid,202240,202551,167,1.77,,,state,nssp
68,la,pct_ed_visits_covid,202240,202551,167,1.0,,,state,nssp
69,ma,pct_ed_visits_covid,202240,202551,167,3.4,,,state,nssp
70,md,pct_ed_visits_covid,202240,202551,167,2.05,,,state,nssp
71,me,pct_ed_visits_covid,202240,202551,167,3.92,,,state,nssp
72,mi,pct_ed_visits_covid,202240,202551,167,3.05,,,state,nssp
73,mn,pct_ed_visits_covid,202240,202551,167,2.1,,,state,nssp
74,ms,pct_ed_visits_covid,202240,202551,167,0.88,,,state,nssp
75,mt,pct_ed_visits_covid,202240,202551,167,2.58,,,state,nssp
76,nc,pct_ed_visits_covid,202240,202551,167,2.18,,,state,nssp
77,nd,pct_ed_visits_covid,202240,202551,167,2.82,,,state,nssp
78,ne,pct_ed_visits_covid,202240,202551,167,1.05,,,state,nssp
79,nh,pct_ed_visits_covid,202240,202551,167,3.3,,,state,nssp
80,nj,pct_ed_visits_covid,202240,202551,167,2.58,,,state,nssp
81,nm,pct_ed_visits_covid,202240,202551,167,2.2,,,state,nssp
82,nv,pct_ed_visits_covid,202240,202551,167,1.31,,,state,nssp
83,ny,pct_ed_visits_covid,202240,202551,167,2.18,,,state,nssp
84,oh,pct_ed_visits_covid,202240,202551,167,1.65,,,state,nssp
85,ok,pct_ed_visits_covid,202240,202551,167,1.29,,,state,nssp
86,or,pct_ed_visits_covid,202240,202551,167,2.1,,,state,nssp
87,pa,pct_ed_visits_covid,202240,202551,167,2.01,,,state,nssp
88,ri,pct_ed_visits_covid,202240,202551,167,2.53,,,state,nssp
89,sc,pct_ed_visits_covid,202240,202551,167,1.25,,,state,nssp
90,sd,pct_ed_visits_covid,202240,202551,167,1.27,,,state,nssp
91,tn,pct_ed_visits_covid,202240,202551,167,1.1,,,state,nssp
92,tx,pct_ed_visits_covid,202240,202551,167,0.85,,,state,nssp
93,ut,pct_ed_visits_covid,202240,202551,167,1.41,,,state,nssp
94,va,pct_ed_visits_covid,202240,202551,167,1.94,,,state,nssp
95,vt,pct_ed_visits_covid,202240,202551,167,4.15,,,state,nssp
96,wa,pct_ed_visits_covid,202240,202551,167,2.31,,,state,nssp
97,wi,pct_ed_visits_covid,202240,202551,167,2.14,,,state,nssp
98,wv,pct_ed_visits_covid,202240,202551,167,1.96,,,state,nssp
99,wy,pct_ed_visits_covid,202240,202551,167,2.19,,,state,nssp
100,ak,pct_ed_visits_covid,202241,202551,166,1.48,,,state,nssp
101,al,pct_ed_visits_covid,202241,202551,166,0.91,,,state,nssp
102,ar,pct_ed_visits_covid,202241,202551,166,1.03,,,state,nssp
103,az,pct_ed_visits_covid,202241,202551,166,1.56,,,state,nssp
104,ca,pct_ed_visits_covid,202241,202551,166,1.03,,,state,nssp
105,co,pct_ed_visits_covid,202241,202551,166,1.7,,,state,nssp
106,ct,pct_ed_visits_covid,202241,202551,166,3.09,,,state,nssp
107,dc,pct_ed_visits_covid,202241,202551,166,1.23,,,state,nssp
108,de,pct_ed_visits_covid,202241,202551,166,2.26,,,state,nssp
109,fl,pct_ed_visits_covid,202241,202551,166,1.06,,,state,nssp
110,ga,pct_ed_visits_covid,202241,202551,166,0.48,,,state,nssp
111,hi,pct_ed_visits_covid,202241,202551,166,2.14,,,state,nssp
112,ia,pct_ed_visits_covid,202241,202551,166,2.17,,,state,nssp
113,id,pct_ed_visits_covid,202241,202551,166,2.08,,,state,nssp
114,il,pct_ed_visits_covid,202241,202551,166,1.91,,,state,nssp
115,in,pct_ed_visits_covid,202241,202551,166,1.53,,,state,nssp
116,ks,pct_ed_visits_covid,202241,202551,166,1.4,,,state,nssp
117,ky,pct_ed_visits_covid,202241,202551,166,1.82,,,state,nssp
118,la,pct_ed_visits_covid,202241,202551,166,0.81,,,state,nssp
119,ma,pct_ed_visits_covid,202241,202551,166,3.16,,,state,nssp
120,md,pct_ed_visits_covid,202241,202551,166,1.82,,,state,nssp
121,me,pct_ed_visits_covid,202241,202551,166,4.63,,,state,nssp
122,mi,pct_ed_visits_covid,202241,202551,166,3.0,,,state,nssp
123,mn,pct_ed_visits_covid,202241,202551,166,1.83,,,state,nssp
124,ms,pct_ed_visits_covid,202241,202551,166,0.89,,,state,nssp
125,mt,pct_ed_visits_covid,202241,202551,166,2.47,,,state,nssp
126,nc,pct_ed_visits_covid,202241,202551,166,1.85,,,state,nssp
127,nd,pct_ed_visits_covid,202241,202551,166,2.27,,,state,nssp
128,ne,pct_ed_visits_covid,202241,202551,166,1.01,,,state,nssp
129,nh,pct_ed_visits_covid,202241,202551,166,3.3,,,state,nssp
130,nj,pct_ed_visits_covid,202241,202551,166,2.46,,,state,nssp
131,nm,pct_ed_visits_covid,202241,202551,166,2.69,,,state,nssp
132,nv,pct_ed_visits_covid,202241,202551,166,1.41,,,state,nssp
133,ny,pct_ed_visits_covid,202241,202551,166,2.36,,,state,nssp
134,oh,pct_ed_visits_covid,202241,202551,166,1.81,,,state,nssp
135,ok,pct_ed_visits_covid,202241,202551,166,1.06,,,state,nssp
136,or,pct_ed_visits_covid,202241,202551,166,1.91,,,state,nssp
137,pa,pct_ed_visits_covid,202241,202551,166,1.88,,,state,nssp
138,ri,pct_ed_visits_covid,202241,202551,166,2.12,,,state,nssp
139,sc,pct_ed_visits_covid,202241,202551,166,1.3,,,state,nssp
140,sd,pct_ed_visits_covid,202241,202551,166,1.05,,,state,nssp
141,tn,pct_ed_visits_covid,202241,202551,166,1.19,,,state,nssp
142,tx,pct_ed_visits_covid,202241,202551,166,0.72,,,state,nssp
143,ut,pct_ed_visits_covid,202241,202551,166,1.77,,,state,nssp
144,va,pct_ed_visits_covid,202241,202551,166,1.92,,,state,nssp
145,vt,pct_ed_visits_covid,202241,202551,166,4.29,,,state,nssp
146,wa,pct_ed_visits_covid,202241,202551,166,1.95,,,state,nssp
147,wi,pct_ed_visits_covid,202241,202551,166,2.18,,,state,nssp
148,wv,pct_ed_visits_covid,202241,202551,166,1.84,,,state,nssp
149,wy,pct_ed_visits_covid,202241,202551,166,2.5,,,state,nssp
150,ak,pct_ed_visits_covid,202242,202551,165,1.1,,,state,nssp
151,al,pct_ed_visits_covid,202242,202551,165,0.82,,,state,nssp
152,ar,pct_ed_visits_covid,202242,202551,165,1.01,,,state,nssp
153,az,pct_ed_visits_covid,202242,202551,165,1.98,,,state,nssp
154,ca,pct_ed_visits_covid,202242,202551,165,1.08,,,state,nssp
155,co,pct_ed_visits_covid,202242,202551,165,1.98,,,state,nssp
156,ct,pct_ed_visits_covid,202242,202551,165,2.76,,,state,nssp
157,dc,pct_ed_visits_covid,202242,202551,165,1.6,,,state,nssp
158,de,pct_ed_visits_covid,202242,202551,165,1.74,,,state,nssp
159,fl,pct_ed_visits_covid,202242,202551,165,1.07,,,state,nssp
160,ga,pct_ed_visits_covid,202242,202551,165,0.47,,,state,nssp
161,hi,pct_ed_visits_covid,202242,202551,165,2.79,,,state,nssp
162,ia,pct_ed_visits_covid,202242,202551,165,2.61,,,state,nssp
163,id,pct_ed_visits_covid,202242,202551,165,1.99,,,state,nssp
164,il,pct_ed_visits_covid,202242,202551,165,2.24,,,state,nssp
165,in,pct_ed_visits_covid,202242,202551,165,1.9,,,state,nssp
166,ks,pct_ed_visits_covid,202242,202551,165,1.51,,,state,nssp
167,ky,pct_ed_visits_covid,202242,202551,165,1.63,,,state,nssp
168,la,pct_ed_visits_covid,202242,202551,165,0.8,,,state,nssp
169,ma,pct_ed_visits_covid,202242,202551,165,2.6,,,state,nssp
170,md,pct_ed_visits_covid,202242,202551,165,1.93,,,state,nssp
171,me,pct_ed_visits_covid,202242,202551,165,3.8,,,state,nssp
172,mi,pct_ed_visits_covid,202242,202551,165,2.96,,,state,nssp
173,mn,pct_ed_visits_covid,202242,202551,165,2.48,,,state,nssp
174,ms,pct_ed_visits_covid,202242,202551,165,0.74,,,state,nssp
175,mt,pct_ed_visits_covid,202242,202551,165,2.39,,,state,nssp
176,nc,pct_ed_visits_covid,202242,202551,165,1.72,,,state,nssp
177,nd,pct_ed_visits_covid,202242,202551,165,2.44,,,state,nssp
178,ne,pct_ed_visits_covid,202242,202551,165,1.17,,,state,nssp
179,nh,pct_ed_visits_covid,202242,202551,165,2.8,,,state,nssp
180,nj,pct_ed_visits_covid,202242,202551,165,2.35,,,state,nssp
181,nm,pct_ed_visits_covid,202242,202551,165,3.31,,,state,nssp
182,nv,pct_ed_visits_covid,202242,202551,165,1.69,,,state,nssp
183,ny,pct_ed_visits_covid,202242,202551,165,2.06,,,state,nssp
184,oh,pct_ed_visits_covid,202242,202551,165,1.81,,,state,nssp
185,ok,pct_ed_visits_covid,202242,202551,165,1.25,,,state,nssp
186,or,pct_ed_visits_covid,202242,202551,165,1.78,,,state,nssp
187,pa,pct_ed_visits_covid,202242,202551,165,1.94,,,state,nssp
188,ri,pct_ed_visits_covid,202242,202551,165,1.86,,,state,nssp
189,sc,pct_ed_visits_covid,202242,202551,165,1.02,,,state,nssp
190,sd,pct_ed_visits_covid,202242,202551,165,1.28,,,state,nssp
191,tn,pct_ed_visits_covid,202242,202551,165,1.25,,,state,nssp
192,tx,pct_ed_visits_covid,202242,202551,165,0.63,,,state,nssp
193,ut,pct_ed_visits_covid,202242,202551,165,1.91,,,state,nssp
194,va,pct_ed_visits_covid,202242,202551,165,1.78,,,state,nssp
195,vt,pct_ed_visits_covid,202242,202551,165,4.05,,,state,nssp
196,wa,pct_ed_visits_covid,202242,202551,165,1.73,,,state,nssp
197,wi,pct_ed_visits_covid,202242,202551,165,2.27,,,state,nssp
198,wv,pct_ed_visits_covid,202242,202551,165,1.97,,,state,nssp
199,wy,pct_ed_visits_covid,202242,202551,165,2.63,,,state,nssp
200,ak,pct_ed_visits_covid,202243,202551,164,1.12,,,state,nssp
201,al,pct_ed_visits_covid,202243,202551,164,0.99,,,state,nssp
202,ar,pct_ed_visits_covid,202243,202551,164,0.81,,,state,nssp
203,az,pct_ed_visits_covid,202243,202551,164,2.0,,,state,nssp
204,ca,pct_ed_visits_covid,202243,202551,164,1.12,,,state,nssp
205,co,pct_ed_visits_covid,202243,202551,164,2.16,,,state,nssp
206,ct,pct_ed_visits_covid,202243,202551,164,2.69,,,state,nssp
207,dc,pct_ed_visits_covid,202243,202551,164,1.67,,,state,nssp
208,de,pct_ed_visits_covid,202243,202551,164,1.81,,,state,nssp
209,fl,pct_ed_visits_covid,202243,202551,164,1.17,,,state,nssp
210,ga,pct_ed_visits_covid,202243,202551,164,0.55,,,state,nssp
211,hi,pct_ed_visits_covid,202243,202551,164,2.27,,,state,nssp
212,ia,pct_ed_visits_covid,202243,202551,164,2.54,,,state,nssp
213,id,pct_ed_visits_covid,202243,202551,164,1.75,,,state,nssp
214,il,pct_ed_visits_covid,202243,202551,164,2.38,,,state,nssp
215,in,pct_ed_visits_covid,202243,202551,164,1.9,,,state,nssp
216,ks,pct_ed_visits_covid,202243,202551,164,1.81,,,state,nssp
217,ky,pct_ed_visits_covid,202243,202551,164,2.0,,,state,nssp
218,la,pct_ed_visits_covid,202243,202551,164,0.79,,,state,nssp
219,ma,pct_ed_visits_covid,202243,202551,164,2.45,,,state,nssp
220,md,pct_ed_visits_covid,202243,202551,164,2.04,,,state,nssp
221,me,pct_ed_visits_covid,202243,202551,164,3.02,,,state,nssp
222,mi,pct_ed_visits_covid,202243,202551,164,2.81,,,state,nssp
223,mn,pct_ed_visits_covid,202243,202551,164,2.34,,,state,nssp
224,ms,pct_ed_visits_covid,202243,202551,164,0.73,,,state,nssp
225,mt,pct_ed_visits_covid,202243,202551,164,2.03,,,state,nssp
226,nc,pct_ed_visits_covid,202243,202551,164,1.71,,,state,nssp
227,nd,pct_ed_visits_covid,202243,202551,164,2.73,,,state,nssp
228,ne,pct_ed_visits_covid,202243,202551,164,1.42,,,state,nssp
229,nh,pct_ed_visits_covid,202243,202551,164,2.69,,,state,nssp
230,nj,pct_ed_visits_covid,202243,202551,164,2.36,,,state,nssp
231,nm,pct_ed_visits_covid,202243,202551,164,3.68,,,state,nssp
232,nv,pct_ed_visits_covid,202243,202551,164,1.67,,,state,nssp
233,ny,pct_ed_visits_covid,202243,202551,164,2.12,,,state,nssp
234,oh,pct_ed_visits_covid,202243,202551,164,2.12,,,state,nssp
235,ok,pct_ed_visits_covid,202243,202551,164,1.17,,,state,nssp
236,or,pct_ed_visits_covid,202243,202551,164,1.72,,,state,nssp
237,pa,pct_ed_visits_covid,202243,202551,164,1.95,,,state,nssp
238,ri,pct_ed_visits_covid,202243,202551,164,1.85,,,state,nssp
239,sc,pct_ed_visits_covid,202243,202551,164,1.32,,,state,nssp
240,sd,pct_ed_visits_covid,202243,202551,164,1.89,,,state,nssp
241,tn,pct_ed_visits_covid,202243,202551,164,1.32,,,state,nssp
242,tx,pct_ed_visits_covid,202243,202551,164,0.7,,,state,nssp
243,ut,pct_ed_visits_covid,202243,202551,164,2.39,,,state,nssp
244,va,pct_ed_visits_covid,202243,202551,164,1.95,,,state,nssp
245,vt,pct_ed_visits_covid,202243,202551,164,3.18,,,state,nssp
246,wa,pct_ed_visits_covid,202243,202551,164,1.81,,,state,nssp
247,wi,pct_ed_visits_covid,202243,202551,164,2.32,,,state,nssp
248,wv,pct_ed_visits_covid,202243,202551,164,1.8,,,state,nssp
249,wy,pct_ed_visits_covid,202243,202551,164,2.56,,,state,nssp
250,ak,pct_ed_visits_covid,202244,202551,163,1.7,,,state,nssp
251,al,pct_ed_visits_covid,202244,202551,163,1.05,,,state,nssp
252,ar,pct_ed_visits_covid,202244,202551,163,0.97,,,state,nssp
253,az,pct_ed_visits_covid,202244,202551,163,2.9,,,state,nssp
254,ca,pct_ed_visits_covid,202244,202551,163,1.3,,,state,nssp
255,co,pct_ed_visits_covid,202244,202551,163,2.84,,,state,nssp
256,ct,pct_ed_visits_covid,202244,202551,163,2.56,,,state,nssp
257,dc,pct_ed_visits_covid,202244,202551,163,1.93,,,state,nssp
258,de,pct_ed_visits_covid,202244,202551,163,1.69,,,state,nssp
259,fl,pct_ed_visits_covid,202244,202551,163,1.21,,,state,nssp
260,ga,pct_ed_visits_covid,202244,202551,163,0.6,,,state,nssp
261,hi,pct_ed_visits_covid,202244,202551,163,1.84,,,state,nssp
262,ia,pct_ed_visits_covid,202244,202551,163,2.66,,,state,nssp
263,id,pct_ed_visits_covid,202244,202551,163,2.03,,,state,nssp
264,il,pct_ed_visits_covid,202244,202551,163,2.42,,,state,nssp
265,in,pct_ed_visits_covid,202244,202551,163,2.14,,,state,nssp
266,ks,pct_ed_visits_covid,202244,202551,163,1.85,,,state,nssp
267,ky,pct_ed_visits_covid,202244,202551,163,1.87,,,state,nssp
268,la,pct_ed_visits_covid,202244,202551,163,0.95,,,state,nssp
269,ma,pct_ed_visits_covid,202244,202551,163,2.24,,,state,nssp
270,md,pct_ed_visits_covid,202244,202551,163,2.13,,,state,nssp
271,me,pct_ed_visits_covid,202244,202551,163,2.32,,,state,nssp
272,mi,pct_ed_visits_covid,202244,202551,163,2.68,,,state,nssp
273,mn,pct_ed_visits_covid,202244,202551,163,2.47,,,state,nssp
274,ms,pct_ed_visits_covid,202244,202551,163,0.79,,,state,nssp
275,mt,pct_ed_visits_covid,202244,202551,163,2.37,,,state,nssp
276,nc,pct_ed_visits_covid,202244,202551,163,1.69,,,state,nssp
277,nd,pct_ed_visits_covid,202244,202551,163,3.24,,,state,nssp
278,ne,pct_ed_visits_covid,202244,202551,163,1.89,,,state,nssp
279,nh,pct_ed_visits_covid,202244,202551,163,2.25,,,state,nssp
280,nj,pct_ed_visits_covid,202244,202551,163,2.29,,,state,nssp
281,nm,pct_ed_visits_covid,202244,202551,163,4.42,,,state,nssp
282,nv,pct_ed_visits_covid,202244,202551,163,1.95,,,state,nssp
283,ny,pct_ed_visits_covid,202244,202551,163,2.1,,,state,nssp
284,oh,pct_ed_visits_covid,202244,202551,163,2.05,,,state,nssp
285,ok,pct_ed_visits_covid,202244,202551,163,1.07,,,state,nssp
286,or,pct_ed_visits_covid,202244,202551,163,1.84,,,state,nssp
287,pa,pct_ed_visits_covid,202244,202551,163,1.99,,,state,nssp
288,ri,pct_ed_visits_covid,202244,202551,163,1.71,,,state,nssp
289,sc,pct_ed_visits_covid,202244,202551,163,1.25,,,state,nssp
290,sd,pct_ed_visits_covid,202244,202551,163,2.04,,,state,nssp
291,tn,pct_ed_visits_covid,202244,202551,163,1.42,,,state,nssp
292,tx,pct_ed_visits_covid,202244,202551,163,0.76,,,state,nssp
293,ut,pct_ed_visits_covid,202244,202551,163,2.63,,,state,nssp
294,va,pct_ed_visits_covid,202244,202551,163,1.77,,,state,nssp
295,vt,pct_ed_visits_covid,202244,202551,163,2.56,,,state,nssp
296,wa,pct_ed_visits_covid,202244,202551,163,1.74,,,state,nssp
297,wi,pct_ed_visits_covid,202244,202551,163,2.15,,,state,nssp
298,wv,pct_ed_visits_covid,202244,202551,163,1.82,,,state,nssp
299,wy,pct_ed_visits_covid,202244,202551,163,2.99,,,state,nssp
300,ak,pct_ed_visits_covid,202245,202551,162,1.63,,,state,nssp
301,al,pct_ed_visits_covid,202245,202551,162,0.97,,,state,nssp
302,ar,pct_ed_visits_covid,202245,202551,162,0.95,,,state,nssp
303,az,pct_ed_visits_covid,202245,202551,162,3.92,,,state,nssp
304,ca,pct_ed_visits_covid,202245,202551,162,1.56,,,state,nssp
305,co,pct_ed_visits_covid,202245,202551,162,3.13,,,state,nssp
306,ct,pct_ed_visits_covid,202245,202551,162,2.31,,,state,nssp
307,dc,pct_ed_visits_covid,202245,202551,162,1.7,,,state,nssp
308,de,pct_ed_visits_covid,202245,202551,162,1.65,,,state,nssp
309,fl,pct_ed_visits_covid,202245,202551,162,1.23,,,state,nssp
310,ga,pct_ed_visits_covid,202245,202551,162,0.67,,,state,nssp
311,hi,pct_ed_visits_covid,202245,202551,162,2.17,,,state,nssp
312,ia,pct_ed_visits_covid,202245,202551,162,2.36,,,state,nssp
313,id,pct_ed_visits_covid,202245,202551,162,2.18,,,state,nssp
314,il,pct_ed_visits_covid,202245,202551,162,2.29,,,state,nssp
315,in,pct_ed_visits_covid,202245,202551,162,2.07,,,state,nssp
316,ks,pct_ed_visits_covid,202245,202551,162,2.01,,,state,nssp
317,ky,pct_ed_visits_covid,202245,202551,162,1.83,,,state,nssp
318,la,pct_ed_visits_covid,202245,202551,162,0.9,,,state,nssp
319,ma,pct_ed_visits_covid,202245,202551,162,2.15,,,state,nssp
320,md,pct_ed_visits_covid,202245,202551,162,2.06,,,state,nssp
321,me,pct_ed_visits_covid,202245,202551,162,1.97,,,state,nssp
322,mi,pct_ed_visits_covid,202245,202551,162,2.34,,,state,nssp
323,mn,pct_ed_visits_covid,202245,202551,162,2.37,,,state,nssp
324,ms,pct_ed_visits_covid,202245,202551,162,0.73,,,state,nssp
325,mt,pct_ed_visits_covid,202245,202551,162,2.14,,,state,nssp
326,nc,pct_ed_visits_covid,202245,202551,162,1.55,,,state,nssp
327,nd,pct_ed_visits_covid,202245,202551,162,2.99,,,state,nssp
328,ne,pct_ed_visits_covid,202245,202551,162,2.06,,,state,nssp
329,nh,pct_ed_visits_covid,202245,202551,162,1.96,,,state,nssp
330,nj,pct_ed_visits_covid,202245,202551,162,2.15,,,state,nssp
331,nm,pct_ed_visits_covid,202245,202551,162,4.6,,,state,nssp
332,nv,pct_ed_visits_covid,202245,202551,162,2.14,,,state,nssp
333,ny,pct_ed_visits_covid,202245,202551,162,2.08,,,state,nssp
334,oh,pct_ed_visits_covid,202245,202551,162,1.84,,,state,nssp
335,ok,pct_ed_visits_covid,202245,202551,162,1.14,,,state,nssp
336,or,pct_ed_visits_covid,202245,202551,162,2.02,,,state,nssp
337,pa,pct_ed_visits_covid,202245,202551,162,1.85,,,state,nssp
338,ri,pct_ed_visits_covid,202245,202551,162,1.58,,,state,nssp
339,sc,pct_ed_visits_covid,202245,202551,162,1.16,,,state,nssp
340,sd,pct_ed_visits_covid,202245,202551,162,2.02,,,state,nssp
341,tn,pct_ed_visits_covid,202245,202551,162,1.28,,,state,nssp
342,tx,pct_ed_visits_covid,202245,202551,162,0.79,,,state,nssp
343,ut,pct_ed_visits_covid,202245,202551,162,3.32,,,state,nssp
344,va,pct_ed_visits_covid,202245,202551,162,1.56,,,state,nssp
345,vt,pct_ed_visits_covid,202245,202551,162,2.42,,,state,nssp
346,wa,pct_ed_visits_covid,202245,202551,162,1.86,,,state,nssp
347,wi,pct_ed_visits_covid,202245,202551,162,1.83,,,state,nssp
348,wv,pct_ed_visits_covid,202245,202551,162,1.77,,,state,nssp
349,wy,pct_ed_visits_covid,202245,202551,162,2.4,,,state,nssp
350,ak,pct_ed_visits_covid,202246,202551,161,1.56,,,state,nssp
351,al,pct_ed_visits_covid,202246,202551,161,0.98,,,state,nssp
352,ar,pct_ed_visits_covid,202246,202551,161,0.79,,,state,nssp
353,az,pct_ed_visits_covid,202246,202551,161,4.9,,,state,nssp
354,ca,pct_ed_visits_covid,202246,202551,161,1.79,,,state,nssp
355,co,pct_ed_visits_covid,202246,202551,161,3.47,,,state,nssp
356,ct,pct_ed_visits_covid,202246,202551,161,2.2,,,state,nssp
357,dc,pct_ed_visits_covid,202246,202551,161,2.09,,,state,nssp
358,de,pct_ed_visits_covid,202246,202551,161,1.33,,,state,nssp
359,fl,pct_ed_visits_covid,202246,202551,161,1.24,,,state,nssp
360,ga,pct_ed_visits_covid,202246,202551,161,0.64,,,state,nssp
361,hi,pct_ed_visits_covid,202246,202551,161,2.19,,,state,nssp
362,ia,pct_ed_visits_covid,202246,202551,161,2.76,,,state,nssp
363,id,pct_ed_visits_covid,202246,202551,161,2.35,,,state,nssp
364,il,pct_ed_visits_covid,202246,202551,161,2.41,,,state,nssp
365,in,pct_ed_visits_covid,202246,202551,161,2.07,,,state,nssp
366,ks,pct_ed_visits_covid,202246,202551,161,1.95,,,state,nssp
367,ky,pct_ed_visits_covid,202246,202551,161,1.65,,,state,nssp
368,la,pct_ed_visits_covid,202246,202551,161,0.94,,,state,nssp
369,ma,pct_ed_visits_covid,202246,202551,161,2.06,,,state,nssp
370,md,pct_ed_visits_covid,202246,202551,161,1.96,,,state,nssp
371,me,pct_ed_visits_covid,202246,202551,161,1.63,,,state,nssp
372,mi,pct_ed_visits_covid,202246,202551,161,2.31,,,state,nssp
373,mn,pct_ed_visits_covid,202246,202551,161,2.66,,,state,nssp
374,ms,pct_ed_visits_covid,202246,202551,161,0.87,,,state,nssp
375,mt,pct_ed_visits_covid,202246,202551,161,2.27,,,state,nssp
376,nc,pct_ed_visits_covid,202246,202551,161,1.43,,,state,nssp
377,nd,pct_ed_visits_covid,202246,202551,161,2.6,,,state,nssp
378,ne,pct_ed_visits_covid,202246,202551,161,2.34,,,state,nssp
379,nh,pct_ed_visits_covid,202246,202551,161,1.57,,,state,nssp
380,nj,pct_ed_visits_covid,202246,202551,161,1.96,,,state,nssp
381,nm,pct_ed_visits_covid,202246,202551,161,5.09,,,state,nssp
382,nv,pct_ed_visits_covid,202246,202551,161,2.48,,,state,nssp
383,ny,pct_ed_visits_covid,202246,202551,161,2.01,,,state,nssp
384,oh,pct_ed_visits_covid,202246,202551,161,1.91,,,state,nssp
385,ok,pct_ed_visits_covid,202246,202551,161,1.29,,,state,nssp
386,or,pct_ed_visits_covid,202246,202551,161,2.17,,,state,nssp
387,pa,pct_ed_visits_covid,202246,202551,161,1.57,,,state,nssp
388,ri,pct_ed_visits_covid,202246,202551,161,1.64,,,state,nssp
389,sc,pct_ed_visits_covid,202246,202551,161,1.17,,,state,nssp
390,sd,pct_ed_visits_covid,202246,202551,161,1.78,,,state,nssp
391,tn,pct_ed_visits_covid,202246,202551,161,1.27,,,state,nssp
392,tx,pct_ed_visits_covid,202246,202551,161,1.02,,,state,nssp
393,ut,pct_ed_visits_covid,202246,202551,161,3.66,,,state,nssp
394,va,pct_ed_visits_covid,202246,202551,161,1.68,,,state,nssp
395,vt,pct_ed_visits_covid,202246,202551,161,1.81,,,state,nssp
396,wa,pct_ed_visits_covid,202246,202551,161,2.02,,,state,nssp
397,wi,pct_ed_visits_covid,202246,202551,161,1.77,,,state,nssp
398,wv,pct_ed_visits_covid,202246,202551,161,1.6,,,state,nssp
399,wy,pct_ed_visits_covid,202246,202551,161,3.5,,,state,nssp
400,ak,pct_ed_visits_covid,202247,202551,160,1.78,,,state,nssp
401,al,pct_ed_visits_covid,202247,202551,160,1.45,,,state,nssp
402,ar,pct_ed_visits_covid,202247,202551,160,1.42,,,state,nssp
403,az,pct_ed_visits_covid,202247,202551,160,6.12,,,state,nssp
404,ca,pct_ed_visits_covid,202247,202551,160,2.6,,,state,nssp
405,co,pct_ed_visits_covid,202247,202551,160,3.72,,,state,nssp
406,ct,pct_ed_visits_covid,202247,202551,160,2.52,,,state,nssp
407,dc,pct_ed_visits_covid,202247,202551,160,2.51,,,state,nssp
408,de,pct_ed_visits_covid,202247,202551,160,2.12,,,state,nssp
409,fl,pct_ed_visits_covid,202247,202551,160,1.59,,,state,nssp
410,ga,pct_ed_visits_covid,202247,202551,160,1.07,,,state,nssp
411,hi,pct_ed_visits_covid,202247,202551,160,2.2,,,state,nssp
412,ia,pct_ed_visits_covid,202247,202551,160,2.88,,,state,nssp
413,id,pct_ed_visits_covid,202247,202551,160,3.24,,,state,nssp
414,il,pct_ed_visits_covid,202247,202551,160,3.02,,,state,nssp
415,in,pct_ed_visits_covid,202247,202551,160,2.8,,,state,nssp
416,ks,pct_ed_visits_covid,202247,202551,160,2.4,,,state,nssp
417,ky,pct_ed_visits_covid,202247,202551,160,2.24,,,state,nssp
418,la,pct_ed_visits_covid,202247,202551,160,1.76,,,state,nssp
419,ma,pct_ed_visits_covid,202247,202551,160,2.52,,,state,nssp
420,md,pct_ed_visits_covid,202247,202551,160,2.24,,,state,nssp
421,me,pct_ed_visits_covid,202247,202551,160,1.93,,,state,nssp
422,mi,pct_ed_visits_covid,202247,202551,160,2.51,,,state,nssp
423,mn,pct_ed_visits_covid,202247,202551,160,2.13,,,state,nssp
424,ms,pct_ed_visits_covid,202247,202551,160,1.43,,,state,nssp
425,mt,pct_ed_visits_covid,202247,202551,160,2.66,,,state,nssp
426,nc,pct_ed_visits_covid,202247,202551,160,1.87,,,state,nssp
427,nd,pct_ed_visits_covid,202247,202551,160,3.61,,,state,nssp
428,ne,pct_ed_visits_covid,202247,202551,160,3.11,,,state,nssp
429,nh,pct_ed_visits_covid,202247,202551,160,1.78,,,state,nssp
430,nj,pct_ed_visits_covid,202247,202551,160,2.21,,,state,nssp
431,nm,pct_ed_visits_covid,202247,202551,160,5.46,,,state,nssp
432,nv,pct_ed_visits_covid,202247,202551,160,2.97,,,state,nssp
433,ny,pct_ed_visits_covid,202247,202551,160,2.41,,,state,nssp
434,oh,pct_ed_visits_covid,202247,202551,160,2.34,,,state,nssp
435,ok,pct_ed_visits_covid,202247,202551,160,2.11,,,state,nssp
436,or,pct_ed_visits_covid,202247,202551,160,2.78,,,state,nssp
437,pa,pct_ed_visits_covid,202247,202551,160,1.85,,,state,nssp
438,ri,pct_ed_visits_covid,202247,202551,160,1.97,,,state,nssp
439,sc,pct_ed_visits_covid,202247,202551,160,1.67,,,state,nssp
440,sd,pct_ed_visits_covid,202247,202551,160,1.95,,,state,nssp
441,tn,pct_ed_visits_covid,202247,202551,160,1.75,,,state,nssp
442,tx,pct_ed_visits_covid,202247,202551,160,1.7,,,state,nssp
443,ut,pct_ed_visits_covid,202247,202551,160,3.99,,,state,nssp
444,va,pct_ed_visits_covid,202247,202551,160,2.1,,,state,nssp
445,vt,pct_ed_visits_covid,202247,202551,160,2.13,,,state,nssp
446,wa,pct_ed_visits_covid,202247,202551,160,2.65,,,state,nssp
447,wi,pct_ed_visits_covid,202247,202551,160,2.29,,,state,nssp
448,wv,pct_ed_visits_covid,202247,202551,160,1.91,,,state,nssp
449,wy,pct_ed_visits_covid,202247,202551,160,4.02,,,state,nssp
450,ak,pct_ed_visits_covid,202248,202551,159,1.43,,,state,nssp
451,al,pct_ed_visits_covid,202248,202551,159,2.13,,,state,nssp
452,ar,pct_ed_visits_covid,202248,202551,159,1.76,,,state,nssp
453,az,pct_ed_visits_covid,202248,202551,159,5.8,,,state,nssp
454,ca,pct_ed_visits_covid,202248,202551,159,3.2,,,state,nssp
455,co,pct_ed_visits_covid,202248,202551,159,3.53,,,state,nssp
456,ct,pct_ed_visits_covid,202248,202551,159,3.21,,,state,nssp
457,dc,pct_ed_visits_covid,202248,202551,159,2.58,,,state,nssp
458,de,pct_ed_visits_covid,202248,202551,159,2.27,,,state,nssp
459,fl,pct_ed_visits_covid,202248,202551,159,1.91,,,state,nssp
460,ga,pct_ed_visits_covid,202248,202551,159,1.34,,,state,nssp
461,hi,pct_ed_visits_covid,202248,202551,159,2.27,,,state,nssp
462,ia,pct_ed_visits_covid,202248,202551,159,3.58,,,state,nssp
463,id,pct_ed_visits_covid,202248,202551,159,3.05,,,state,nssp
464,il,pct_ed_visits_covid,202248,202551,159,3.61,,,state,nssp
465,in,pct_ed_visits_covid,202248,202551,159,3.52,,,state,nssp
466,ks,pct_ed_visits_covid,202248,202551,159,2.89,,,state,nssp
467,ky,pct_ed_visits_covid,202248,202551,159,2.33,,,state,nssp
468,la,pct_ed_visits_covid,202248,202551,159,1.95,,,state,nssp
469,ma,pct_ed_visits_covid,202248,202551,159,3.1,,,state,nssp
470,md,pct_ed_visits_covid,202248,202551,159,2.92,,,state,nssp
471,me,pct_ed_visits_covid,202248,202551,159,2.08,,,state,nssp
472,mi,pct_ed_visits_covid,202248,202551,159,2.98,,,state,nssp
473,mn,pct_ed_visits_covid,202248,202551,159,2.6,,,state,nssp
474,ms,pct_ed_visits_covid,202248,202551,159,2.04,,,state,nssp
475,mt,pct_ed_visits_covid,202248,202551,159,2.61,,,state,nssp
476,nc,pct_ed_visits_covid,202248,202551,159,2.23,,,state,nssp
477,nd,pct_ed_visits_covid,202248,202551,159,3.87,,,state,nssp
478,ne,pct_ed_visits_covid,202248,202551,159,3.62,,,state,nssp
479,nh,pct_ed_visits_covid,202248,202551,159,2.16,,,state,nssp
480,nj,pct_ed_visits_covid,202248,202551,159,2.66,,,state,nssp
481,nm,pct_ed_visits_covid,202248,202551,159,4.56,,,state,nssp
482,nv,pct_ed_visits_covid,202248,202551,159,2.87,,,state,nssp
483,ny,pct_ed_visits_covid,202248,202551,159,2.68,,,state,nssp
484,oh,pct_ed_visits_covid,202248,202551,159,2.85,,,state,nssp
485,ok,pct_ed_visits_covid,202248,202551,159,2.66,,,state,nssp
486,or,pct_ed_visits_covid,202248,202551,159,2.97,,,state,nssp
487,pa,pct_ed_visits_covid,202248,202551,159,2.14,,,state,nssp
488,ri,pct_ed_visits_covid,202248,202551,159,2.42,,,state,nssp
489,sc,pct_ed_visits_covid,202248,202551,159,2.49,,,state,nssp
490,sd,pct_ed_visits_covid,202248,202551,159,1.66,,,state,nssp
491,tn,pct_ed_visits_covid,202248,202551,159,2.14,,,state,nssp
492,tx,pct_ed_visits_covid,202248,202551,159,2.1,,,state,nssp
493,ut,pct_ed_visits_covid,202248,202551,159,4.57,,,state,nssp
494,va,pct_ed_visits_covid,202248,202551,159,2.67,,,state,nssp
495,vt,pct_ed_visits_covid,202248,202551,159,2.84,,,state,nssp
496,wa,pct_ed_visits_covid,202248,202551,159,2.84,,,state,nssp
497,wi,pct_ed_visits_covid,202248,202551,159,2.38,,,state,nssp
498,wv,pct_ed_visits_covid,202248,202551,159,1.86,,,state,nssp
499,wy,pct_ed_visits_covid,202248,202551,159,3.43,,,state,nssp
500,ak,pct_ed_visits_covid,202249,202551,158,1.67,,,state,nssp
501,al,pct_ed_visits_covid,202249,202551,158,2.35,,,state,nssp
502,ar,pct_ed_visits_covid,202249,202551,158,1.91,,,state,nssp
503,az,pct_ed_visits_covid,202249,202551,158,5.14,,,state,nssp
504,ca,pct_ed_visits_covid,202249,202551,158,3.08,,,state,nssp
505,co,pct_ed_visits_covid,202249,202551,158,3.05,,,state,nssp
506,ct,pct_ed_visits_covid,202249,202551,158,3.36,,,state,nssp
507,dc,pct_ed_visits_covid,202249,202551,158,3.34,,,state,nssp
508,de,pct_ed_visits_covid,202249,202551,158,2.47,,,state,nssp
509,fl,pct_ed_visits_covid,202249,202551,158,2.08,,,state,nssp
510,ga,pct_ed_visits_covid,202249,202551,158,1.67,,,state,nssp
511,hi,pct_ed_visits_covid,202249,202551,158,2.76,,,state,nssp
512,ia,pct_ed_visits_covid,202249,202551,158,3.33,,,state,nssp
513,id,pct_ed_visits_covid,202249,202551,158,2.53,,,state,nssp
514,il,pct_ed_visits_covid,202249,202551,158,3.75,,,state,nssp
515,in,pct_ed_visits_covid,202249,202551,158,3.63,,,state,nssp
516,ks,pct_ed_visits_covid,202249,202551,158,2.98,,,state,nssp
517,ky,pct_ed_visits_covid,202249,202551,158,2.46,,,state,nssp
518,la,pct_ed_visits_covid,202249,202551,158,2.09,,,state,nssp
519,ma,pct_ed_visits_covid,202249,202551,158,3.47,,,state,nssp
520,md,pct_ed_visits_covid,202249,202551,158,3.28,,,state,nssp
521,me,pct_ed_visits_covid,202249,202551,158,2.18,,,state,nssp
522,mi,pct_ed_visits_covid,202249,202551,158,3.07,,,state,nssp
523,mn,pct_ed_visits_covid,202249,202551,158,2.73,,,state,nssp
524,ms,pct_ed_visits_covid,202249,202551,158,2.13,,,state,nssp
525,mt,pct_ed_visits_covid,202249,202551,158,2.85,,,state,nssp
526,nc,pct_ed_visits_covid,202249,202551,158,2.86,,,state,nssp
527,nd,pct_ed_visits_covid,202249,202551,158,3.25,,,state,nssp
528,ne,pct_ed_visits_covid,202249,202551,158,3.13,,,state,nssp
529,nh,pct_ed_visits_covid,202249,202551,158,2.2,,,state,nssp
530,nj,pct_ed_visits_covid,202249,202551,158,3.01,,,state,nssp
531,nm,pct_ed_visits_covid,202249,202551,158,4.07,,,state,nssp
532,nv,pct_ed_visits_covid,202249,202551,158,2.62,,,state,nssp
533,ny,pct_ed_visits_covid,202249,202551,158,2.77,,,state,nssp
534,oh,pct_ed_visits_covid,202249,202551,158,2.93,,,state,nssp
535,ok,pct_ed_visits_covid,202249,202551,158,2.91,,,state,nssp
536,or,pct_ed_visits_covid,202249,202551,158,2.87,,,state,nssp
537,pa,pct_ed_visits_covid,202249,202551,158,2.26,,,state,nssp
538,ri,pct_ed_visits_covid,202249,202551,158,2.61,,,state,nssp
539,sc,pct_ed_visits_covid,202249,202551,158,2.91,,,state,nssp
540,sd,pct_ed_visits_covid,202249,202551,158,1.62,,,state,nssp
541,tn,pct_ed_visits_covid,202249,202551,158,2.52,,,state,nssp
542,tx,pct_ed_visits_covid,202249,202551,158,2.39,,,state,nssp
543,ut,pct_ed_visits_covid,202249,202551,158,3.82,,,state,nssp
544,va,pct_ed_visits_covid,202249,202551,158,3.07,,,state,nssp
545,vt,pct_ed_visits_covid,202249,202551,158,2.48,,,state,nssp
546,wa,pct_ed_visits_covid,202249,202551,158,2.79,,,state,nssp
547,wi,pct_ed_visits_covid,202249,202551,158,2.44,,,state,nssp
548,wv,pct_ed_visits_covid,202249,202551,158,2.52,,,state,nssp
549,wy,pct_ed_visits_covid,202249,202551,158,2.85,,,state,nssp
550,ak,pct_ed_visits_covid,202250,202551,157,2.34,,,state,nssp
551,al,pct_ed_visits_covid,202250,202551,157,2.77,,,state,nssp
552,ar,pct_ed_visits_covid,202250,202551,157,2.19,,,state,nssp
553,az,pct_ed_visits_covid,202250,202551,157,4.13,,,state,nssp
554,ca,pct_ed_visits_covid,202250,202551,157,3.05,,,state,nssp
555,co,pct_ed_visits_covid,202250,202551,157,2.58,,,state,nssp
556,ct,pct_ed_visits_covid,202250,202551,157,3.82,,,state,nssp
557,dc,pct_ed_visits_covid,202250,202551,157,3.86,,,state,nssp
558,de,pct_ed_visits_covid,202250,202551,157,2.97,,,state,nssp
559,fl,pct_ed_visits_covid,202250,202551,157,2.41,,,state,nssp
560,ga,pct_ed_visits_covid,202250,202551,157,1.84,,,state,nssp
561,hi,pct_ed_visits_covid,202250,202551,157,2.47,,,state,nssp
562,ia,pct_ed_visits_covid,202250,202551,157,3.34,,,state,nssp
563,id,pct_ed_visits_covid,202250,202551,157,2.3,,,state,nssp
564,il,pct_ed_visits_covid,202250,202551,157,4.06,,,state,nssp
565,in,pct_ed_visits_covid,202250,202551,157,3.86,,,state,nssp
566,ks,pct_ed_visits_covid,202250,202551,157,3.12,,,state,nssp
567,ky,pct_ed_visits_covid,202250,202551,157,2.72,,,state,nssp
568,la,pct_ed_visits_covid,202250,202551,157,2.19,,,state,nssp
569,ma,pct_ed_visits_covid,202250,202551,157,3.86,,,state,nssp
570,md,pct_ed_visits_covid,202250,202551,157,3.82,,,state,nssp
571,me,pct_ed_visits_covid,202250,202551,157,2.14,,,state,nssp
572,mi,pct_ed_visits_covid,202250,202551,157,3.39,,,state,nssp
573,mn,pct_ed_visits_covid,202250,202551,157,2.74,,,state,nssp
574,ms,pct_ed_visits_covid,202250,202551,157,2.57,,,state,nssp
575,mt,pct_ed_visits_covid,202250,202551,157,2.84,,,state,nssp
576,nc,pct_ed_visits_covid,202250,202551,157,3.61,,,state,nssp
577,nd,pct_ed_visits_covid,202250,202551,157,3.58,,,state,nssp
578,ne,pct_ed_visits_covid,202250,202551,157,3.01,,,state,nssp
579,nh,pct_ed_visits_covid,202250,202551,157,2.77,,,state,nssp
580,nj,pct_ed_visits_covid,202250,202551,157,3.16,,,state,nssp
581,nm,pct_ed_visits_covid,202250,202551,157,3.41,,,state,nssp
582,nv,pct_ed_visits_covid,202250,202551,157,2.27,,,state,nssp
583,ny,pct_ed_visits_covid,202250,202551,157,2.84,,,state,nssp
584,oh,pct_ed_visits_covid,202250,202551,157,3.1,,,state,nssp
585,ok,pct_ed_visits_covid,202250,202551,157,3.14,,,state,nssp
586,or,pct_ed_visits_covid,202250,202551,157,2.6,,,state,nssp
587,pa,pct_ed_visits_covid,202250,202551,157,2.49,,,state,nssp
588,ri,pct_ed_visits_covid,202250,202551,157,2.61,,,state,nssp
589,sc,pct_ed_visits_covid,202250,202551,157,3.59,,,state,nssp
590,sd,pct_ed_visits_covid,202250,202551,157,1.58,,,state,nssp
591,tn,pct_ed_visits_covid,202250,202551,157,2.7,,,state,nssp
592,tx,pct_ed_visits_covid,202250,202551,157,2.52,,,state,nssp
593,ut,pct_ed_visits_covid,202250,202551,157,3.38,,,state,nssp
594,va,pct_ed_visits_covid,202250,202551,157,3.75,,,state,nssp
595,vt,pct_ed_visits_covid,202250,202551,157,2.68,,,state,nssp
596,wa,pct_ed_visits_covid,202250,202551,157,2.83,,,state,nssp
597,wi,pct_ed_visits_covid,202250,202551,157,2.67,,,state,nssp
598,wv,pct_ed_visits_covid,202250,202551,157,2.92,,,state,nssp
599,wy,pct_ed_visits_covid,202250,202551,157,2.36,,,state,nssp
600,ak,pct_ed_visits_covid,202251,202551,156,1.76,,,state,nssp
601,al,pct_ed_visits_covid,202251,202551,156,3.59,,,state,nssp
602,ar,pct_ed_visits_covid,202251,202551,156,2.65,,,state,nssp
603,az,pct_ed_visits_covid,202251,202551,156,3.83,,,state,nssp
604,ca,pct_ed_visits_covid,202251,202551,156,3.24,,,state,nssp
605,co,pct_ed_visits_covid,202251,202551,156,2.25,,,state,nssp
606,ct,pct_ed_visits_covid,202251,202551,156,4.63,,,state,nssp
607,dc,pct_ed_visits_covid,202251,202551,156,4.55,,,state,nssp
608,de,pct_ed_visits_covid,202251,202551,156,3.34,,,state,nssp
609,fl,pct_ed_visits_covid,202251,202551,156,2.75,,,state,nssp
610,ga,pct_ed_visits_covid,202251,202551,156,2.18,,,state,nssp
611,hi,pct_ed_visits_covid,202251,202551,156,3.2,,,state,nssp
612,ia,pct_ed_visits_covid,202251,202551,156,3.43,,,state,nssp
613,id,pct_ed_visits_covid,202251,202551,156,2.32,,,state,nssp
614,il,pct_ed_visits_covid,202251,202551,156,4.15,,,state,nssp
615,in,pct_ed_visits_covid,202251,202551,156,3.67,,,state,nssp
616,ks,pct_ed_visits_covid,202251,202551,156,3.15,,,state,nssp
617,ky,pct_ed_visits_covid,202251,202551,156,3.32,,,state,nssp
618,la,pct_ed_visits_covid,202251,202551,156,2.94,,,state,nssp
619,ma,pct_ed_visits_covid,202251,202551,156,4.54,,,state,nssp
620,md,pct_ed_visits_covid,202251,202551,156,4.44,,,state,nssp
621,me,pct_ed_visits_covid,202251,202551,156,2.36,,,state,nssp
622,mi,pct_ed_visits_covid,202251,202551,156,3.43,,,state,nssp
623,mn,pct_ed_visits_covid,202251,202551,156,2.96,,,state,nssp
624,ms,pct_ed_visits_covid,202251,202551,156,3.34,,,state,nssp
625,mt,pct_ed_visits_covid,202251,202551,156,2.68,,,state,nssp
626,nc,pct_ed_visits_covid,202251,202551,156,4.8,,,state,nssp
627,nd,pct_ed_visits_covid,202251,202551,156,2.9,,,state,nssp
628,ne,pct_ed_visits_covid,202251,202551,156,2.57,,,state,nssp
629,nh,pct_ed_visits_covid,202251,202551,156,2.97,,,state,nssp
630,nj,pct_ed_visits_covid,202251,202551,156,3.62,,,state,nssp
631,nm,pct_ed_visits_covid,202251,202551,156,3.23,,,state,nssp
632,nv,pct_ed_visits_covid,202251,202551,156,2.45,,,state,nssp
633,ny,pct_ed_visits_covid,202251,202551,156,3.16,,,state,nssp
634,oh,pct_ed_visits_covid,202251,202551,156,3.32,,,state,nssp
635,ok,pct_ed_visits_covid,202251,202551,156,3.04,,,state,nssp
636,or,pct_ed_visits_covid,202251,202551,156,2.58,,,state,nssp
637,pa,pct_ed_visits_covid,202251,202551,156,2.67,,,state,nssp
638,ri,pct_ed_visits_covid,202251,202551,156,3.33,,,state,nssp
639,sc,pct_ed_visits_covid,202251,202551,156,4.67,,,state,nssp
640,sd,pct_ed_visits_covid,202251,202551,156,1.54,,,state,nssp
641,tn,pct_ed_visits_covid,202251,202551,156,3.22,,,state,nssp
642,tx,pct_ed_visits_covid,202251,202551,156,3.19,,,state,nssp
643,ut,pct_ed_visits_covid,202251,202551,156,3.17,,,state,nssp
644,va,pct_ed_visits_covid,202251,202551,156,4.92,,,state,nssp
645,vt,pct_ed_visits_covid,202251,202551,156,3.04,,,state,nssp
646,wa,pct_ed_visits_covid,202251,202551,156,3.08,,,state,nssp
647,wi,pct_ed_visits_covid,202251,202551,156,2.62,,,state,nssp
648,wv,pct_ed_visits_covid,202251,202551,156,4.09,,,state,nssp
649,wy,pct_ed_visits_covid,202251,202551,156,2.52,,,state,nssp
650,ak,pct_ed_visits_covid,202252,202551,155,2.41,,,state,nssp
651,al,pct_ed_visits_covid,202252,202551,155,4.82,,,state,nssp
652,ar,pct_ed_visits_covid,202252,202551,155,3.34,,,state,nssp
653,az,pct_ed_visits_covid,202252,202551,155,3.61,,,state,nssp
654,ca,pct_ed_visits_covid,202252,202551,155,3.65,,,state,nssp
655,co,pct_ed_visits_covid,202252,202551,155,2.24,,,state,nssp
656,ct,pct_ed_visits_covid,202252,202551,155,5.46,,,state,nssp
657,dc,pct_ed_visits_covid,202252,202551,155,5.27,,,state,nssp
658,de,pct_ed_visits_covid,202252,202551,155,4.43,,,state,nssp
659,fl,pct_ed_visits_covid,202252,202551,155,3.65,,,state,nssp
660,ga,pct_ed_visits_covid,202252,202551,155,2.86,,,state,nssp
661,hi,pct_ed_visits_covid,202252,202551,155,3.45,,,state,nssp
662,ia,pct_ed_visits_covid,202252,202551,155,3.3,,,state,nssp
663,id,pct_ed_visits_covid,202252,202551,155,2.18,,,state,nssp
664,il,pct_ed_visits_covid,202252,202551,155,4.0,,,state,nssp
665,in,pct_ed_visits_covid,202252,202551,155,3.69,,,state,nssp
666,ks,pct_ed_visits_covid,202252,202551,155,3.08,,,state,nssp
667,ky,pct_ed_visits_covid,202252,202551,155,3.71,,,state,nssp
668,la,pct_ed_visits_covid,202252,202551,155,3.99,,,state,nssp
669,ma,pct_ed_visits_covid,202252,202551,155,5.37,,,state,nssp
670,md,pct_ed_visits_covid,202252,202551,155,4.79,,,state,nssp
671,me,pct_ed_visits_covid,202252,202551,155,2.46,,,state,nssp
672,mi,pct_ed_visits_covid,202252,202551,155,3.48,,,state,nssp
673,mn,pct_ed_visits_covid,202252,202551,155,2.9,,,state,nssp
674,ms,pct_ed_visits_covid,202252,202551,155,5.15,,,state,nssp
675,mt,pct_ed_visits_covid,202252,202551,155,2.88,,,state,nssp
676,nc,pct_ed_visits_covid,202252,202551,155,6.14,,,state,nssp
677,nd,pct_ed_visits_covid,202252,202551,155,2.98,,,state,nssp
678,ne,pct_ed_visits_covid,202252,202551,155,2.04,,,state,nssp
679,nh,pct_ed_visits_covid,202252,202551,155,3.25,,,state,nssp
680,nj,pct_ed_visits_covid,202252,202551,155,4.34,,,state,nssp
681,nm,pct_ed_visits_covid,202252,202551,155,3.44,,,state,nssp
682,nv,pct_ed_visits_covid,202252,202551,155,2.6,,,state,nssp
683,ny,pct_ed_visits_covid,202252,202551,155,3.46,,,state,nssp
684,oh,pct_ed_visits_covid,202252,202551,155,3.25,,,state,nssp
685,ok,pct_ed_visits_covid,202252,202551,155,3.81,,,state,nssp
686,or,pct_ed_visits_covid,202252,202551,155,2.6,,,state,nssp
687,pa,pct_ed_visits_covid,202252,202551,155,3.15,,,state,nssp
688,ri,pct_ed_visits_covid,202252,202551,155,4.09,,,state,nssp
689,sc,pct_ed_visits_covid,202252,202551,155,5.82,,,state,nssp
690,sd,pct_ed_visits_covid,202252,202551,155,1.04,,,state,nssp
691,tn,pct_ed_visits_covid,202252,202551,155,3.83,,,state,nssp
692,tx,pct_ed_visits_covid,202252,202551,155,4.14,,,state,nssp
693,ut,pct_ed_visits_covid,202252,202551,155,3.47,,,state,nssp
694,va,pct_ed_visits_covid,202252,202551,155,6.0,,,state,nssp
695,vt,pct_ed_visits_covid,202252,202551,155,2.85,,,state,nssp
696,wa,pct_ed_visits_covid,202252,202551,155,2.98,,,state,nssp
697,wi,pct_ed_visits_covid,202252,202551,155,2.77,,,state,nssp
698,wv,pct_ed_visits_covid,202252,202551,155,4.89,,,state,nssp
699,wy,pct_ed_visits_covid,202252,202551,155,2.02,,,state,nssp
700,ak,pct_ed_visits_covid,202301,202551,154,2.16,,,state,nssp
701,al,pct_ed_visits_covid,202301,202551,154,4.2,,,state,nssp
702,ar,pct_ed_visits_covid,202301,202551,154,2.82,,,state,nssp
703,az,pct_ed_visits_covid,202301,202551,154,2.71,,,state,nssp
704,ca,pct_ed_visits_covid,202301,202551,154,2.87,,,state,nssp
705,co,pct_ed_visits_covid,202301,202551,154,1.74,,,state,nssp
706,ct,pct_ed_visits_covid,202301,202551,154,4.73,,,state,nssp
707,dc,pct_ed_visits_covid,202301,202551,154,4.06,,,state,nssp
708,de,pct_ed_visits_covid,202301,202551,154,4.14,,,state,nssp
709,fl,pct_ed_visits_covid,202301,202551,154,3.44,,,state,nssp
710,ga,pct_ed_visits_covid,202301,202551,154,3.27,,,state,nssp
711,hi,pct_ed_visits_covid,202301,202551,154,3.05,,,state,nssp
712,ia,pct_ed_visits_covid,202301,202551,154,3.12,,,state,nssp
713,id,pct_ed_visits_covid,202301,202551,154,1.92,,,state,nssp
714,il,pct_ed_visits_covid,202301,202551,154,3.19,,,state,nssp
715,in,pct_ed_visits_covid,202301,202551,154,3.04,,,state,nssp
716,ks,pct_ed_visits_covid,202301,202551,154,2.49,,,state,nssp
717,ky,pct_ed_visits_covid,202301,202551,154,2.93,,,state,nssp
718,la,pct_ed_visits_covid,202301,202551,154,3.89,,,state,nssp
719,ma,pct_ed_visits_covid,202301,202551,154,4.86,,,state,nssp
720,md,pct_ed_visits_covid,202301,202551,154,4.2,,,state,nssp
721,me,pct_ed_visits_covid,202301,202551,154,3.14,,,state,nssp
722,mi,pct_ed_visits_covid,202301,202551,154,2.76,,,state,nssp
723,mn,pct_ed_visits_covid,202301,202551,154,2.33,,,state,nssp
724,ms,pct_ed_visits_covid,202301,202551,154,4.12,,,state,nssp
725,mt,pct_ed_visits_covid,202301,202551,154,1.81,,,state,nssp
726,nc,pct_ed_visits_covid,202301,202551,154,5.38,,,state,nssp
727,nd,pct_ed_visits_covid,202301,202551,154,2.11,,,state,nssp
728,ne,pct_ed_visits_covid,202301,202551,154,1.88,,,state,nssp
729,nh,pct_ed_visits_covid,202301,202551,154,3.35,,,state,nssp
730,nj,pct_ed_visits_covid,202301,202551,154,4.0,,,state,nssp
731,nm,pct_ed_visits_covid,202301,202551,154,2.84,,,state,nssp
732,nv,pct_ed_visits_covid,202301,202551,154,2.12,,,state,nssp
733,ny,pct_ed_visits_covid,202301,202551,154,3.2,,,state,nssp
734,oh,pct_ed_visits_covid,202301,202551,154,2.54,,,state,nssp
735,ok,pct_ed_visits_covid,202301,202551,154,3.38,,,state,nssp
736,or,pct_ed_visits_covid,202301,202551,154,2.3,,,state,nssp
737,pa,pct_ed_visits_covid,202301,202551,154,2.74,,,state,nssp
738,ri,pct_ed_visits_covid,202301,202551,154,3.57,,,state,nssp
739,sc,pct_ed_visits_covid,202301,202551,154,4.88,,,state,nssp
740,sd,pct_ed_visits_covid,202301,202551,154,0.93,,,state,nssp
741,tn,pct_ed_visits_covid,202301,202551,154,3.29,,,state,nssp
742,tx,pct_ed_visits_covid,202301,202551,154,3.63,,,state,nssp
743,ut,pct_ed_visits_covid,202301,202551,154,2.65,,,state,nssp
744,va,pct_ed_visits_covid,202301,202551,154,5.05,,,state,nssp
745,vt,pct_ed_visits_covid,202301,202551,154,2.78,,,state,nssp
746,wa,pct_ed_visits_covid,202301,202551,154,2.86,,,state,nssp
747,wi,pct_ed_visits_covid,202301,202551,154,2.34,,,state,nssp
748,wv,pct_ed_visits_covid,202301,202551,154,4.29,,,state,nssp
749,wy,pct_ed_visits_covid,202301,202551,154,1.85,,,state,nssp
750,ak,pct_ed_visits_covid,202302,202551,153,2.1,,,state,nssp
751,al,pct_ed_visits_covid,202302,202551,153,3.27,,,state,nssp
752,ar,pct_ed_visits_covid,202302,202551,153,2.12,,,state,nssp
753,az,pct_ed_visits_covid,202302,202551,153,1.87,,,state,nssp
754,ca,pct_ed_visits_covid,202302,202551,153,1.97,,,state,nssp
755,co,pct_ed_visits_covid,202302,202551,153,1.2,,,state,nssp
756,ct,pct_ed_visits_covid,202302,202551,153,3.77,,,state,nssp
757,dc,pct_ed_visits_covid,202302,202551,153,3.77,,,state,nssp
758,de,pct_ed_visits_covid,202302,202551,153,3.03,,,state,nssp
759,fl,pct_ed_visits_covid,202302,202551,153,2.85,,,state,nssp
760,ga,pct_ed_visits_covid,202302,202551,153,2.35,,,state,nssp
761,hi,pct_ed_visits_covid,202302,202551,153,2.55,,,state,nssp
762,ia,pct_ed_visits_covid,202302,202551,153,2.47,,,state,nssp
763,id,pct_ed_visits_covid,202302,202551,153,1.62,,,state,nssp
764,il,pct_ed_visits_covid,202302,202551,153,2.43,,,state,nssp
765,in,pct_ed_visits_covid,202302,202551,153,2.22,,,state,nssp
766,ks,pct_ed_visits_covid,202302,202551,153,1.89,,,state,nssp
767,ky,pct_ed_visits_covid,202302,202551,153,2.56,,,state,nssp
768,la,pct_ed_visits_covid,202302,202551,153,3.18,,,state,nssp
769,ma,pct_ed_visits_covid,202302,202551,153,4.2,,,state,nssp
770,md,pct_ed_visits_covid,202302,202551,153,3.29,,,state,nssp
771,me,pct_ed_visits_covid,202302,202551,153,2.54,,,state,nssp
772,mi,pct_ed_visits_covid,202302,202551,153,2.02,,,state,nssp
773,mn,pct_ed_visits_covid,202302,202551,153,2.17,,,state,nssp
774,ms,pct_ed_visits_covid,202302,202551,153,3.37,,,state,nssp
775,mt,pct_ed_visits_covid,202302,202551,153,1.58,,,state,nssp
776,nc,pct_ed_visits_covid,202302,202551,153,3.99,,,state,nssp
777,nd,pct_ed_visits_covid,202302,202551,153,2.32,,,state,nssp
778,ne,pct_ed_visits_covid,202302,202551,153,1.31,,,state,nssp
779,nh,pct_ed_visits_covid,202302,202551,153,2.67,,,state,nssp
780,nj,pct_ed_visits_covid,202302,202551,153,3.33,,,state,nssp
781,nm,pct_ed_visits_covid,202302,202551,153,2.18,,,state,nssp
782,nv,pct_ed_visits_covid,202302,202551,153,1.44,,,state,nssp
783,ny,pct_ed_visits_covid,202302,202551,153,2.54,,,state,nssp
784,oh,pct_ed_visits_covid,202302,202551,153,1.85,,,state,nssp
785,ok,pct_ed_visits_covid,202302,202551,153,2.57,,,state,nssp
786,or,pct_ed_visits_covid,202302,202551,153,1.93,,,state,nssp
787,pa,pct_ed_visits_covid,202302,202551,153,2.35,,,state,nssp
788,ri,pct_ed_visits_covid,202302,202551,153,2.73,,,state,nssp
789,sc,pct_ed_visits_covid,202302,202551,153,3.54,,,state,nssp
790,sd,pct_ed_visits_covid,202302,202551,153,1.02,,,state,nssp
791,tn,pct_ed_visits_covid,202302,202551,153,2.6,,,state,nssp
792,tx,pct_ed_visits_covid,202302,202551,153,2.64,,,state,nssp
793,ut,pct_ed_visits_covid,202302,202551,153,1.8,,,state,nssp
794,va,pct_ed_visits_covid,202302,202551,153,3.87,,,state,nssp
795,vt,pct_ed_visits_covid,202302,202551,153,2.49,,,state,nssp
796,wa,pct_ed_visits_covid,202302,202551,153,2.66,,,state,nssp
797,wi,pct_ed_visits_covid,202302,202551,153,1.95,,,state,nssp
798,wv,pct_ed_visits_covid,202302,202551,153,3.21,,,state,nssp
799,wy,pct_ed_visits_covid,202302,202551,153,1.62,,,state,nssp
800,ak,pct_ed_visits_covid,202303,202551,152,2.38,,,state,nssp
801,al,pct_ed_visits_covid,202303,202551,152,2.95,,,state,nssp
802,ar,pct_ed_visits_covid,202303,202551,152,1.46,,,state,nssp
803,az,pct_ed_visits_covid,202303,202551,152,1.6,,,state,nssp
804,ca,pct_ed_visits_covid,202303,202551,152,1.53,,,state,nssp
805,co,pct_ed_visits_covid,202303,202551,152,1.37,,,state,nssp
806,ct,pct_ed_visits_covid,202303,202551,152,3.1,,,state,nssp
807,dc,pct_ed_visits_covid,202303,202551,152,3.02,,,state,nssp
808,de,pct_ed_visits_covid,202303,202551,152,2.72,,,state,nssp
809,fl,pct_ed_visits_covid,202303,202551,152,2.61,,,state,nssp
810,ga,pct_ed_visits_covid,202303,202551,152,2.11,,,state,nssp
811,hi,pct_ed_visits_covid,202303,202551,152,2.81,,,state,nssp
812,ia,pct_ed_visits_covid,202303,202551,152,2.37,,,state,nssp
813,id,pct_ed_visits_covid,202303,202551,152,1.48,,,state,nssp
814,il,pct_ed_visits_covid,202303,202551,152,2.24,,,state,nssp
815,in,pct_ed_visits_covid,202303,202551,152,1.9,,,state,nssp
816,ks,pct_ed_visits_covid,202303,202551,152,1.75,,,state,nssp
817,ky,pct_ed_visits_covid,202303,202551,152,2.19,,,state,nssp
818,la,pct_ed_visits_covid,202303,202551,152,2.83,,,state,nssp
819,ma,pct_ed_visits_covid,202303,202551,152,3.38,,,state,nssp
820,md,pct_ed_visits_covid,202303,202551,152,2.7,,,state,nssp
821,me,pct_ed_visits_covid,202303,202551,152,2.6,,,state,nssp
822,mi,pct_ed_visits_covid,202303,202551,152,1.86,,,state,nssp
823,mn,pct_ed_visits_covid,202303,202551,152,2.26,,,state,nssp
824,ms,pct_ed_visits_covid,202303,202551,152,2.94,,,state,nssp
825,mt,pct_ed_visits_covid,202303,202551,152,1.63,,,state,nssp
826,nc,pct_ed_visits_covid,202303,202551,152,3.44,,,state,nssp
827,nd,pct_ed_visits_covid,202303,202551,152,2.05,,,state,nssp
828,ne,pct_ed_visits_covid,202303,202551,152,1.17,,,state,nssp
829,nh,pct_ed_visits_covid,202303,202551,152,2.42,,,state,nssp
830,nj,pct_ed_visits_covid,202303,202551,152,3.0,,,state,nssp
831,nm,pct_ed_visits_covid,202303,202551,152,1.78,,,state,nssp
832,nv,pct_ed_visits_covid,202303,202551,152,1.19,,,state,nssp
833,ny,pct_ed_visits_covid,202303,202551,152,2.23,,,state,nssp
834,oh,pct_ed_visits_covid,202303,202551,152,1.63,,,state,nssp
835,ok,pct_ed_visits_covid,202303,202551,152,2.61,,,state,nssp
836,or,pct_ed_visits_covid,202303,202551,152,1.75,,,state,nssp
837,pa,pct_ed_visits_covid,202303,202551,152,2.17,,,state,nssp
838,ri,pct_ed_visits_covid,202303,202551,152,2.83,,,state,nssp
839,sc,pct_ed_visits_covid,202303,202551,152,3.0,,,state,nssp
840,sd,pct_ed_visits_covid,202303,202551,152,1.27,,,state,nssp
841,tn,pct_ed_visits_covid,202303,202551,152,2.44,,,state,nssp
842,tx,pct_ed_visits_covid,202303,202551,152,2.36,,,state,nssp
843,ut,pct_ed_visits_covid,202303,202551,152,1.54,,,state,nssp
844,va,pct_ed_visits_covid,202303,202551,152,3.47,,,state,nssp
845,vt,pct_ed_visits_covid,202303,202551,152,3.09,,,state,nssp
846,wa,pct_ed_visits_covid,202303,202551,152,2.6,,,state,nssp
847,wi,pct_ed_visits_covid,202303,202551,152,1.72,,,state,nssp
848,wv,pct_ed_visits_covid,202303,202551,152,2.81,,,state,nssp
849,wy,pct_ed_visits_covid,202303,202551,152,1.35,,,state,nssp
850,ak,pct_ed_visits_covid,202304,202551,151,2.34,,,state,nssp
851,al,pct_ed_visits_covid,202304,202551,151,2.99,,,state,nssp
852,ar,pct_ed_visits_covid,202304,202551,151,1.53,,,state,nssp
853,az,pct_ed_visits_covid,202304,202551,151,1.52,,,state,nssp
854,ca,pct_ed_visits_covid,202304,202551,151,1.49,,,state,nssp
855,co,pct_ed_visits_covid,202304,202551,151,1.29,,,state,nssp
856,ct,pct_ed_visits_covid,202304,202551,151,2.78,,,state,nssp
857,dc,pct_ed_visits_covid,202304,202551,151,2.64,,,state,nssp
858,de,pct_ed_visits_covid,202304,202551,151,2.66,,,state,nssp
859,fl,pct_ed_visits_covid,202304,202551,151,2.47,,,state,nssp
860,ga,pct_ed_visits_covid,202304,202551,151,1.79,,,state,nssp
861,hi,pct_ed_visits_covid,202304,202551,151,1.98,,,state,nssp
862,ia,pct_ed_visits_covid,202304,202551,151,2.37,,,state,nssp
863,id,pct_ed_visits_covid,202304,202551,151,1.67,,,state,nssp
864,il,pct_ed_visits_covid,202304,202551,151,1.98,,,state,nssp
865,in,pct_ed_visits_covid,202304,202551,151,1.77,,,state,nssp
866,ks,pct_ed_visits_covid,202304,202551,151,1.74,,,state,nssp
867,ky,pct_ed_visits_covid,202304,202551,151,2.18,,,state,nssp
868,la,pct_ed_visits_covid,202304,202551,151,2.65,,,state,nssp
869,ma,pct_ed_visits_covid,202304,202551,151,2.97,,,state,nssp
870,md,pct_ed_visits_covid,202304,202551,151,2.58,,,state,nssp
871,me,pct_ed_visits_covid,202304,202551,151,2.81,,,state,nssp
872,mi,pct_ed_visits_covid,202304,202551,151,1.72,,,state,nssp
873,mn,pct_ed_visits_covid,202304,202551,151,2.48,,,state,nssp
874,ms,pct_ed_visits_covid,202304,202551,151,2.4,,,state,nssp
875,mt,pct_ed_visits_covid,202304,202551,151,1.58,,,state,nssp
876,nc,pct_ed_visits_covid,202304,202551,151,3.09,,,state,nssp
877,nd,pct_ed_visits_covid,202304,202551,151,2.64,,,state,nssp
878,ne,pct_ed_visits_covid,202304,202551,151,1.12,,,state,nssp
879,nh,pct_ed_visits_covid,202304,202551,151,1.61,,,state,nssp
880,nj,pct_ed_visits_covid,202304,202551,151,2.81,,,state,nssp
881,nm,pct_ed_visits_covid,202304,202551,151,1.63,,,state,nssp
882,nv,pct_ed_visits_covid,202304,202551,151,1.21,,,state,nssp
883,ny,pct_ed_visits_covid,202304,202551,151,1.99,,,state,nssp
884,oh,pct_ed_visits_covid,202304,202551,151,1.58,,,state,nssp
885,ok,pct_ed_visits_covid,202304,202551,151,2.08,,,state,nssp
886,or,pct_ed_visits_covid,202304,202551,151,1.91,,,state,nssp
887,pa,pct_ed_visits_covid,202304,202551,151,2.03,,,state,nssp
888,ri,pct_ed_visits_covid,202304,202551,151,2.8,,,state,nssp
889,sc,pct_ed_visits_covid,202304,202551,151,2.47,,,state,nssp
890,sd,pct_ed_visits_covid,202304,202551,151,1.32,,,state,nssp
891,tn,pct_ed_visits_covid,202304,202551,151,2.4,,,state,nssp
892,tx,pct_ed_visits_covid,202304,202551,151,2.12,,,state,nssp
893,ut,pct_ed_visits_covid,202304,202551,151,1.36,,,state,nssp
894,va,pct_ed_visits_covid,202304,202551,151,3.18,,,state,nssp
895,vt,pct_ed_visits_covid,202304,202551,151,3.58,,,state,nssp
896,wa,pct_ed_visits_covid,202304,202551,151,2.59,,,state,nssp
897,wi,pct_ed_visits_covid,202304,202551,151,1.61,,,state,nssp
898,wv,pct_ed_visits_covid,202304,202551,151,2.69,,,state,nssp
899,wy,pct_ed_visits_covid,202304,202551,151,1.62,,,state,nssp
900,ak,pct_ed_visits_covid,202305,202551,150,2.66,,,state,nssp
901,al,pct_ed_visits_covid,202305,202551,150,2.82,,,state,nssp
902,ar,pct_ed_visits_covid,202305,202551,150,1.35,,,state,nssp
903,az,pct_ed_visits_covid,202305,202551,150,1.53,,,state,nssp
904,ca,pct_ed_visits_covid,202305,202551,150,1.6,,,state,nssp
905,co,pct_ed_visits_covid,202305,202551,150,1.51,,,state,nssp
906,ct,pct_ed_visits_covid,202305,202551,150,2.39,,,state,nssp
907,dc,pct_ed_visits_covid,202305,202551,150,2.02,,,state,nssp
908,de,pct_ed_visits_covid,202305,202551,150,3.01,,,state,nssp
909,fl,pct_ed_visits_covid,202305,202551,150,2.23,,,state,nssp
910,ga,pct_ed_visits_covid,202305,202551,150,1.72,,,state,nssp
911,hi,pct_ed_visits_covid,202305,202551,150,2.04,,,state,nssp
912,ia,pct_ed_visits_covid,202305,202551,150,2.44,,,state,nssp
913,id,pct_ed_visits_covid,202305,202551,150,1.81,,,state,nssp
914,il,pct_ed_visits_covid,202305,202551,150,1.92,,,state,nssp
915,in,pct_ed_visits_covid,202305,202551,150,1.78,,,state,nssp
916,ks,pct_ed_visits_covid,202305,202551,150,1.51,,,state,nssp
917,ky,pct_ed_visits_covid,202305,202551,150,2.34,,,state,nssp
918,la,pct_ed_visits_covid,202305,202551,150,2.65,,,state,nssp
919,ma,pct_ed_visits_covid,202305,202551,150,2.73,,,state,nssp
920,md,pct_ed_visits_covid,202305,202551,150,2.21,,,state,nssp
921,me,pct_ed_visits_covid,202305,202551,150,2.42,,,state,nssp
922,mi,pct_ed_visits_covid,202305,202551,150,1.7,,,state,nssp
923,mn,pct_ed_visits_covid,202305,202551,150,2.57,,,state,nssp
924,ms,pct_ed_visits_covid,202305,202551,150,2.37,,,state,nssp
925,mt,pct_ed_visits_covid,202305,202551,150,2.05,,,state,nssp
926,nc,pct_ed_visits_covid,202305,202551,150,2.89,,,state,nssp
927,nd,pct_ed_visits_covid,202305,202551,150,3.61,,,state,nssp
928,ne,pct_ed_visits_covid,202305,202551,150,1.09,,,state,nssp
929,nh,pct_ed_visits_covid,202305,202551,150,2.3,,,state,nssp
930,nj,pct_ed_visits_covid,202305,202551,150,2.48,,,state,nssp
931,nm,pct_ed_visits_covid,202305,202551,150,1.65,,,state,nssp
932,nv,pct_ed_visits_covid,202305,202551,150,1.23,,,state,nssp
933,ny,pct_ed_visits_covid,202305,202551,150,1.82,,,state,nssp
934,oh,pct_ed_visits_covid,202305,202551,150,1.55,,,state,nssp
935,ok,pct_ed_visits_covid,202305,202551,150,2.15,,,state,nssp
936,or,pct_ed_visits_covid,202305,202551,150,2.33,,,state,nssp
937,pa,pct_ed_visits_covid,202305,202551,150,1.94,,,state,nssp
938,ri,pct_ed_visits_covid,202305,202551,150,2.36,,,state,nssp
939,sc,pct_ed_visits_covid,202305,202551,150,2.5,,,state,nssp
940,sd,pct_ed_visits_covid,202305,202551,150,1.36,,,state,nssp
941,tn,pct_ed_visits_covid,202305,202551,150,2.44,,,state,nssp
942,tx,pct_ed_visits_covid,202305,202551,150,2.08,,,state,nssp
943,ut,pct_ed_visits_covid,202305,202551,150,1.56,,,state,nssp
944,va,pct_ed_visits_covid,202305,202551,150,2.93,,,state,nssp
945,vt,pct_ed_visits_covid,202305,202551,150,3.67,,,state,nssp
946,wa,pct_ed_visits_covid,202305,202551,150,2.81,,,state,nssp
947,wi,pct_ed_visits_covid,202305,202551,150,1.5,,,state,nssp
948,wv,pct_ed_visits_covid,202305,202551,150,2.57,,,state,nssp
949,wy,pct_ed_visits_covid,202305,202551,150,1.43,,,state,nssp
950,ak,pct_ed_visits_covid,202306,202551,149,2.54,,,state,nssp
951,al,pct_ed_visits_covid,202306,202551,149,2.64,,,state,nssp
952,ar,pct_ed_visits_covid,202306,202551,149,1.09,,,state,nssp
953,az,pct_ed_visits_covid,202306,202551,149,1.66,,,state,nssp
954,ca,pct_ed_visits_covid,202306,202551,149,1.7,,,state,nssp
955,co,pct_ed_visits_covid,202306,202551,149,1.8,,,state,nssp
956,ct,pct_ed_visits_covid,202306,202551,149,2.2,,,state,nssp
957,dc,pct_ed_visits_covid,202306,202551,149,1.91,,,state,nssp
958,de,pct_ed_visits_covid,202306,202551,149,2.48,,,state,nssp
959,fl,pct_ed_visits_covid,202306,202551,149,1.93,,,state,nssp
960,ga,pct_ed_visits_covid,202306,202551,149,1.28,,,state,nssp
961,hi,pct_ed_visits_covid,202306,202551,149,1.79,,,state,nssp
962,ia,pct_ed_visits_covid,202306,202551,149,2.45,,,state,nssp
963,id,pct_ed_visits_covid,202306,202551,149,1.99,,,state,nssp
964,il,pct_ed_visits_covid,202306,202551,149,2.08,,,state,nssp
965,in,pct_ed_visits_covid,202306,202551,149,1.88,,,state,nssp
966,ks,pct_ed_visits_covid,202306,202551,149,1.74,,,state,nssp
967,ky,pct_ed_visits_covid,202306,202551,149,2.19,,,state,nssp
968,la,pct_ed_visits_covid,202306,202551,149,2.62,,,state,nssp
969,ma,pct_ed_visits_covid,202306,202551,149,2.45,,,state,nssp
970,md,pct_ed_visits_covid,202306,202551,149,1.99,,,state,nssp
971,me,pct_ed_visits_covid,202306,202551,149,3.08,,,state,nssp
972,mi,pct_ed_visits_covid,202306,202551,149,1.8,,,state,nssp
973,mn,pct_ed_visits_covid,202306,202551,149,2.82,,,state,nssp
974,ms,pct_ed_visits_covid,202306,202551,149,2.3,,,state,nssp
975,mt,pct_ed_visits_covid,202306,202551,149,2.37,,,state,nssp
976,nc,pct_ed_visits_covid,202306,202551,149,2.75,,,state,nssp
977,nd,pct_ed_visits_covid,202306,202551,149,3.27,,,state,nssp
978,ne,pct_ed_visits_covid,202306,202551,149,1.52,,,state,nssp
979,nh,pct_ed_visits_covid,202306,202551,149,1.73,,,state,nssp
980,nj,pct_ed_visits_covid,202306,202551,149,2.02,,,state,nssp
981,nm,pct_ed_visits_covid,202306,202551,149,1.55,,,state,nssp
982,nv,pct_ed_visits_covid,202306,202551,149,1.31,,,state,nssp
983,ny,pct_ed_visits_covid,202306,202551,149,1.49,,,state,nssp
984,oh,pct_ed_visits_covid,202306,202551,149,1.68,,,state,nssp
985,ok,pct_ed_visits_covid,202306,202551,149,1.61,,,state,nssp
986,or,pct_ed_visits_covid,202306,202551,149,2.43,,,state,nssp
987,pa,pct_ed_visits_covid,202306,202551,149,1.92,,,state,nssp
988,ri,pct_ed_visits_covid,202306,202551,149,1.91,,,state,nssp
989,sc,pct_ed_visits_covid,202306,202551,149,2.11,,,state,nssp
990,sd,pct_ed_visits_covid,202306,202551,149,2.05,,,state,nssp
991,tn,pct_ed_visits_covid,202306,202551,149,2.3,,,state,nssp
992,tx,pct_ed_visits_covid,202306,202551,149,1.83,,,state,nssp
993,ut,pct_ed_visits_covid,202306,202551,149,1.97,,,state,nssp
994,va,pct_ed_visits_covid,202306,202551,149,2.51,,,state,nssp
995,vt,pct_ed_visits_covid,202306,202551,149,2.93,,,state,nssp
996,wa,pct_ed_visits_covid,202306,202551,149,2.84,,,state,nssp
997,wi,pct_ed_visits_covid,202306,202551,149,1.73,,,state,nssp
998,wv,pct_ed_visits_covid,202306,202551,149,2.36,,,state,nssp
999,wy,pct_ed_visits_covid,202306,202551,149,1.54,,,state,nssp
1000,ak,pct_ed_visits_covid,202307,202551,148,2.78,,,state,nssp
1001,al,pct_ed_visits_covid,202307,202551,148,2.32,,,state,nssp
1002,ar,pct_ed_visits_covid,202307,202551,148,1.1,,,state,nssp
1003,az,pct_ed_visits_covid,202307,202551,148,1.85,,,state,nssp
1004,ca,pct_ed_visits_covid,202307,202551,148,1.76,,,state,nssp
1005,co,pct_ed_visits_covid,202307,202551,148,1.96,,,state,nssp
1006,ct,pct_ed_visits_covid,202307,202551,148,1.8,,,state,nssp
1007,dc,pct_ed_visits_covid,202307,202551,148,1.78,,,state,nssp
1008,de,pct_ed_visits_covid,202307,202551,148,2.3,,,state,nssp
1009,fl,pct_ed_visits_covid,202307,202551,148,1.76,,,state,nssp
1010,ga,pct_ed_visits_covid,202307,202551,148,1.02,,,state,nssp
1011,hi,pct_ed_visits_covid,202307,202551,148,1.76,,,state,nssp
1012,ia,pct_ed_visits_covid,202307,202551,148,2.77,,,state,nssp
1013,id,pct_ed_visits_covid,202307,202551,148,2.3,,,state,nssp
1014,il,pct_ed_visits_covid,202307,202551,148,2.09,,,state,nssp
1015,in,pct_ed_visits_covid,202307,202551,148,1.97,,,state,nssp
1016,ks,pct_ed_visits_covid,202307,202551,148,1.84,,,state,nssp
1017,ky,pct_ed_visits_covid,202307,202551,148,2.12,,,state,nssp
1018,la,pct_ed_visits_covid,202307,202551,148,2.33,,,state,nssp
1019,ma,pct_ed_visits_covid,202307,202551,148,2.22,,,state,nssp
1020,md,pct_ed_visits_covid,202307,202551,148,1.72,,,state,nssp
1021,me,pct_ed_visits_covid,202307,202551,148,3.36,,,state,nssp
1022,mi,pct_ed_visits_covid,202307,202551,148,2.07,,,state,nssp
1023,mn,pct_ed_visits_covid,202307,202551,148,2.59,,,state,nssp
1024,ms,pct_ed_visits_covid,202307,202551,148,1.83,,,state,nssp
1025,mt,pct_ed_visits_covid,202307,202551,148,2.21,,,state,nssp
1026,nc,pct_ed_visits_covid,202307,202551,148,2.43,,,state,nssp
1027,nd,pct_ed_visits_covid,202307,202551,148,3.44,,,state,nssp
1028,ne,pct_ed_visits_covid,202307,202551,148,1.63,,,state,nssp
1029,nh,pct_ed_visits_covid,202307,202551,148,2.21,,,state,nssp
1030,nj,pct_ed_visits_covid,202307,202551,148,1.66,,,state,nssp
1031,nm,pct_ed_visits_covid,202307,202551,148,1.89,,,state,nssp
1032,nv,pct_ed_visits_covid,202307,202551,148,1.37,,,state,nssp
1033,ny,pct_ed_visits_covid,202307,202551,148,1.4,,,state,nssp
1034,oh,pct_ed_visits_covid,202307,202551,148,1.75,,,state,nssp
1035,ok,pct_ed_visits_covid,202307,202551,148,1.75,,,state,nssp
1036,or,pct_ed_visits_covid,202307,202551,148,2.19,,,state,nssp
1037,pa,pct_ed_visits_covid,202307,202551,148,1.83,,,state,nssp
1038,ri,pct_ed_visits_covid,202307,202551,148,1.64,,,state,nssp
1039,sc,pct_ed_visits_covid,202307,202551,148,1.64,,,state,nssp
1040,sd,pct_ed_visits_covid,202307,202551,148,1.78,,,state,nssp
1041,tn,pct_ed_visits_covid,202307,202551,148,2.05,,,state,nssp
1042,tx,pct_ed_visits_covid,202307,202551,148,1.62,,,state,nssp
1043,ut,pct_ed_visits_covid,202307,202551,148,2.13,,,state,nssp
1044,va,pct_ed_visits_covid,202307,202551,148,2.0,,,state,nssp
1045,vt,pct_ed_visits_covid,202307,202551,148,2.44,,,state,nssp
1046,wa,pct_ed_visits_covid,202307,202551,148,2.57,,,state,nssp
1047,wi,pct_ed_visits_covid,202307,202551,148,1.81,,,state,nssp
1048,wv,pct_ed_visits_covid,202307,202551,148,2.36,,,state,nssp
1049,wy,pct_ed_visits_covid,202307,202551,148,2.33,,,state,nssp
1050,ak,pct_ed_visits_covid,202308,202551,147,2.57,,,state,nssp
1051,al,pct_ed_visits_covid,202308,202551,147,1.79,,,state,nssp
1052,ar,pct_ed_visits_covid,202308,202551,147,1.17,,,state,nssp
1053,az,pct_ed_visits_covid,202308,202551,147,1.9,,,state,nssp
1054,ca,pct_ed_visits_covid,202308,202551,147,1.79,,,state,nssp
1055,co,pct_ed_visits_covid,202308,202551,147,1.9,,,state,nssp
1056,ct,pct_ed_visits_covid,202308,202551,147,1.6,,,state,nssp
1057,dc,pct_ed_visits_covid,202308,202551,147,1.27,,,state,nssp
1058,de,pct_ed_visits_covid,202308,202551,147,1.77,,,state,nssp
1059,fl,pct_ed_visits_covid,202308,202551,147,1.58,,,state,nssp
1060,ga,pct_ed_visits_covid,202308,202551,147,1.02,,,state,nssp
1061,hi,pct_ed_visits_covid,202308,202551,147,1.54,,,state,nssp
1062,ia,pct_ed_visits_covid,202308,202551,147,2.43,,,state,nssp
1063,id,pct_ed_visits_covid,202308,202551,147,2.49,,,state,nssp
1064,il,pct_ed_visits_covid,202308,202551,147,2.14,,,state,nssp
1065,in,pct_ed_visits_covid,202308,202551,147,1.99,,,state,nssp
1066,ks,pct_ed_visits_covid,202308,202551,147,1.78,,,state,nssp
1067,ky,pct_ed_visits_covid,202308,202551,147,1.85,,,state,nssp
1068,la,pct_ed_visits_covid,202308,202551,147,2.07,,,state,nssp
1069,ma,pct_ed_visits_covid,202308,202551,147,1.94,,,state,nssp
1070,md,pct_ed_visits_covid,202308,202551,147,1.44,,,state,nssp
1071,me,pct_ed_visits_covid,202308,202551,147,3.37,,,state,nssp
1072,mi,pct_ed_visits_covid,202308,202551,147,2.24,,,state,nssp
1073,mn,pct_ed_visits_covid,202308,202551,147,2.59,,,state,nssp
1074,ms,pct_ed_visits_covid,202308,202551,147,1.49,,,state,nssp
1075,mt,pct_ed_visits_covid,202308,202551,147,2.92,,,state,nssp
1076,nc,pct_ed_visits_covid,202308,202551,147,2.09,,,state,nssp
1077,nd,pct_ed_visits_covid,202308,202551,147,2.53,,,state,nssp
1078,ne,pct_ed_visits_covid,202308,202551,147,1.66,,,state,nssp
1079,nh,pct_ed_visits_covid,202308,202551,147,1.94,,,state,nssp
1080,nj,pct_ed_visits_covid,202308,202551,147,1.32,,,state,nssp
1081,nm,pct_ed_visits_covid,202308,202551,147,1.9,,,state,nssp
1082,nv,pct_ed_visits_covid,202308,202551,147,1.39,,,state,nssp
1083,ny,pct_ed_visits_covid,202308,202551,147,1.35,,,state,nssp
1084,oh,pct_ed_visits_covid,202308,202551,147,1.72,,,state,nssp
1085,ok,pct_ed_visits_covid,202308,202551,147,1.49,,,state,nssp
1086,or,pct_ed_visits_covid,202308,202551,147,2.04,,,state,nssp
1087,pa,pct_ed_visits_covid,202308,202551,147,1.7,,,state,nssp
1088,ri,pct_ed_visits_covid,202308,202551,147,1.38,,,state,nssp
1089,sc,pct_ed_visits_covid,202308,202551,147,1.45,,,state,nssp
1090,sd,pct_ed_visits_covid,202308,202551,147,2.1,,,state,nssp
1091,tn,pct_ed_visits_covid,202308,202551,147,1.83,,,state,nssp
1092,tx,pct_ed_visits_covid,202308,202551,147,1.64,,,state,nssp
1093,ut,pct_ed_visits_covid,202308,202551,147,2.3,,,state,nssp
1094,va,pct_ed_visits_covid,202308,202551,147,1.57,,,state,nssp
1095,vt,pct_ed_visits_covid,202308,202551,147,2.56,,,state,nssp
1096,wa,pct_ed_visits_covid,202308,202551,147,2.42,,,state,nssp
1097,wi,pct_ed_visits_covid,202308,202551,147,2.0,,,state,nssp
1098,wv,pct_ed_visits_covid,202308,202551,147,2.18,,,state,nssp
1099,wy,pct_ed_visits_covid,202308,202551,147,1.9,,,state,nssp
1100,ak,pct_ed_visits_covid,202309,202551,146,2.55,,,state,nssp
1101,al,pct_ed_visits_covid,202309,202551,146,1.33,,,state,nssp
1102,ar,pct_ed_visits_covid,202309,202551,146,1.07,,,state,nssp
1103,az,pct_ed_visits_covid,202309,202551,146,1.88,,,state,nssp
1104,ca,pct_ed_visits_covid,202309,202551,146,1.55,,,state,nssp
1105,co,pct_ed_visits_covid,202309,202551,146,1.75,,,state,nssp
1106,ct,pct_ed_visits_covid,202309,202551,146,1.29,,,state,nssp
1107,dc,pct_ed_visits_covid,202309,202551,146,1.12,,,state,nssp
1108,de,pct_ed_visits_covid,202309,202551,146,1.28,,,state,nssp
1109,fl,pct_ed_visits_covid,202309,202551,146,1.44,,,state,nssp
1110,ga,pct_ed_visits_covid,202309,202551,146,0.88,,,state,nssp
1111,hi,pct_ed_visits_covid,202309,202551,146,1.65,,,state,nssp
1112,ia,pct_ed_visits_covid,202309,202551,146,2.81,,,state,nssp
1113,id,pct_ed_visits_covid,202309,202551,146,2.44,,,state,nssp
1114,il,pct_ed_visits_covid,202309,202551,146,2.03,,,state,nssp
1115,in,pct_ed_visits_covid,202309,202551,146,1.56,,,state,nssp
1116,ks,pct_ed_visits_covid,202309,202551,146,1.48,,,state,nssp
1117,ky,pct_ed_visits_covid,202309,202551,146,1.52,,,state,nssp
1118,la,pct_ed_visits_covid,202309,202551,146,1.73,,,state,nssp
1119,ma,pct_ed_visits_covid,202309,202551,146,1.64,,,state,nssp
1120,md,pct_ed_visits_covid,202309,202551,146,1.22,,,state,nssp
1121,me,pct_ed_visits_covid,202309,202551,146,3.05,,,state,nssp
1122,mi,pct_ed_visits_covid,202309,202551,146,2.1,,,state,nssp
1123,mn,pct_ed_visits_covid,202309,202551,146,2.18,,,state,nssp
1124,ms,pct_ed_visits_covid,202309,202551,146,1.4,,,state,nssp
1125,mt,pct_ed_visits_covid,202309,202551,146,2.24,,,state,nssp
1126,nc,pct_ed_visits_covid,202309,202551,146,1.65,,,state,nssp
1127,nd,pct_ed_visits_covid,202309,202551,146,2.32,,,state,nssp
1128,ne,pct_ed_visits_covid,202309,202551,146,1.87,,,state,nssp
1129,nh,pct_ed_visits_covid,202309,202551,146,1.76,,,state,nssp
1130,nj,pct_ed_visits_covid,202309,202551,146,1.11,,,state,nssp
1131,nm,pct_ed_visits_covid,202309,202551,146,1.95,,,state,nssp
1132,nv,pct_ed_visits_covid,202309,202551,146,1.23,,,state,nssp
1133,ny,pct_ed_visits_covid,202309,202551,146,1.06,,,state,nssp
1134,oh,pct_ed_visits_covid,202309,202551,146,1.68,,,state,nssp
1135,ok,pct_ed_visits_covid,202309,202551,146,1.44,,,state,nssp
1136,or,pct_ed_visits_covid,202309,202551,146,1.73,,,state,nssp
1137,pa,pct_ed_visits_covid,202309,202551,146,1.32,,,state,nssp
1138,ri,pct_ed_visits_covid,202309,202551,146,1.25,,,state,nssp
1139,sc,pct_ed_visits_covid,202309,202551,146,1.35,,,state,nssp
1140,sd,pct_ed_visits_covid,202309,202551,146,1.46,,,state,nssp
1141,tn,pct_ed_visits_covid,202309,202551,146,1.36,,,state,nssp
1142,tx,pct_ed_visits_covid,202309,202551,146,1.42,,,state,nssp
1143,ut,pct_ed_visits_covid,202309,202551,146,2.18,,,state,nssp
1144,va,pct_ed_visits_covid,202309,202551,146,1.34,,,state,nssp
1145,vt,pct_ed_visits_covid,202309,202551,146,2.41,,,state,nssp
1146,wa,pct_ed_visits_covid,202309,202551,146,2.35,,,state,nssp
1147,wi,pct_ed_visits_covid,202309,202551,146,1.73,,,state,nssp
1148,wv,pct_ed_visits_covid,202309,202551,146,1.9,,,state,nssp
1149,wy,pct_ed_visits_covid,202309,202551,146,1.51,,,state,nssp
1150,ak,pct_ed_visits_covid,202310,202551,145,2.37,,,state,nssp
1151,al,pct_ed_visits_covid,202310,202551,145,0.97,,,state,nssp
1152,ar,pct_ed_visits_covid,202310,202551,145,0.81,,,state,nssp
1153,az,pct_ed_visits_covid,202310,202551,145,1.63,,,state,nssp
1154,ca,pct_ed_visits_covid,202310,202551,145,1.4,,,state,nssp
1155,co,pct_ed_visits_covid,202310,202551,145,1.58,,,state,nssp
1156,ct,pct_ed_visits_covid,202310,202551,145,1.07,,,state,nssp
1157,dc,pct_ed_visits_covid,202310,202551,145,0.66,,,state,nssp
1158,de,pct_ed_visits_covid,202310,202551,145,1.19,,,state,nssp
1159,fl,pct_ed_visits_covid,202310,202551,145,1.27,,,state,nssp
1160,ga,pct_ed_visits_covid,202310,202551,145,0.61,,,state,nssp
1161,hi,pct_ed_visits_covid,202310,202551,145,1.51,,,state,nssp
1162,ia,pct_ed_visits_covid,202310,202551,145,2.87,,,state,nssp
1163,id,pct_ed_visits_covid,202310,202551,145,2.13,,,state,nssp
1164,il,pct_ed_visits_covid,202310,202551,145,1.87,,,state,nssp
1165,in,pct_ed_visits_covid,202310,202551,145,1.44,,,state,nssp
1166,ks,pct_ed_visits_covid,202310,202551,145,1.42,,,state,nssp
1167,ky,pct_ed_visits_covid,202310,202551,145,1.26,,,state,nssp
1168,la,pct_ed_visits_covid,202310,202551,145,1.34,,,state,nssp
1169,ma,pct_ed_visits_covid,202310,202551,145,1.38,,,state,nssp
1170,md,pct_ed_visits_covid,202310,202551,145,1.02,,,state,nssp
1171,me,pct_ed_visits_covid,202310,202551,145,2.37,,,state,nssp
1172,mi,pct_ed_visits_covid,202310,202551,145,1.96,,,state,nssp
1173,mn,pct_ed_visits_covid,202310,202551,145,2.15,,,state,nssp
1174,ms,pct_ed_visits_covid,202310,202551,145,0.92,,,state,nssp
1175,mt,pct_ed_visits_covid,202310,202551,145,2.43,,,state,nssp
1176,nc,pct_ed_visits_covid,202310,202551,145,1.25,,,state,nssp
1177,nd,pct_ed_visits_covid,202310,202551,145,1.73,,,state,nssp
1178,ne,pct_ed_visits_covid,202310,202551,145,1.91,,,state,nssp
1179,nh,pct_ed_visits_covid,202310,202551,145,1.35,,,state,nssp
1180,nj,pct_ed_visits_covid,202310,202551,145,0.91,,,state,nssp
1181,nm,pct_ed_visits_covid,202310,202551,145,1.81,,,state,nssp
1182,nv,pct_ed_visits_covid,202310,202551,145,1.3,,,state,nssp
1183,ny,pct_ed_visits_covid,202310,202551,145,0.83,,,state,nssp
1184,oh,pct_ed_visits_covid,202310,202551,145,1.61,,,state,nssp
1185,ok,pct_ed_visits_covid,202310,202551,145,1.53,,,state,nssp
1186,or,pct_ed_visits_covid,202310,202551,145,1.49,,,state,nssp
1187,pa,pct_ed_visits_covid,202310,202551,145,1.21,,,state,nssp
1188,ri,pct_ed_visits_covid,202310,202551,145,0.91,,,state,nssp
1189,sc,pct_ed_visits_covid,202310,202551,145,0.95,,,state,nssp
1190,sd,pct_ed_visits_covid,202310,202551,145,0.9,,,state,nssp
1191,tn,pct_ed_visits_covid,202310,202551,145,1.12,,,state,nssp
1192,tx,pct_ed_visits_covid,202310,202551,145,1.26,,,state,nssp
1193,ut,pct_ed_visits_covid,202310,202551,145,1.98,,,state,nssp
1194,va,pct_ed_visits_covid,202310,202551,145,1.07,,,state,nssp
1195,vt,pct_ed_visits_covid,202310,202551,145,2.01,,,state,nssp
1196,wa,pct_ed_visits_covid,202310,202551,145,2.16,,,state,nssp
1197,wi,pct_ed_visits_covid,202310,202551,145,1.76,,,state,nssp
1198,wv,pct_ed_visits_covid,202310,202551,145,1.85,,,state,nssp
1199,wy,pct_ed_visits_covid,202310,202551,145,1.82,,,state,nssp
1200,ak,pct_ed_visits_covid,202311,202551,144,1.96,,,state,nssp
1201,al,pct_ed_visits_covid,202311,202551,144,0.87,,,state,nssp
1202,ar,pct_ed_visits_covid,202311,202551,144,0.68,,,state,nssp
1203,az,pct_ed_visits_covid,202311,202551,144,1.73,,,state,nssp
1204,ca,pct_ed_visits_covid,202311,202551,144,1.15,,,state,nssp
1205,co,pct_ed_visits_covid,202311,202551,144,1.35,,,state,nssp
1206,ct,pct_ed_visits_covid,202311,202551,144,0.91,,,state,nssp
1207,dc,pct_ed_visits_covid,202311,202551,144,0.7,,,state,nssp
1208,de,pct_ed_visits_covid,202311,202551,144,1.21,,,state,nssp
1209,fl,pct_ed_visits_covid,202311,202551,144,1.26,,,state,nssp
1210,ga,pct_ed_visits_covid,202311,202551,144,0.65,,,state,nssp
1211,hi,pct_ed_visits_covid,202311,202551,144,1.8,,,state,nssp
1212,ia,pct_ed_visits_covid,202311,202551,144,2.68,,,state,nssp
1213,id,pct_ed_visits_covid,202311,202551,144,1.77,,,state,nssp
1214,il,pct_ed_visits_covid,202311,202551,144,1.78,,,state,nssp
1215,in,pct_ed_visits_covid,202311,202551,144,1.29,,,state,nssp
1216,ks,pct_ed_visits_covid,202311,202551,144,1.39,,,state,nssp
1217,ky,pct_ed_visits_covid,202311,202551,144,1.2,,,state,nssp
1218,la,pct_ed_visits_covid,202311,202551,144,1.29,,,state,nssp
1219,ma,pct_ed_visits_covid,202311,202551,144,1.29,,,state,nssp
1220,md,pct_ed_visits_covid,202311,202551,144,0.85,,,state,nssp
1221,me,pct_ed_visits_covid,202311,202551,144,2.08,,,state,nssp
1222,mi,pct_ed_visits_covid,202311,202551,144,1.91,,,state,nssp
1223,mn,pct_ed_visits_covid,202311,202551,144,1.72,,,state,nssp
1224,ms,pct_ed_visits_covid,202311,202551,144,0.96,,,state,nssp
1225,mt,pct_ed_visits_covid,202311,202551,144,2.27,,,state,nssp
1226,nc,pct_ed_visits_covid,202311,202551,144,1.19,,,state,nssp
1227,nd,pct_ed_visits_covid,202311,202551,144,1.76,,,state,nssp
1228,ne,pct_ed_visits_covid,202311,202551,144,1.65,,,state,nssp
1229,nh,pct_ed_visits_covid,202311,202551,144,1.25,,,state,nssp
1230,nj,pct_ed_visits_covid,202311,202551,144,0.75,,,state,nssp
1231,nm,pct_ed_visits_covid,202311,202551,144,1.96,,,state,nssp
1232,nv,pct_ed_visits_covid,202311,202551,144,1.15,,,state,nssp
1233,ny,pct_ed_visits_covid,202311,202551,144,0.8,,,state,nssp
1234,oh,pct_ed_visits_covid,202311,202551,144,1.47,,,state,nssp
1235,ok,pct_ed_visits_covid,202311,202551,144,1.72,,,state,nssp
1236,or,pct_ed_visits_covid,202311,202551,144,1.57,,,state,nssp
1237,pa,pct_ed_visits_covid,202311,202551,144,1.01,,,state,nssp
1238,ri,pct_ed_visits_covid,202311,202551,144,0.8,,,state,nssp
1239,sc,pct_ed_visits_covid,202311,202551,144,0.87,,,state,nssp
1240,sd,pct_ed_visits_covid,202311,202551,144,1.16,,,state,nssp
1241,tn,pct_ed_visits_covid,202311,202551,144,1.03,,,state,nssp
1242,tx,pct_ed_visits_covid,202311,202551,144,1.04,,,state,nssp
1243,ut,pct_ed_visits_covid,202311,202551,144,1.77,,,state,nssp
1244,va,pct_ed_visits_covid,202311,202551,144,0.98,,,state,nssp
1245,vt,pct_ed_visits_covid,202311,202551,144,1.4,,,state,nssp
1246,wa,pct_ed_visits_covid,202311,202551,144,2.05,,,state,nssp
1247,wi,pct_ed_visits_covid,202311,202551,144,1.66,,,state,nssp
1248,wv,pct_ed_visits_covid,202311,202551,144,1.48,,,state,nssp
1249,wy,pct_ed_visits_covid,202311,202551,144,1.3,,,state,nssp
1250,ak,pct_ed_visits_covid,202312,202551,143,2.1,,,state,nssp
1251,al,pct_ed_visits_covid,202312,202551,143,1.06,,,state,nssp
1252,ar,pct_ed_visits_covid,202312,202551,143,0.83,,,state,nssp
1253,az,pct_ed_visits_covid,202312,202551,143,1.66,,,state,nssp
1254,ca,pct_ed_visits_covid,202312,202551,143,1.01,,,state,nssp
1255,co,pct_ed_visits_covid,202312,202551,143,1.48,,,state,nssp
1256,ct,pct_ed_visits_covid,202312,202551,143,0.83,,,state,nssp
1257,dc,pct_ed_visits_covid,202312,202551,143,0.82,,,state,nssp
1258,de,pct_ed_visits_covid,202312,202551,143,0.84,,,state,nssp
1259,fl,pct_ed_visits_covid,202312,202551,143,1.26,,,state,nssp
1260,ga,pct_ed_visits_covid,202312,202551,143,0.58,,,state,nssp
1261,hi,pct_ed_visits_covid,202312,202551,143,2.51,,,state,nssp
1262,ia,pct_ed_visits_covid,202312,202551,143,2.64,,,state,nssp
1263,id,pct_ed_visits_covid,202312,202551,143,1.57,,,state,nssp
1264,il,pct_ed_visits_covid,202312,202551,143,1.76,,,state,nssp
1265,in,pct_ed_visits_covid,202312,202551,143,1.29,,,state,nssp
1266,ks,pct_ed_visits_covid,202312,202551,143,1.23,,,state,nssp
1267,ky,pct_ed_visits_covid,202312,202551,143,1.32,,,state,nssp
1268,la,pct_ed_visits_covid,202312,202551,143,1.18,,,state,nssp
1269,ma,pct_ed_visits_covid,202312,202551,143,1.11,,,state,nssp
1270,md,pct_ed_visits_covid,202312,202551,143,0.78,,,state,nssp
1271,me,pct_ed_visits_covid,202312,202551,143,1.8,,,state,nssp
1272,mi,pct_ed_visits_covid,202312,202551,143,2.01,,,state,nssp
1273,mn,pct_ed_visits_covid,202312,202551,143,1.46,,,state,nssp
1274,ms,pct_ed_visits_covid,202312,202551,143,1.04,,,state,nssp
1275,mt,pct_ed_visits_covid,202312,202551,143,2.13,,,state,nssp
1276,nc,pct_ed_visits_covid,202312,202551,143,1.07,,,state,nssp
1277,nd,pct_ed_visits_covid,202312,202551,143,1.7,,,state,nssp
1278,ne,pct_ed_visits_covid,202312,202551,143,1.61,,,state,nssp
1279,nh,pct_ed_visits_covid,202312,202551,143,0.85,,,state,nssp
1280,nj,pct_ed_visits_covid,202312,202551,143,0.66,,,state,nssp
1281,nm,pct_ed_visits_covid,202312,202551,143,2.2,,,state,nssp
1282,nv,pct_ed_visits_covid,202312,202551,143,1.21,,,state,nssp
1283,ny,pct_ed_visits_covid,202312,202551,143,0.68,,,state,nssp
1284,oh,pct_ed_visits_covid,202312,202551,143,1.34,,,state,nssp
1285,ok,pct_ed_visits_covid,202312,202551,143,1.38,,,state,nssp
1286,or,pct_ed_visits_covid,202312,202551,143,1.47,,,state,nssp
1287,pa,pct_ed_visits_covid,202312,202551,143,0.88,,,state,nssp
1288,ri,pct_ed_visits_covid,202312,202551,143,0.7,,,state,nssp
1289,sc,pct_ed_visits_covid,202312,202551,143,0.91,,,state,nssp
1290,sd,pct_ed_visits_covid,202312,202551,143,0.98,,,state,nssp
1291,tn,pct_ed_visits_covid,202312,202551,143,0.97,,,state,nssp
1292,tx,pct_ed_visits_covid,202312,202551,143,1.03,,,state,nssp
1293,ut,pct_ed_visits_covid,202312,202551,143,1.34,,,state,nssp
1294,va,pct_ed_visits_covid,202312,202551,143,0.91,,,state,nssp
1295,vt,pct_ed_visits_covid,202312,202551,143,1.41,,,state,nssp
1296,wa,pct_ed_visits_covid,202312,202551,143,1.92,,,state,nssp
1297,wi,pct_ed_visits_covid,202312,202551,143,1.65,,,state,nssp
1298,wv,pct_ed_visits_covid,202312,202551,143,1.37,,,state,nssp
1299,wy,pct_ed_visits_covid,202312,202551,143,1.62,,,state,nssp
1300,ak,pct_ed_visits_covid,202313,202551,142,1.74,,,state,nssp
1301,al,pct_ed_visits_covid,202313,202551,142,0.91,,,state,nssp
1302,ar,pct_ed_visits_covid,202313,202551,142,0.8,,,state,nssp
1303,az,pct_ed_visits_covid,202313,202551,142,1.53,,,state,nssp
1304,ca,pct_ed_visits_covid,202313,202551,142,1.0,,,state,nssp
1305,co,pct_ed_visits_covid,202313,202551,142,1.36,,,state,nssp
1306,ct,pct_ed_visits_covid,202313,202551,142,0.87,,,state,nssp
1307,dc,pct_ed_visits_covid,202313,202551,142,0.65,,,state,nssp
1308,de,pct_ed_visits_covid,202313,202551,142,0.58,,,state,nssp
1309,fl,pct_ed_visits_covid,202313,202551,142,1.2,,,state,nssp
1310,ga,pct_ed_visits_covid,202313,202551,142,0.45,,,state,nssp
1311,hi,pct_ed_visits_covid,202313,202551,142,3.13,,,state,nssp
1312,ia,pct_ed_visits_covid,202313,202551,142,2.4,,,state,nssp
1313,id,pct_ed_visits_covid,202313,202551,142,1.39,,,state,nssp
1314,il,pct_ed_visits_covid,202313,202551,142,1.72,,,state,nssp
1315,in,pct_ed_visits_covid,202313,202551,142,1.19,,,state,nssp
1316,ks,pct_ed_visits_covid,202313,202551,142,1.06,,,state,nssp
1317,ky,pct_ed_visits_covid,202313,202551,142,1.06,,,state,nssp
1318,la,pct_ed_visits_covid,202313,202551,142,1.13,,,state,nssp
1319,ma,pct_ed_visits_covid,202313,202551,142,1.07,,,state,nssp
1320,md,pct_ed_visits_covid,202313,202551,142,0.7,,,state,nssp
1321,me,pct_ed_visits_covid,202313,202551,142,1.7,,,state,nssp
1322,mi,pct_ed_visits_covid,202313,202551,142,1.94,,,state,nssp
1323,mn,pct_ed_visits_covid,202313,202551,142,1.67,,,state,nssp
1324,ms,pct_ed_visits_covid,202313,202551,142,0.96,,,state,nssp
1325,mt,pct_ed_visits_covid,202313,202551,142,2.01,,,state,nssp
1326,nc,pct_ed_visits_covid,202313,202551,142,1.04,,,state,nssp
1327,nd,pct_ed_visits_covid,202313,202551,142,1.54,,,state,nssp
1328,ne,pct_ed_visits_covid,202313,202551,142,1.62,,,state,nssp
1329,nh,pct_ed_visits_covid,202313,202551,142,0.85,,,state,nssp
1330,nj,pct_ed_visits_covid,202313,202551,142,0.51,,,state,nssp
1331,nm,pct_ed_visits_covid,202313,202551,142,2.15,,,state,nssp
1332,nv,pct_ed_visits_covid,202313,202551,142,0.99,,,state,nssp
1333,ny,pct_ed_visits_covid,202313,202551,142,0.62,,,state,nssp
1334,oh,pct_ed_visits_covid,202313,202551,142,1.22,,,state,nssp
1335,ok,pct_ed_visits_covid,202313,202551,142,0.91,,,state,nssp
1336,or,pct_ed_visits_covid,202313,202551,142,1.39,,,state,nssp
1337,pa,pct_ed_visits_covid,202313,202551,142,0.8,,,state,nssp
1338,ri,pct_ed_visits_covid,202313,202551,142,0.86,,,state,nssp
1339,sc,pct_ed_visits_covid,202313,202551,142,0.84,,,state,nssp
1340,sd,pct_ed_visits_covid,202313,202551,142,1.21,,,state,nssp
1341,tn,pct_ed_visits_covid,202313,202551,142,0.92,,,state,nssp
1342,tx,pct_ed_visits_covid,202313,202551,142,1.0,,,state,nssp
1343,ut,pct_ed_visits_covid,202313,202551,142,1.41,,,state,nssp
1344,va,pct_ed_visits_covid,202313,202551,142,0.83,,,state,nssp
1345,vt,pct_ed_visits_covid,202313,202551,142,1.35,,,state,nssp
1346,wa,pct_ed_visits_covid,202313,202551,142,1.67,,,state,nssp
1347,wi,pct_ed_visits_covid,202313,202551,142,1.63,,,state,nssp
1348,wv,pct_ed_visits_covid,202313,202551,142,1.28,,,state,nssp
1349,wy,pct_ed_visits_covid,202313,202551,142,1.34,,,state,nssp
1350,ak,pct_ed_visits_covid,202314,202551,141,1.54,,,state,nssp
1351,al,pct_ed_visits_covid,202314,202551,141,0.82,,,state,nssp
1352,ar,pct_ed_visits_covid,202314,202551,141,0.78,,,state,nssp
1353,az,pct_ed_visits_covid,202314,202551,141,1.62,,,state,nssp
1354,ca,pct_ed_visits_covid,202314,202551,141,0.96,,,state,nssp
1355,co,pct_ed_visits_covid,202314,202551,141,1.13,,,state,nssp
1356,ct,pct_ed_visits_covid,202314,202551,141,0.78,,,state,nssp
1357,dc,pct_ed_visits_covid,202314,202551,141,0.67,,,state,nssp
1358,de,pct_ed_visits_covid,202314,202551,141,0.64,,,state,nssp
1359,fl,pct_ed_visits_covid,202314,202551,141,1.14,,,state,nssp
1360,ga,pct_ed_visits_covid,202314,202551,141,0.48,,,state,nssp
1361,hi,pct_ed_visits_covid,202314,202551,141,3.53,,,state,nssp
1362,ia,pct_ed_visits_covid,202314,202551,141,1.97,,,state,nssp
1363,id,pct_ed_visits_covid,202314,202551,141,1.22,,,state,nssp
1364,il,pct_ed_visits_covid,202314,202551,141,1.5,,,state,nssp
1365,in,pct_ed_visits_covid,202314,202551,141,1.04,,,state,nssp
1366,ks,pct_ed_visits_covid,202314,202551,141,0.87,,,state,nssp
1367,ky,pct_ed_visits_covid,202314,202551,141,1.02,,,state,nssp
1368,la,pct_ed_visits_covid,202314,202551,141,0.94,,,state,nssp
1369,ma,pct_ed_visits_covid,202314,202551,141,1.01,,,state,nssp
1370,md,pct_ed_visits_covid,202314,202551,141,0.6,,,state,nssp
1371,me,pct_ed_visits_covid,202314,202551,141,1.28,,,state,nssp
1372,mi,pct_ed_visits_covid,202314,202551,141,1.62,,,state,nssp
1373,mn,pct_ed_visits_covid,202314,202551,141,1.39,,,state,nssp
1374,ms,pct_ed_visits_covid,202314,202551,141,0.95,,,state,nssp
1375,mt,pct_ed_visits_covid,202314,202551,141,1.34,,,state,nssp
1376,nc,pct_ed_visits_covid,202314,202551,141,0.9,,,state,nssp
1377,nd,pct_ed_visits_covid,202314,202551,141,1.82,,,state,nssp
1378,ne,pct_ed_visits_covid,202314,202551,141,1.25,,,state,nssp
1379,nh,pct_ed_visits_covid,202314,202551,141,1.1,,,state,nssp
1380,nj,pct_ed_visits_covid,202314,202551,141,0.45,,,state,nssp
1381,nm,pct_ed_visits_covid,202314,202551,141,2.12,,,state,nssp
1382,nv,pct_ed_visits_covid,202314,202551,141,1.01,,,state,nssp
1383,ny,pct_ed_visits_covid,202314,202551,141,0.59,,,state,nssp
1384,oh,pct_ed_visits_covid,202314,202551,141,1.03,,,state,nssp
1385,ok,pct_ed_visits_covid,202314,202551,141,1.09,,,state,nssp
1386,or,pct_ed_visits_covid,202314,202551,141,1.21,,,state,nssp
1387,pa,pct_ed_visits_covid,202314,202551,141,0.72,,,state,nssp
1388,ri,pct_ed_visits_covid,202314,202551,141,0.57,,,state,nssp
1389,sc,pct_ed_visits_covid,202314,202551,141,0.8,,,state,nssp
1390,sd,pct_ed_visits_covid,202314,202551,141,0.86,,,state,nssp
1391,tn,pct_ed_visits_covid,202314,202551,141,0.78,,,state,nssp
1392,tx,pct_ed_visits_covid,202314,202551,141,0.99,,,state,nssp
1393,ut,pct_ed_visits_covid,202314,202551,141,1.12,,,state,nssp
1394,va,pct_ed_visits_covid,202314,202551,141,0.74,,,state,nssp
1395,vt,pct_ed_visits_covid,202314,202551,141,0.88,,,state,nssp
1396,wa,pct_ed_visits_covid,202314,202551,141,1.58,,,state,nssp
1397,wi,pct_ed_visits_covid,202314,202551,141,1.46,,,state,nssp
1398,wv,pct_ed_visits_covid,202314,202551,141,1.1,,,state,nssp
1399,wy,pct_ed_visits_covid,202314,202551,141,1.36,,,state,nssp
1400,ak,pct_ed_visits_covid,202315,202551,140,1.46,,,state,nssp
1401,al,pct_ed_visits_covid,202315,202551,140,0.69,,,state,nssp
1402,ar,pct_ed_visits_covid,202315,202551,140,0.77,,,state,nssp
1403,az,pct_ed_visits_covid,202315,202551,140,1.72,,,state,nssp
1404,ca,pct_ed_visits_covid,202315,202551,140,0.98,,,state,nssp
1405,co,pct_ed_visits_covid,202315,202551,140,1.08,,,state,nssp
1406,ct,pct_ed_visits_covid,202315,202551,140,0.61,,,state,nssp
1407,dc,pct_ed_visits_covid,202315,202551,140,0.48,,,state,nssp
1408,de,pct_ed_visits_covid,202315,202551,140,0.51,,,state,nssp
1409,fl,pct_ed_visits_covid,202315,202551,140,1.05,,,state,nssp
1410,ga,pct_ed_visits_covid,202315,202551,140,0.41,,,state,nssp
1411,hi,pct_ed_visits_covid,202315,202551,140,2.87,,,state,nssp
1412,ia,pct_ed_visits_covid,202315,202551,140,1.95,,,state,nssp
1413,id,pct_ed_visits_covid,202315,202551,140,1.04,,,state,nssp
1414,il,pct_ed_visits_covid,202315,202551,140,1.25,,,state,nssp
1415,in,pct_ed_visits_covid,202315,202551,140,0.87,,,state,nssp
1416,ks,pct_ed_visits_covid,202315,202551,140,0.77,,,state,nssp
1417,ky,pct_ed_visits_covid,202315,202551,140,0.8,,,state,nssp
1418,la,pct_ed_visits_covid,202315,202551,140,1.01,,,state,nssp
1419,ma,pct_ed_visits_covid,202315,202551,140,0.94,,,state,nssp
1420,md,pct_ed_visits_covid,202315,202551,140,0.51,,,state,nssp
1421,me,pct_ed_visits_covid,202315,202551,140,1.19,,,state,nssp
1422,mi,pct_ed_visits_covid,202315,202551,140,1.35,,,state,nssp
1423,mn,pct_ed_visits_covid,202315,202551,140,1.08,,,state,nssp
1424,ms,pct_ed_visits_covid,202315,202551,140,1.07,,,state,nssp
1425,mt,pct_ed_visits_covid,202315,202551,140,1.12,,,state,nssp
1426,nc,pct_ed_visits_covid,202315,202551,140,0.75,,,state,nssp
1427,nd,pct_ed_visits_covid,202315,202551,140,1.64,,,state,nssp
1428,ne,pct_ed_visits_covid,202315,202551,140,0.8,,,state,nssp
1429,nh,pct_ed_visits_covid,202315,202551,140,0.77,,,state,nssp
1430,nj,pct_ed_visits_covid,202315,202551,140,0.46,,,state,nssp
1431,nm,pct_ed_visits_covid,202315,202551,140,2.26,,,state,nssp
1432,nv,pct_ed_visits_covid,202315,202551,140,1.04,,,state,nssp
1433,ny,pct_ed_visits_covid,202315,202551,140,0.54,,,state,nssp
1434,oh,pct_ed_visits_covid,202315,202551,140,0.84,,,state,nssp
1435,ok,pct_ed_visits_covid,202315,202551,140,1.0,,,state,nssp
1436,or,pct_ed_visits_covid,202315,202551,140,1.17,,,state,nssp
1437,pa,pct_ed_visits_covid,202315,202551,140,0.49,,,state,nssp
1438,ri,pct_ed_visits_covid,202315,202551,140,0.6,,,state,nssp
1439,sc,pct_ed_visits_covid,202315,202551,140,0.65,,,state,nssp
1440,sd,pct_ed_visits_covid,202315,202551,140,0.7,,,state,nssp
1441,tn,pct_ed_visits_covid,202315,202551,140,0.73,,,state,nssp
1442,tx,pct_ed_visits_covid,202315,202551,140,1.02,,,state,nssp
1443,ut,pct_ed_visits_covid,202315,202551,140,1.11,,,state,nssp
1444,va,pct_ed_visits_covid,202315,202551,140,0.65,,,state,nssp
1445,vt,pct_ed_visits_covid,202315,202551,140,0.68,,,state,nssp
1446,wa,pct_ed_visits_covid,202315,202551,140,1.42,,,state,nssp
1447,wi,pct_ed_visits_covid,202315,202551,140,1.28,,,state,nssp
1448,wv,pct_ed_visits_covid,202315,202551,140,1.0,,,state,nssp
1449,wy,pct_ed_visits_covid,202315,202551,140,1.34,,,state,nssp
1450,ak,pct_ed_visits_covid,202316,202551,139,1.22,,,state,nssp
1451,al,pct_ed_visits_covid,202316,202551,139,0.63,,,state,nssp
1452,ar,pct_ed_visits_covid,202316,202551,139,0.5,,,state,nssp
1453,az,pct_ed_visits_covid,202316,202551,139,1.7,,,state,nssp
1454,ca,pct_ed_visits_covid,202316,202551,139,0.84,,,state,nssp
1455,co,pct_ed_visits_covid,202316,202551,139,0.82,,,state,nssp
1456,ct,pct_ed_visits_covid,202316,202551,139,0.51,,,state,nssp
1457,dc,pct_ed_visits_covid,202316,202551,139,0.4,,,state,nssp
1458,de,pct_ed_visits_covid,202316,202551,139,0.37,,,state,nssp
1459,fl,pct_ed_visits_covid,202316,202551,139,0.96,,,state,nssp
1460,ga,pct_ed_visits_covid,202316,202551,139,0.38,,,state,nssp
1461,hi,pct_ed_visits_covid,202316,202551,139,2.14,,,state,nssp
1462,ia,pct_ed_visits_covid,202316,202551,139,1.69,,,state,nssp
1463,id,pct_ed_visits_covid,202316,202551,139,0.9,,,state,nssp
1464,il,pct_ed_visits_covid,202316,202551,139,1.02,,,state,nssp
1465,in,pct_ed_visits_covid,202316,202551,139,0.62,,,state,nssp
1466,ks,pct_ed_visits_covid,202316,202551,139,0.58,,,state,nssp
1467,ky,pct_ed_visits_covid,202316,202551,139,0.73,,,state,nssp
1468,la,pct_ed_visits_covid,202316,202551,139,0.82,,,state,nssp
1469,ma,pct_ed_visits_covid,202316,202551,139,0.65,,,state,nssp
1470,md,pct_ed_visits_covid,202316,202551,139,0.4,,,state,nssp
1471,me,pct_ed_visits_covid,202316,202551,139,0.91,,,state,nssp
1472,mi,pct_ed_visits_covid,202316,202551,139,1.05,,,state,nssp
1473,mn,pct_ed_visits_covid,202316,202551,139,1.02,,,state,nssp
1474,ms,pct_ed_visits_covid,202316,202551,139,0.83,,,state,nssp
1475,mt,pct_ed_visits_covid,202316,202551,139,0.99,,,state,nssp
1476,nc,pct_ed_visits_covid,202316,202551,139,0.72,,,state,nssp
1477,nd,pct_ed_visits_covid,202316,202551,139,1.08,,,state,nssp
1478,ne,pct_ed_visits_covid,202316,202551,139,0.71,,,state,nssp
1479,nh,pct_ed_visits_covid,202316,202551,139,0.79,,,state,nssp
1480,nj,pct_ed_visits_covid,202316,202551,139,0.31,,,state,nssp
1481,nm,pct_ed_visits_covid,202316,202551,139,1.82,,,state,nssp
1482,nv,pct_ed_visits_covid,202316,202551,139,0.87,,,state,nssp
1483,ny,pct_ed_visits_covid,202316,202551,139,0.42,,,state,nssp
1484,oh,pct_ed_visits_covid,202316,202551,139,0.67,,,state,nssp
1485,ok,pct_ed_visits_covid,202316,202551,139,0.79,,,state,nssp
1486,or,pct_ed_visits_covid,202316,202551,139,1.16,,,state,nssp
1487,pa,pct_ed_visits_covid,202316,202551,139,0.43,,,state,nssp
1488,ri,pct_ed_visits_covid,202316,202551,139,0.41,,,state,nssp
1489,sc,pct_ed_visits_covid,202316,202551,139,0.71,,,state,nssp
1490,sd,pct_ed_visits_covid,202316,202551,139,0.55,,,state,nssp
1491,tn,pct_ed_visits_covid,202316,202551,139,0.67,,,state,nssp
1492,tx,pct_ed_visits_covid,202316,202551,139,0.86,,,state,nssp
1493,ut,pct_ed_visits_covid,202316,202551,139,0.94,,,state,nssp
1494,va,pct_ed_visits_covid,202316,202551,139,0.55,,,state,nssp
1495,vt,pct_ed_visits_covid,202316,202551,139,0.67,,,state,nssp
1496,wa,pct_ed_visits_covid,202316,202551,139,1.32,,,state,nssp
1497,wi,pct_ed_visits_covid,202316,202551,139,0.94,,,state,nssp
1498,wv,pct_ed_visits_covid,202316,202551,139,0.62,,,state,nssp
1499,wy,pct_ed_visits_covid,202316,202551,139,1.0,,,state,nssp
1500,ak,pct_ed_visits_covid,202317,202551,138,0.91,,,state,nssp
1501,al,pct_ed_visits_covid,202317,202551,138,0.67,,,state,nssp
1502,ar,pct_ed_visits_covid,202317,202551,138,0.8,,,state,nssp
1503,az,pct_ed_visits_covid,202317,202551,138,1.47,,,state,nssp
1504,ca,pct_ed_visits_covid,202317,202551,138,0.77,,,state,nssp
1505,co,pct_ed_visits_covid,202317,202551,138,0.7,,,state,nssp
1506,ct,pct_ed_visits_covid,202317,202551,138,0.51,,,state,nssp
1507,dc,pct_ed_visits_covid,202317,202551,138,0.35,,,state,nssp
1508,de,pct_ed_visits_covid,202317,202551,138,0.25,,,state,nssp
1509,fl,pct_ed_visits_covid,202317,202551,138,0.95,,,state,nssp
1510,ga,pct_ed_visits_covid,202317,202551,138,0.33,,,state,nssp
1511,hi,pct_ed_visits_covid,202317,202551,138,2.35,,,state,nssp
1512,ia,pct_ed_visits_covid,202317,202551,138,1.26,,,state,nssp
1513,id,pct_ed_visits_covid,202317,202551,138,0.7,,,state,nssp
1514,il,pct_ed_visits_covid,202317,202551,138,0.88,,,state,nssp
1515,in,pct_ed_visits_covid,202317,202551,138,0.7,,,state,nssp
1516,ks,pct_ed_visits_covid,202317,202551,138,0.52,,,state,nssp
1517,ky,pct_ed_visits_covid,202317,202551,138,0.73,,,state,nssp
1518,la,pct_ed_visits_covid,202317,202551,138,0.72,,,state,nssp
1519,ma,pct_ed_visits_covid,202317,202551,138,0.6,,,state,nssp
1520,md,pct_ed_visits_covid,202317,202551,138,0.42,,,state,nssp
1521,me,pct_ed_visits_covid,202317,202551,138,0.6,,,state,nssp
1522,mi,pct_ed_visits_covid,202317,202551,138,0.93,,,state,nssp
1523,mn,pct_ed_visits_covid,202317,202551,138,0.84,,,state,nssp
1524,ms,pct_ed_visits_covid,202317,202551,138,0.81,,,state,nssp
1525,mt,pct_ed_visits_covid,202317,202551,138,0.79,,,state,nssp
1526,nc,pct_ed_visits_covid,202317,202551,138,0.65,,,state,nssp
1527,nd,pct_ed_visits_covid,202317,202551,138,1.25,,,state,nssp
1528,ne,pct_ed_visits_covid,202317,202551,138,0.6,,,state,nssp
1529,nh,pct_ed_visits_covid,202317,202551,138,0.53,,,state,nssp
1530,nj,pct_ed_visits_covid,202317,202551,138,0.29,,,state,nssp
1531,nm,pct_ed_visits_covid,202317,202551,138,1.98,,,state,nssp
1532,nv,pct_ed_visits_covid,202317,202551,138,0.82,,,state,nssp
1533,ny,pct_ed_visits_covid,202317,202551,138,0.37,,,state,nssp
1534,oh,pct_ed_visits_covid,202317,202551,138,0.53,,,state,nssp
1535,ok,pct_ed_visits_covid,202317,202551,138,0.51,,,state,nssp
1536,or,pct_ed_visits_covid,202317,202551,138,1.03,,,state,nssp
1537,pa,pct_ed_visits_covid,202317,202551,138,0.33,,,state,nssp
1538,ri,pct_ed_visits_covid,202317,202551,138,0.34,,,state,nssp
1539,sc,pct_ed_visits_covid,202317,202551,138,0.6,,,state,nssp
1540,sd,pct_ed_visits_covid,202317,202551,138,0.8,,,state,nssp
1541,tn,pct_ed_visits_covid,202317,202551,138,0.62,,,state,nssp
1542,tx,pct_ed_visits_covid,202317,202551,138,0.7,,,state,nssp
1543,ut,pct_ed_visits_covid,202317,202551,138,0.8,,,state,nssp
1544,va,pct_ed_visits_covid,202317,202551,138,0.48,,,state,nssp
1545,vt,pct_ed_visits_covid,202317,202551,138,0.42,,,state,nssp
1546,wa,pct_ed_visits_covid,202317,202551,138,1.26,,,state,nssp
1547,wi,pct_ed_visits_covid,202317,202551,138,0.86,,,state,nssp
1548,wv,pct_ed_visits_covid,202317,202551,138,0.67,,,state,nssp
1549,wy,pct_ed_visits_covid,202317,202551,138,1.49,,,state,nssp
1550,ak,pct_ed_visits_covid,202318,202551,137,1.23,,,state,nssp
1551,al,pct_ed_visits_covid,202318,202551,137,0.65,,,state,nssp
1552,ar,pct_ed_visits_covid,202318,202551,137,0.7,,,state,nssp
1553,az,pct_ed_visits_covid,202318,202551,137,1.27,,,state,nssp
1554,ca,pct_ed_visits_covid,202318,202551,137,0.76,,,state,nssp
1555,co,pct_ed_visits_covid,202318,202551,137,0.7,,,state,nssp
1556,ct,pct_ed_visits_covid,202318,202551,137,0.47,,,state,nssp
1557,dc,pct_ed_visits_covid,202318,202551,137,0.45,,,state,nssp
1558,de,pct_ed_visits_covid,202318,202551,137,0.3,,,state,nssp
1559,fl,pct_ed_visits_covid,202318,202551,137,0.89,,,state,nssp
1560,ga,pct_ed_visits_covid,202318,202551,137,0.35,,,state,nssp
1561,hi,pct_ed_visits_covid,202318,202551,137,1.91,,,state,nssp
1562,ia,pct_ed_visits_covid,202318,202551,137,1.21,,,state,nssp
1563,id,pct_ed_visits_covid,202318,202551,137,0.68,,,state,nssp
1564,il,pct_ed_visits_covid,202318,202551,137,0.89,,,state,nssp
1565,in,pct_ed_visits_covid,202318,202551,137,0.66,,,state,nssp
1566,ks,pct_ed_visits_covid,202318,202551,137,0.44,,,state,nssp
1567,ky,pct_ed_visits_covid,202318,202551,137,0.7,,,state,nssp
1568,la,pct_ed_visits_covid,202318,202551,137,0.74,,,state,nssp
1569,ma,pct_ed_visits_covid,202318,202551,137,0.63,,,state,nssp
1570,md,pct_ed_visits_covid,202318,202551,137,0.41,,,state,nssp
1571,me,pct_ed_visits_covid,202318,202551,137,0.61,,,state,nssp
1572,mi,pct_ed_visits_covid,202318,202551,137,0.84,,,state,nssp
1573,mn,pct_ed_visits_covid,202318,202551,137,0.85,,,state,nssp
1574,ms,pct_ed_visits_covid,202318,202551,137,0.7,,,state,nssp
1575,mt,pct_ed_visits_covid,202318,202551,137,0.9,,,state,nssp
1576,nc,pct_ed_visits_covid,202318,202551,137,0.63,,,state,nssp
1577,nd,pct_ed_visits_covid,202318,202551,137,0.73,,,state,nssp
1578,ne,pct_ed_visits_covid,202318,202551,137,0.52,,,state,nssp
1579,nh,pct_ed_visits_covid,202318,202551,137,0.4,,,state,nssp
1580,nj,pct_ed_visits_covid,202318,202551,137,0.33,,,state,nssp
1581,nm,pct_ed_visits_covid,202318,202551,137,1.66,,,state,nssp
1582,nv,pct_ed_visits_covid,202318,202551,137,0.78,,,state,nssp
1583,ny,pct_ed_visits_covid,202318,202551,137,0.36,,,state,nssp
1584,oh,pct_ed_visits_covid,202318,202551,137,0.54,,,state,nssp
1585,ok,pct_ed_visits_covid,202318,202551,137,0.5,,,state,nssp
1586,or,pct_ed_visits_covid,202318,202551,137,0.96,,,state,nssp
1587,pa,pct_ed_visits_covid,202318,202551,137,0.35,,,state,nssp
1588,ri,pct_ed_visits_covid,202318,202551,137,0.33,,,state,nssp
1589,sc,pct_ed_visits_covid,202318,202551,137,0.61,,,state,nssp
1590,sd,pct_ed_visits_covid,202318,202551,137,0.49,,,state,nssp
1591,tn,pct_ed_visits_covid,202318,202551,137,0.61,,,state,nssp
1592,tx,pct_ed_visits_covid,202318,202551,137,0.66,,,state,nssp
1593,ut,pct_ed_visits_covid,202318,202551,137,0.81,,,state,nssp
1594,va,pct_ed_visits_covid,202318,202551,137,0.57,,,state,nssp
1595,vt,pct_ed_visits_covid,202318,202551,137,0.51,,,state,nssp
1596,wa,pct_ed_visits_covid,202318,202551,137,1.07,,,state,nssp
1597,wi,pct_ed_visits_covid,202318,202551,137,0.83,,,state,nssp
1598,wv,pct_ed_visits_covid,202318,202551,137,0.57,,,state,nssp
1599,wy,pct_ed_visits_covid,202318,202551,137,1.19,,,state,nssp
1600,ak,pct_ed_visits_covid,202319,202551,136,0.97,,,state,nssp
1601,al,pct_ed_visits_covid,202319,202551,136,0.62,,,state,nssp
1602,ar,pct_ed_visits_covid,202319,202551,136,0.45,,,state,nssp
1603,az,pct_ed_visits_covid,202319,202551,136,1.23,,,state,nssp
1604,ca,pct_ed_visits_covid,202319,202551,136,0.81,,,state,nssp
1605,co,pct_ed_visits_covid,202319,202551,136,0.71,,,state,nssp
1606,ct,pct_ed_visits_covid,202319,202551,136,0.47,,,state,nssp
1607,dc,pct_ed_visits_covid,202319,202551,136,0.44,,,state,nssp
1608,de,pct_ed_visits_covid,202319,202551,136,0.32,,,state,nssp
1609,fl,pct_ed_visits_covid,202319,202551,136,0.87,,,state,nssp
1610,ga,pct_ed_visits_covid,202319,202551,136,0.33,,,state,nssp
1611,hi,pct_ed_visits_covid,202319,202551,136,2.07,,,state,nssp
1612,ia,pct_ed_visits_covid,202319,202551,136,1.16,,,state,nssp
1613,id,pct_ed_visits_covid,202319,202551,136,0.45,,,state,nssp
1614,il,pct_ed_visits_covid,202319,202551,136,0.81,,,state,nssp
1615,in,pct_ed_visits_covid,202319,202551,136,0.53,,,state,nssp
1616,ks,pct_ed_visits_covid,202319,202551,136,0.43,,,state,nssp
1617,ky,pct_ed_visits_covid,202319,202551,136,0.6,,,state,nssp
1618,la,pct_ed_visits_covid,202319,202551,136,0.71,,,state,nssp
1619,ma,pct_ed_visits_covid,202319,202551,136,0.56,,,state,nssp
1620,md,pct_ed_visits_covid,202319,202551,136,0.4,,,state,nssp
1621,me,pct_ed_visits_covid,202319,202551,136,0.57,,,state,nssp
1622,mi,pct_ed_visits_covid,202319,202551,136,0.84,,,state,nssp
1623,mn,pct_ed_visits_covid,202319,202551,136,0.74,,,state,nssp
1624,ms,pct_ed_visits_covid,202319,202551,136,0.68,,,state,nssp
1625,mt,pct_ed_visits_covid,202319,202551,136,0.56,,,state,nssp
1626,nc,pct_ed_visits_covid,202319,202551,136,0.62,,,state,nssp
1627,nd,pct_ed_visits_covid,202319,202551,136,0.86,,,state,nssp
1628,ne,pct_ed_visits_covid,202319,202551,136,0.48,,,state,nssp
1629,nh,pct_ed_visits_covid,202319,202551,136,0.68,,,state,nssp
1630,nj,pct_ed_visits_covid,202319,202551,136,0.28,,,state,nssp
1631,nm,pct_ed_visits_covid,202319,202551,136,1.49,,,state,nssp
1632,nv,pct_ed_visits_covid,202319,202551,136,0.72,,,state,nssp
1633,ny,pct_ed_visits_covid,202319,202551,136,0.36,,,state,nssp
1634,oh,pct_ed_visits_covid,202319,202551,136,0.56,,,state,nssp
1635,ok,pct_ed_visits_covid,202319,202551,136,0.37,,,state,nssp
1636,or,pct_ed_visits_covid,202319,202551,136,0.83,,,state,nssp
1637,pa,pct_ed_visits_covid,202319,202551,136,0.31,,,state,nssp
1638,ri,pct_ed_visits_covid,202319,202551,136,0.35,,,state,nssp
1639,sc,pct_ed_visits_covid,202319,202551,136,0.64,,,state,nssp
1640,sd,pct_ed_visits_covid,202319,202551,136,0.35,,,state,nssp
1641,tn,pct_ed_visits_covid,202319,202551,136,0.58,,,state,nssp
1642,tx,pct_ed_visits_covid,202319,202551,136,0.6,,,state,nssp
1643,ut,pct_ed_visits_covid,202319,202551,136,0.82,,,state,nssp
1644,va,pct_ed_visits_covid,202319,202551,136,0.54,,,state,nssp
1645,vt,pct_ed_visits_covid,202319,202551,136,0.44,,,state,nssp
1646,wa,pct_ed_visits_covid,202319,202551,136,0.95,,,state,nssp
1647,wi,pct_ed_visits_covid,202319,202551,136,0.73,,,state,nssp
1648,wv,pct_ed_visits_covid,202319,202551,136,0.46,,,state,nssp
1649,wy,pct_ed_visits_covid,202319,202551,136,1.06,,,state,nssp
1650,ak,pct_ed_visits_covid,202320,202551,135,0.82,,,state,nssp
1651,al,pct_ed_visits_covid,202320,202551,135,0.57,,,state,nssp
1652,ar,pct_ed_visits_covid,202320,202551,135,0.59,,,state,nssp
1653,az,pct_ed_visits_covid,202320,202551,135,1.17,,,state,nssp
1654,ca,pct_ed_visits_covid,202320,202551,135,0.76,,,state,nssp
1655,co,pct_ed_visits_covid,202320,202551,135,0.63,,,state,nssp
1656,ct,pct_ed_visits_covid,202320,202551,135,0.44,,,state,nssp
1657,dc,pct_ed_visits_covid,202320,202551,135,0.45,,,state,nssp
1658,de,pct_ed_visits_covid,202320,202551,135,0.39,,,state,nssp
1659,fl,pct_ed_visits_covid,202320,202551,135,0.87,,,state,nssp
1660,ga,pct_ed_visits_covid,202320,202551,135,0.31,,,state,nssp
1661,hi,pct_ed_visits_covid,202320,202551,135,1.68,,,state,nssp
1662,ia,pct_ed_visits_covid,202320,202551,135,0.94,,,state,nssp
1663,id,pct_ed_visits_covid,202320,202551,135,0.62,,,state,nssp
1664,il,pct_ed_visits_covid,202320,202551,135,0.71,,,state,nssp
1665,in,pct_ed_visits_covid,202320,202551,135,0.41,,,state,nssp
1666,ks,pct_ed_visits_covid,202320,202551,135,0.37,,,state,nssp
1667,ky,pct_ed_visits_covid,202320,202551,135,0.58,,,state,nssp
1668,la,pct_ed_visits_covid,202320,202551,135,0.67,,,state,nssp
1669,ma,pct_ed_visits_covid,202320,202551,135,0.54,,,state,nssp
1670,md,pct_ed_visits_covid,202320,202551,135,0.34,,,state,nssp
1671,me,pct_ed_visits_covid,202320,202551,135,0.55,,,state,nssp
1672,mi,pct_ed_visits_covid,202320,202551,135,0.65,,,state,nssp
1673,mn,pct_ed_visits_covid,202320,202551,135,0.45,,,state,nssp
1674,ms,pct_ed_visits_covid,202320,202551,135,0.65,,,state,nssp
1675,mt,pct_ed_visits_covid,202320,202551,135,0.43,,,state,nssp
1676,nc,pct_ed_visits_covid,202320,202551,135,0.62,,,state,nssp
1677,nd,pct_ed_visits_covid,202320,202551,135,0.56,,,state,nssp
1678,ne,pct_ed_visits_covid,202320,202551,135,0.31,,,state,nssp
1679,nh,pct_ed_visits_covid,202320,202551,135,0.43,,,state,nssp
1680,nj,pct_ed_visits_covid,202320,202551,135,0.3,,,state,nssp
1681,nm,pct_ed_visits_covid,202320,202551,135,1.39,,,state,nssp
1682,nv,pct_ed_visits_covid,202320,202551,135,0.76,,,state,nssp
1683,ny,pct_ed_visits_covid,202320,202551,135,0.38,,,state,nssp
1684,oh,pct_ed_visits_covid,202320,202551,135,0.43,,,state,nssp
1685,ok,pct_ed_visits_covid,202320,202551,135,0.32,,,state,nssp
1686,or,pct_ed_visits_covid,202320,202551,135,0.77,,,state,nssp
1687,pa,pct_ed_visits_covid,202320,202551,135,0.28,,,state,nssp
1688,ri,pct_ed_visits_covid,202320,202551,135,0.41,,,state,nssp
1689,sc,pct_ed_visits_covid,202320,202551,135,0.6,,,state,nssp
1690,sd,pct_ed_visits_covid,202320,202551,135,0.48,,,state,nssp
1691,tn,pct_ed_visits_covid,202320,202551,135,0.53,,,state,nssp
1692,tx,pct_ed_visits_covid,202320,202551,135,0.56,,,state,nssp
1693,ut,pct_ed_visits_covid,202320,202551,135,0.74,,,state,nssp
1694,va,pct_ed_visits_covid,202320,202551,135,0.49,,,state,nssp
1695,vt,pct_ed_visits_covid,202320,202551,135,0.51,,,state,nssp
1696,wa,pct_ed_visits_covid,202320,202551,135,0.93,,,state,nssp
1697,wi,pct_ed_visits_covid,202320,202551,135,0.52,,,state,nssp
1698,wv,pct_ed_visits_covid,202320,202551,135,0.41,,,state,nssp
1699,wy,pct_ed_visits_covid,202320,202551,135,0.67,,,state,nssp
1700,ak,pct_ed_visits_covid,202321,202551,134,0.83,,,state,nssp
1701,al,pct_ed_visits_covid,202321,202551,134,0.54,,,state,nssp
1702,ar,pct_ed_visits_covid,202321,202551,134,0.4,,,state,nssp
1703,az,pct_ed_visits_covid,202321,202551,134,0.91,,,state,nssp
1704,ca,pct_ed_visits_covid,202321,202551,134,0.63,,,state,nssp
1705,co,pct_ed_visits_covid,202321,202551,134,0.6,,,state,nssp
1706,ct,pct_ed_visits_covid,202321,202551,134,0.58,,,state,nssp
1707,dc,pct_ed_visits_covid,202321,202551,134,0.46,,,state,nssp
1708,de,pct_ed_visits_covid,202321,202551,134,0.28,,,state,nssp
1709,fl,pct_ed_visits_covid,202321,202551,134,0.94,,,state,nssp
1710,ga,pct_ed_visits_covid,202321,202551,134,0.33,,,state,nssp
1711,hi,pct_ed_visits_covid,202321,202551,134,1.92,,,state,nssp
1712,ia,pct_ed_visits_covid,202321,202551,134,0.81,,,state,nssp
1713,id,pct_ed_visits_covid,202321,202551,134,0.39,,,state,nssp
1714,il,pct_ed_visits_covid,202321,202551,134,0.53,,,state,nssp
1715,in,pct_ed_visits_covid,202321,202551,134,0.37,,,state,nssp
1716,ks,pct_ed_visits_covid,202321,202551,134,0.27,,,state,nssp
1717,ky,pct_ed_visits_covid,202321,202551,134,0.51,,,state,nssp
1718,la,pct_ed_visits_covid,202321,202551,134,0.68,,,state,nssp
1719,ma,pct_ed_visits_covid,202321,202551,134,0.57,,,state,nssp
1720,md,pct_ed_visits_covid,202321,202551,134,0.34,,,state,nssp
1721,me,pct_ed_visits_covid,202321,202551,134,0.67,,,state,nssp
1722,mi,pct_ed_visits_covid,202321,202551,134,0.6,,,state,nssp
1723,mn,pct_ed_visits_covid,202321,202551,134,0.42,,,state,nssp
1724,ms,pct_ed_visits_covid,202321,202551,134,0.61,,,state,nssp
1725,mt,pct_ed_visits_covid,202321,202551,134,0.49,,,state,nssp
1726,nc,pct_ed_visits_covid,202321,202551,134,0.57,,,state,nssp
1727,nd,pct_ed_visits_covid,202321,202551,134,0.55,,,state,nssp
1728,ne,pct_ed_visits_covid,202321,202551,134,0.2,,,state,nssp
1729,nh,pct_ed_visits_covid,202321,202551,134,0.47,,,state,nssp
1730,nj,pct_ed_visits_covid,202321,202551,134,0.38,,,state,nssp
1731,nm,pct_ed_visits_covid,202321,202551,134,1.1,,,state,nssp
1732,nv,pct_ed_visits_covid,202321,202551,134,0.7,,,state,nssp
1733,ny,pct_ed_visits_covid,202321,202551,134,0.36,,,state,nssp
1734,oh,pct_ed_visits_covid,202321,202551,134,0.42,,,state,nssp
1735,ok,pct_ed_visits_covid,202321,202551,134,0.27,,,state,nssp
1736,or,pct_ed_visits_covid,202321,202551,134,0.7,,,state,nssp
1737,pa,pct_ed_visits_covid,202321,202551,134,0.28,,,state,nssp
1738,ri,pct_ed_visits_covid,202321,202551,134,0.43,,,state,nssp
1739,sc,pct_ed_visits_covid,202321,202551,134,0.6,,,state,nssp
1740,sd,pct_ed_visits_covid,202321,202551,134,0.27,,,state,nssp
1741,tn,pct_ed_visits_covid,202321,202551,134,0.45,,,state,nssp
1742,tx,pct_ed_visits_covid,202321,202551,134,0.51,,,state,nssp
1743,ut,pct_ed_visits_covid,202321,202551,134,0.61,,,state,nssp
1744,va,pct_ed_visits_covid,202321,202551,134,0.49,,,state,nssp
1745,vt,pct_ed_visits_covid,202321,202551,134,0.6,,,state,nssp
1746,wa,pct_ed_visits_covid,202321,202551,134,0.83,,,state,nssp
1747,wi,pct_ed_visits_covid,202321,202551,134,0.46,,,state,nssp
1748,wv,pct_ed_visits_covid,202321,202551,134,0.45,,,state,nssp
1749,wy,pct_ed_visits_covid,202321,202551,134,0.8,,,state,nssp
1750,ak,pct_ed_visits_covid,202322,202551,133,1.26,,,state,nssp
1751,al,pct_ed_visits_covid,202322,202551,133,0.57,,,state,nssp
1752,ar,pct_ed_visits_covid,202322,202551,133,0.43,,,state,nssp
1753,az,pct_ed_visits_covid,202322,202551,133,0.9,,,state,nssp
1754,ca,pct_ed_visits_covid,202322,202551,133,0.69,,,state,nssp
1755,co,pct_ed_visits_covid,202322,202551,133,0.37,,,state,nssp
1756,ct,pct_ed_visits_covid,202322,202551,133,0.55,,,state,nssp
1757,dc,pct_ed_visits_covid,202322,202551,133,0.33,,,state,nssp
1758,de,pct_ed_visits_covid,202322,202551,133,0.25,,,state,nssp
1759,fl,pct_ed_visits_covid,202322,202551,133,1.08,,,state,nssp
1760,ga,pct_ed_visits_covid,202322,202551,133,0.33,,,state,nssp
1761,hi,pct_ed_visits_covid,202322,202551,133,1.66,,,state,nssp
1762,ia,pct_ed_visits_covid,202322,202551,133,0.85,,,state,nssp
1763,id,pct_ed_visits_covid,202322,202551,133,0.43,,,state,nssp
1764,il,pct_ed_visits_covid,202322,202551,133,0.56,,,state,nssp
1765,in,pct_ed_visits_covid,202322,202551,133,0.41,,,state,nssp
1766,ks,pct_ed_visits_covid,202322,202551,133,0.27,,,state,nssp
1767,ky,pct_ed_visits_covid,202322,202551,133,0.38,,,state,nssp
1768,la,pct_ed_visits_covid,202322,202551,133,0.74,,,state,nssp
1769,ma,pct_ed_visits_covid,202322,202551,133,0.69,,,state,nssp
1770,md,pct_ed_visits_covid,202322,202551,133,0.44,,,state,nssp
1771,me,pct_ed_visits_covid,202322,202551,133,0.55,,,state,nssp
1772,mi,pct_ed_visits_covid,202322,202551,133,0.54,,,state,nssp
1773,mn,pct_ed_visits_covid,202322,202551,133,0.33,,,state,nssp
1774,ms,pct_ed_visits_covid,202322,202551,133,0.57,,,state,nssp
1775,mt,pct_ed_visits_covid,202322,202551,133,0.36,,,state,nssp
1776,nc,pct_ed_visits_covid,202322,202551,133,0.63,,,state,nssp
1777,nd,pct_ed_visits_covid,202322,202551,133,0.44,,,state,nssp
1778,ne,pct_ed_visits_covid,202322,202551,133,0.23,,,state,nssp
1779,nh,pct_ed_visits_covid,202322,202551,133,0.47,,,state,nssp
1780,nj,pct_ed_visits_covid,202322,202551,133,0.36,,,state,nssp
1781,nm,pct_ed_visits_covid,202322,202551,133,0.86,,,state,nssp
1782,nv,pct_ed_visits_covid,202322,202551,133,0.76,,,state,nssp
1783,ny,pct_ed_visits_covid,202322,202551,133,0.42,,,state,nssp
1784,oh,pct_ed_visits_covid,202322,202551,133,0.37,,,state,nssp
1785,ok,pct_ed_visits_covid,202322,202551,133,0.19,,,state,nssp
1786,or,pct_ed_visits_covid,202322,202551,133,0.68,,,state,nssp
1787,pa,pct_ed_visits_covid,202322,202551,133,0.29,,,state,nssp
1788,ri,pct_ed_visits_covid,202322,202551,133,0.49,,,state,nssp
1789,sc,pct_ed_visits_covid,202322,202551,133,0.65,,,state,nssp
1790,sd,pct_ed_visits_covid,202322,202551,133,0.23,,,state,nssp
1791,tn,pct_ed_visits_covid,202322,202551,133,0.41,,,state,nssp
1792,tx,pct_ed_visits_covid,202322,202551,133,0.49,,,state,nssp
1793,ut,pct_ed_visits_covid,202322,202551,133,0.74,,,state,nssp
1794,va,pct_ed_visits_covid,202322,202551,133,0.55,,,state,nssp
1795,vt,pct_ed_visits_covid,202322,202551,133,0.53,,,state,nssp
1796,wa,pct_ed_visits_covid,202322,202551,133,0.78,,,state,nssp
1797,wi,pct_ed_visits_covid,202322,202551,133,0.47,,,state,nssp
1798,wv,pct_ed_visits_covid,202322,202551,133,0.42,,,state,nssp
1799,wy,pct_ed_visits_covid,202322,202551,133,0.82,,,state,nssp
1800,ak,pct_ed_visits_covid,202323,202551,132,1.21,,,state,nssp
1801,al,pct_ed_visits_covid,202323,202551,132,0.46,,,state,nssp
1802,ar,pct_ed_visits_covid,202323,202551,132,0.33,,,state,nssp
1803,az,pct_ed_visits_covid,202323,202551,132,0.85,,,state,nssp
1804,ca,pct_ed_visits_covid,202323,202551,132,0.68,,,state,nssp
1805,co,pct_ed_visits_covid,202323,202551,132,0.39,,,state,nssp
1806,ct,pct_ed_visits_covid,202323,202551,132,0.41,,,state,nssp
1807,dc,pct_ed_visits_covid,202323,202551,132,0.49,,,state,nssp
1808,de,pct_ed_visits_covid,202323,202551,132,0.35,,,state,nssp
1809,fl,pct_ed_visits_covid,202323,202551,132,1.07,,,state,nssp
1810,ga,pct_ed_visits_covid,202323,202551,132,0.3,,,state,nssp
1811,hi,pct_ed_visits_covid,202323,202551,132,1.74,,,state,nssp
1812,ia,pct_ed_visits_covid,202323,202551,132,0.72,,,state,nssp
1813,id,pct_ed_visits_covid,202323,202551,132,0.44,,,state,nssp
1814,il,pct_ed_visits_covid,202323,202551,132,0.44,,,state,nssp
1815,in,pct_ed_visits_covid,202323,202551,132,0.28,,,state,nssp
1816,ks,pct_ed_visits_covid,202323,202551,132,0.25,,,state,nssp
1817,ky,pct_ed_visits_covid,202323,202551,132,0.28,,,state,nssp
1818,la,pct_ed_visits_covid,202323,202551,132,0.59,,,state,nssp
1819,ma,pct_ed_visits_covid,202323,202551,132,0.58,,,state,nssp
1820,md,pct_ed_visits_covid,202323,202551,132,0.34,,,state,nssp
1821,me,pct_ed_visits_covid,202323,202551,132,0.5,,,state,nssp
1822,mi,pct_ed_visits_covid,202323,202551,132,0.39,,,state,nssp
1823,mn,pct_ed_visits_covid,202323,202551,132,0.31,,,state,nssp
1824,ms,pct_ed_visits_covid,202323,202551,132,0.51,,,state,nssp
1825,mt,pct_ed_visits_covid,202323,202551,132,0.32,,,state,nssp
1826,nc,pct_ed_visits_covid,202323,202551,132,0.53,,,state,nssp
1827,nd,pct_ed_visits_covid,202323,202551,132,0.4,,,state,nssp
1828,ne,pct_ed_visits_covid,202323,202551,132,0.19,,,state,nssp
1829,nh,pct_ed_visits_covid,202323,202551,132,0.47,,,state,nssp
1830,nj,pct_ed_visits_covid,202323,202551,132,0.33,,,state,nssp
1831,nm,pct_ed_visits_covid,202323,202551,132,0.74,,,state,nssp
1832,nv,pct_ed_visits_covid,202323,202551,132,0.67,,,state,nssp
1833,ny,pct_ed_visits_covid,202323,202551,132,0.35,,,state,nssp
1834,oh,pct_ed_visits_covid,202323,202551,132,0.25,,,state,nssp
1835,ok,pct_ed_visits_covid,202323,202551,132,0.18,,,state,nssp
1836,or,pct_ed_visits_covid,202323,202551,132,0.63,,,state,nssp
1837,pa,pct_ed_visits_covid,202323,202551,132,0.25,,,state,nssp
1838,ri,pct_ed_visits_covid,202323,202551,132,0.41,,,state,nssp
1839,sc,pct_ed_visits_covid,202323,202551,132,0.63,,,state,nssp
1840,sd,pct_ed_visits_covid,202323,202551,132,0.18,,,state,nssp
1841,tn,pct_ed_visits_covid,202323,202551,132,0.37,,,state,nssp
1842,tx,pct_ed_visits_covid,202323,202551,132,0.4,,,state,nssp
1843,ut,pct_ed_visits_covid,202323,202551,132,0.54,,,state,nssp
1844,va,pct_ed_visits_covid,202323,202551,132,0.48,,,state,nssp
1845,vt,pct_ed_visits_covid,202323,202551,132,0.58,,,state,nssp
1846,wa,pct_ed_visits_covid,202323,202551,132,0.85,,,state,nssp
1847,wi,pct_ed_visits_covid,202323,202551,132,0.33,,,state,nssp
1848,wv,pct_ed_visits_covid,202323,202551,132,0.28,,,state,nssp
1849,wy,pct_ed_visits_covid,202323,202551,132,0.45,,,state,nssp
1850,ak,pct_ed_visits_covid,202324,202551,131,1.71,,,state,nssp
1851,al,pct_ed_visits_covid,202324,202551,131,0.45,,,state,nssp
1852,ar,pct_ed_visits_covid,202324,202551,131,0.24,,,state,nssp
1853,az,pct_ed_visits_covid,202324,202551,131,0.8,,,state,nssp
1854,ca,pct_ed_visits_covid,202324,202551,131,0.67,,,state,nssp
1855,co,pct_ed_visits_covid,202324,202551,131,0.41,,,state,nssp
1856,ct,pct_ed_visits_covid,202324,202551,131,0.43,,,state,nssp
1857,dc,pct_ed_visits_covid,202324,202551,131,0.31,,,state,nssp
1858,de,pct_ed_visits_covid,202324,202551,131,0.36,,,state,nssp
1859,fl,pct_ed_visits_covid,202324,202551,131,1.08,,,state,nssp
1860,ga,pct_ed_visits_covid,202324,202551,131,0.32,,,state,nssp
1861,hi,pct_ed_visits_covid,202324,202551,131,1.33,,,state,nssp
1862,ia,pct_ed_visits_covid,202324,202551,131,0.74,,,state,nssp
1863,id,pct_ed_visits_covid,202324,202551,131,0.3,,,state,nssp
1864,il,pct_ed_visits_covid,202324,202551,131,0.46,,,state,nssp
1865,in,pct_ed_visits_covid,202324,202551,131,0.3,,,state,nssp
1866,ks,pct_ed_visits_covid,202324,202551,131,0.13,,,state,nssp
1867,ky,pct_ed_visits_covid,202324,202551,131,0.32,,,state,nssp
1868,la,pct_ed_visits_covid,202324,202551,131,0.59,,,state,nssp
1869,ma,pct_ed_visits_covid,202324,202551,131,0.59,,,state,nssp
1870,md,pct_ed_visits_covid,202324,202551,131,0.41,,,state,nssp
1871,me,pct_ed_visits_covid,202324,202551,131,0.47,,,state,nssp
1872,mi,pct_ed_visits_covid,202324,202551,131,0.45,,,state,nssp
1873,mn,pct_ed_visits_covid,202324,202551,131,0.41,,,state,nssp
1874,ms,pct_ed_visits_covid,202324,202551,131,0.36,,,state,nssp
1875,mt,pct_ed_visits_covid,202324,202551,131,0.3,,,state,nssp
1876,nc,pct_ed_visits_covid,202324,202551,131,0.55,,,state,nssp
1877,nd,pct_ed_visits_covid,202324,202551,131,0.13,,,state,nssp
1878,ne,pct_ed_visits_covid,202324,202551,131,0.2,,,state,nssp
1879,nh,pct_ed_visits_covid,202324,202551,131,0.57,,,state,nssp
1880,nj,pct_ed_visits_covid,202324,202551,131,0.31,,,state,nssp
1881,nm,pct_ed_visits_covid,202324,202551,131,0.74,,,state,nssp
1882,nv,pct_ed_visits_covid,202324,202551,131,0.67,,,state,nssp
1883,ny,pct_ed_visits_covid,202324,202551,131,0.35,,,state,nssp
1884,oh,pct_ed_visits_covid,202324,202551,131,0.24,,,state,nssp
1885,ok,pct_ed_visits_covid,202324,202551,131,0.24,,,state,nssp
1886,or,pct_ed_visits_covid,202324,202551,131,0.66,,,state,nssp
1887,pa,pct_ed_visits_covid,202324,202551,131,0.27,,,state,nssp
1888,ri,pct_ed_visits_covid,202324,202551,131,0.47,,,state,nssp
1889,sc,pct_ed_visits_covid,202324,202551,131,0.59,,,state,nssp
1890,sd,pct_ed_visits_covid,202324,202551,131,0.18,,,state,nssp
1891,tn,pct_ed_visits_covid,202324,202551,131,0.33,,,state,nssp
1892,tx,pct_ed_visits_covid,202324,202551,131,0.38,,,state,nssp
1893,ut,pct_ed_visits_covid,202324,202551,131,0.47,,,state,nssp
1894,va,pct_ed_visits_covid,202324,202551,131,0.52,,,state,nssp
1895,vt,pct_ed_visits_covid,202324,202551,131,0.6,,,state,nssp
1896,wa,pct_ed_visits_covid,202324,202551,131,0.79,,,state,nssp
1897,wi,pct_ed_visits_covid,202324,202551,131,0.32,,,state,nssp
1898,wv,pct_ed_visits_covid,202324,202551,131,0.36,,,state,nssp
1899,wy,pct_ed_visits_covid,202324,202551,131,0.36,,,state,nssp
1900,ak,pct_ed_visits_covid,202325,202551,130,1.68,,,state,nssp
1901,al,pct_ed_visits_covid,202325,202551,130,0.49,,,state,nssp
1902,ar,pct_ed_visits_covid,202325,202551,130,0.3,,,state,nssp
1903,az,pct_ed_visits_covid,202325,202551,130,0.89,,,state,nssp
1904,ca,pct_ed_visits_covid,202325,202551,130,0.61,,,state,nssp
1905,co,pct_ed_visits_covid,202325,202551,130,0.39,,,state,nssp
1906,ct,pct_ed_visits_covid,202325,202551,130,0.45,,,state,nssp
1907,dc,pct_ed_visits_covid,202325,202551,130,0.5,,,state,nssp
1908,de,pct_ed_visits_covid,202325,202551,130,0.25,,,state,nssp
1909,fl,pct_ed_visits_covid,202325,202551,130,1.19,,,state,nssp
1910,ga,pct_ed_visits_covid,202325,202551,130,0.35,,,state,nssp
1911,hi,pct_ed_visits_covid,202325,202551,130,1.73,,,state,nssp
1912,ia,pct_ed_visits_covid,202325,202551,130,0.71,,,state,nssp
1913,id,pct_ed_visits_covid,202325,202551,130,0.37,,,state,nssp
1914,il,pct_ed_visits_covid,202325,202551,130,0.41,,,state,nssp
1915,in,pct_ed_visits_covid,202325,202551,130,0.24,,,state,nssp
1916,ks,pct_ed_visits_covid,202325,202551,130,0.26,,,state,nssp
1917,ky,pct_ed_visits_covid,202325,202551,130,0.31,,,state,nssp
1918,la,pct_ed_visits_covid,202325,202551,130,0.66,,,state,nssp
1919,ma,pct_ed_visits_covid,202325,202551,130,0.54,,,state,nssp
1920,md,pct_ed_visits_covid,202325,202551,130,0.43,,,state,nssp
1921,me,pct_ed_visits_covid,202325,202551,130,0.3,,,state,nssp
1922,mi,pct_ed_visits_covid,202325,202551,130,0.38,,,state,nssp
1923,mn,pct_ed_visits_covid,202325,202551,130,0.29,,,state,nssp
1924,ms,pct_ed_visits_covid,202325,202551,130,0.56,,,state,nssp
1925,mt,pct_ed_visits_covid,202325,202551,130,0.48,,,state,nssp
1926,nc,pct_ed_visits_covid,202325,202551,130,0.52,,,state,nssp
1927,nd,pct_ed_visits_covid,202325,202551,130,0.23,,,state,nssp
1928,ne,pct_ed_visits_covid,202325,202551,130,0.23,,,state,nssp
1929,nh,pct_ed_visits_covid,202325,202551,130,0.46,,,state,nssp
1930,nj,pct_ed_visits_covid,202325,202551,130,0.32,,,state,nssp
1931,nm,pct_ed_visits_covid,202325,202551,130,0.69,,,state,nssp
1932,nv,pct_ed_visits_covid,202325,202551,130,0.66,,,state,nssp
1933,ny,pct_ed_visits_covid,202325,202551,130,0.32,,,state,nssp
1934,oh,pct_ed_visits_covid,202325,202551,130,0.26,,,state,nssp
1935,ok,pct_ed_visits_covid,202325,202551,130,0.31,,,state,nssp
1936,or,pct_ed_visits_covid,202325,202551,130,0.7,,,state,nssp
1937,pa,pct_ed_visits_covid,202325,202551,130,0.28,,,state,nssp
1938,ri,pct_ed_visits_covid,202325,202551,130,0.43,,,state,nssp
1939,sc,pct_ed_visits_covid,202325,202551,130,0.6,,,state,nssp
1940,sd,pct_ed_visits_covid,202325,202551,130,0.13,,,state,nssp
1941,tn,pct_ed_visits_covid,202325,202551,130,0.36,,,state,nssp
1942,tx,pct_ed_visits_covid,202325,202551,130,0.44,,,state,nssp
1943,ut,pct_ed_visits_covid,202325,202551,130,0.44,,,state,nssp
1944,va,pct_ed_visits_covid,202325,202551,130,0.44,,,state,nssp
1945,vt,pct_ed_visits_covid,202325,202551,130,0.69,,,state,nssp
1946,wa,pct_ed_visits_covid,202325,202551,130,1.02,,,state,nssp
1947,wi,pct_ed_visits_covid,202325,202551,130,0.3,,,state,nssp
1948,wv,pct_ed_visits_covid,202325,202551,130,0.38,,,state,nssp
1949,wy,pct_ed_visits_covid,202325,202551,130,0.5,,,state,nssp
1950,ak,pct_ed_visits_covid,202326,202551,129,1.45,,,state,nssp
1951,al,pct_ed_visits_covid,202326,202551,129,0.53,,,state,nssp
1952,ar,pct_ed_visits_covid,202326,202551,129,0.29,,,state,nssp
1953,az,pct_ed_visits_covid,202326,202551,129,0.83,,,state,nssp
1954,ca,pct_ed_visits_covid,202326,202551,129,0.7,,,state,nssp
1955,co,pct_ed_visits_covid,202326,202551,129,0.42,,,state,nssp
1956,ct,pct_ed_visits_covid,202326,202551,129,0.39,,,state,nssp
1957,dc,pct_ed_visits_covid,202326,202551,129,0.49,,,state,nssp
1958,de,pct_ed_visits_covid,202326,202551,129,0.41,,,state,nssp
1959,fl,pct_ed_visits_covid,202326,202551,129,1.34,,,state,nssp
1960,ga,pct_ed_visits_covid,202326,202551,129,0.38,,,state,nssp
1961,hi,pct_ed_visits_covid,202326,202551,129,1.95,,,state,nssp
1962,ia,pct_ed_visits_covid,202326,202551,129,0.77,,,state,nssp
1963,id,pct_ed_visits_covid,202326,202551,129,0.45,,,state,nssp
1964,il,pct_ed_visits_covid,202326,202551,129,0.4,,,state,nssp
1965,in,pct_ed_visits_covid,202326,202551,129,0.23,,,state,nssp
1966,ks,pct_ed_visits_covid,202326,202551,129,0.22,,,state,nssp
1967,ky,pct_ed_visits_covid,202326,202551,129,0.33,,,state,nssp
1968,la,pct_ed_visits_covid,202326,202551,129,0.87,,,state,nssp
1969,ma,pct_ed_visits_covid,202326,202551,129,0.48,,,state,nssp
1970,md,pct_ed_visits_covid,202326,202551,129,0.45,,,state,nssp
1971,me,pct_ed_visits_covid,202326,202551,129,0.34,,,state,nssp
1972,mi,pct_ed_visits_covid,202326,202551,129,0.36,,,state,nssp
1973,mn,pct_ed_visits_covid,202326,202551,129,0.37,,,state,nssp
1974,ms,pct_ed_visits_covid,202326,202551,129,0.48,,,state,nssp
1975,mt,pct_ed_visits_covid,202326,202551,129,0.4,,,state,nssp
1976,nc,pct_ed_visits_covid,202326,202551,129,0.53,,,state,nssp
1977,nd,pct_ed_visits_covid,202326,202551,129,0.21,,,state,nssp
1978,ne,pct_ed_visits_covid,202326,202551,129,0.24,,,state,nssp
1979,nh,pct_ed_visits_covid,202326,202551,129,0.48,,,state,nssp
1980,nj,pct_ed_visits_covid,202326,202551,129,0.34,,,state,nssp
1981,nm,pct_ed_visits_covid,202326,202551,129,0.8,,,state,nssp
1982,nv,pct_ed_visits_covid,202326,202551,129,0.71,,,state,nssp
1983,ny,pct_ed_visits_covid,202326,202551,129,0.32,,,state,nssp
1984,oh,pct_ed_visits_covid,202326,202551,129,0.25,,,state,nssp
1985,ok,pct_ed_visits_covid,202326,202551,129,0.32,,,state,nssp
1986,or,pct_ed_visits_covid,202326,202551,129,0.72,,,state,nssp
1987,pa,pct_ed_visits_covid,202326,202551,129,0.32,,,state,nssp
1988,ri,pct_ed_visits_covid,202326,202551,129,0.36,,,state,nssp
1989,sc,pct_ed_visits_covid,202326,202551,129,0.53,,,state,nssp
1990,sd,pct_ed_visits_covid,202326,202551,129,0.31,,,state,nssp
1991,tn,pct_ed_visits_covid,202326,202551,129,0.37,,,state,nssp
1992,tx,pct_ed_visits_covid,202326,202551,129,0.49,,,state,nssp
1993,ut,pct_ed_visits_covid,202326,202551,129,0.43,,,state,nssp
1994,va,pct_ed_visits_covid,202326,202551,129,0.49,,,state,nssp
1995,vt,pct_ed_visits_covid,202326,202551,129,0.48,,,state,nssp
1996,wa,pct_ed_visits_covid,202326,202551,129,0.92,,,state,nssp
1997,wi,pct_ed_visits_covid,202326,202551,129,0.23,,,state,nssp
1998,wv,pct_ed_visits_covid,202326,202551,129,0.29,,,state,nssp
1999,wy,pct_ed_visits_covid,202326,202551,129,0.58,,,state,nssp
2000,ak,pct_ed_visits_covid,202327,202551,128,1.98,,,state,nssp
2001,al,pct_ed_visits_covid,202327,202551,128,0.81,,,state,nssp
2002,ar,pct_ed_visits_covid,202327,202551,128,0.28,,,state,nssp
2003,az,pct_ed_visits_covid,202327,202551,128,0.91,,,state,nssp
2004,ca,pct_ed_visits_covid,202327,202551,128,0.78,,,state,nssp
2005,co,pct_ed_visits_covid,202327,202551,128,0.41,,,state,nssp
2006,ct,pct_ed_visits_covid,202327,202551,128,0.42,,,state,nssp
2007,dc,pct_ed_visits_covid,202327,202551,128,0.57,,,state,nssp
2008,de,pct_ed_visits_covid,202327,202551,128,0.38,,,state,nssp
2009,fl,pct_ed_visits_covid,202327,202551,128,1.54,,,state,nssp
2010,ga,pct_ed_visits_covid,202327,202551,128,0.44,,,state,nssp
2011,hi,pct_ed_visits_covid,202327,202551,128,2.02,,,state,nssp
2012,ia,pct_ed_visits_covid,202327,202551,128,0.74,,,state,nssp
2013,id,pct_ed_visits_covid,202327,202551,128,0.43,,,state,nssp
2014,il,pct_ed_visits_covid,202327,202551,128,0.45,,,state,nssp
2015,in,pct_ed_visits_covid,202327,202551,128,0.27,,,state,nssp
2016,ks,pct_ed_visits_covid,202327,202551,128,0.25,,,state,nssp
2017,ky,pct_ed_visits_covid,202327,202551,128,0.38,,,state,nssp
2018,la,pct_ed_visits_covid,202327,202551,128,1.06,,,state,nssp
2019,ma,pct_ed_visits_covid,202327,202551,128,0.49,,,state,nssp
2020,md,pct_ed_visits_covid,202327,202551,128,0.49,,,state,nssp
2021,me,pct_ed_visits_covid,202327,202551,128,0.45,,,state,nssp
2022,mi,pct_ed_visits_covid,202327,202551,128,0.34,,,state,nssp
2023,mn,pct_ed_visits_covid,202327,202551,128,0.32,,,state,nssp
2024,ms,pct_ed_visits_covid,202327,202551,128,0.59,,,state,nssp
2025,mt,pct_ed_visits_covid,202327,202551,128,0.54,,,state,nssp
2026,nc,pct_ed_visits_covid,202327,202551,128,0.67,,,state,nssp
2027,nd,pct_ed_visits_covid,202327,202551,128,0.29,,,state,nssp
2028,ne,pct_ed_visits_covid,202327,202551,128,0.14,,,state,nssp
2029,nh,pct_ed_visits_covid,202327,202551,128,0.64,,,state,nssp
2030,nj,pct_ed_visits_covid,202327,202551,128,0.35,,,state,nssp
2031,nm,pct_ed_visits_covid,202327,202551,128,0.77,,,state,nssp
2032,nv,pct_ed_visits_covid,202327,202551,128,0.75,,,state,nssp
2033,ny,pct_ed_visits_covid,202327,202551,128,0.36,,,state,nssp
2034,oh,pct_ed_visits_covid,202327,202551,128,0.3,,,state,nssp
2035,ok,pct_ed_visits_covid,202327,202551,128,0.34,,,state,nssp
2036,or,pct_ed_visits_covid,202327,202551,128,0.79,,,state,nssp
2037,pa,pct_ed_visits_covid,202327,202551,128,0.3,,,state,nssp
2038,ri,pct_ed_visits_covid,202327,202551,128,0.33,,,state,nssp
2039,sc,pct_ed_visits_covid,202327,202551,128,0.75,,,state,nssp
2040,sd,pct_ed_visits_covid,202327,202551,128,0.23,,,state,nssp
2041,tn,pct_ed_visits_covid,202327,202551,128,0.48,,,state,nssp
2042,tx,pct_ed_visits_covid,202327,202551,128,0.65,,,state,nssp
2043,ut,pct_ed_visits_covid,202327,202551,128,0.52,,,state,nssp
2044,va,pct_ed_visits_covid,202327,202551,128,0.58,,,state,nssp
2045,vt,pct_ed_visits_covid,202327,202551,128,0.35,,,state,nssp
2046,wa,pct_ed_visits_covid,202327,202551,128,1.12,,,state,nssp
2047,wi,pct_ed_visits_covid,202327,202551,128,0.28,,,state,nssp
2048,wv,pct_ed_visits_covid,202327,202551,128,0.24,,,state,nssp
2049,wy,pct_ed_visits_covid,202327,202551,128,0.55,,,state,nssp
2050,ak,pct_ed_visits_covid,202328,202551,127,1.67,,,state,nssp
2051,al,pct_ed_visits_covid,202328,202551,127,0.91,,,state,nssp
2052,ar,pct_ed_visits_covid,202328,202551,127,0.39,,,state,nssp
2053,az,pct_ed_visits_covid,202328,202551,127,0.89,,,state,nssp
2054,ca,pct_ed_visits_covid,202328,202551,127,0.81,,,state,nssp
2055,co,pct_ed_visits_covid,202328,202551,127,0.48,,,state,nssp
2056,ct,pct_ed_visits_covid,202328,202551,127,0.46,,,state,nssp
2057,dc,pct_ed_visits_covid,202328,202551,127,0.48,,,state,nssp
2058,de,pct_ed_visits_covid,202328,202551,127,0.6,,,state,nssp
2059,fl,pct_ed_visits_covid,202328,202551,127,1.75,,,state,nssp
2060,ga,pct_ed_visits_covid,202328,202551,127,0.56,,,state,nssp
2061,hi,pct_ed_visits_covid,202328,202551,127,2.17,,,state,nssp
2062,ia,pct_ed_visits_covid,202328,202551,127,0.9,,,state,nssp
2063,id,pct_ed_visits_covid,202328,202551,127,0.4,,,state,nssp
2064,il,pct_ed_visits_covid,202328,202551,127,0.44,,,state,nssp
2065,in,pct_ed_visits_covid,202328,202551,127,0.33,,,state,nssp
2066,ks,pct_ed_visits_covid,202328,202551,127,0.31,,,state,nssp
2067,ky,pct_ed_visits_covid,202328,202551,127,0.43,,,state,nssp
2068,la,pct_ed_visits_covid,202328,202551,127,1.27,,,state,nssp
2069,ma,pct_ed_visits_covid,202328,202551,127,0.53,,,state,nssp
2070,md,pct_ed_visits_covid,202328,202551,127,0.68,,,state,nssp
2071,me,pct_ed_visits_covid,202328,202551,127,0.59,,,state,nssp
2072,mi,pct_ed_visits_covid,202328,202551,127,0.36,,,state,nssp
2073,mn,pct_ed_visits_covid,202328,202551,127,0.35,,,state,nssp
2074,ms,pct_ed_visits_covid,202328,202551,127,0.71,,,state,nssp
2075,mt,pct_ed_visits_covid,202328,202551,127,0.53,,,state,nssp
2076,nc,pct_ed_visits_covid,202328,202551,127,0.73,,,state,nssp
2077,nd,pct_ed_visits_covid,202328,202551,127,0.28,,,state,nssp
2078,ne,pct_ed_visits_covid,202328,202551,127,0.18,,,state,nssp
2079,nh,pct_ed_visits_covid,202328,202551,127,0.53,,,state,nssp
2080,nj,pct_ed_visits_covid,202328,202551,127,0.43,,,state,nssp
2081,nm,pct_ed_visits_covid,202328,202551,127,0.76,,,state,nssp
2082,nv,pct_ed_visits_covid,202328,202551,127,0.83,,,state,nssp
2083,ny,pct_ed_visits_covid,202328,202551,127,0.4,,,state,nssp
2084,oh,pct_ed_visits_covid,202328,202551,127,0.34,,,state,nssp
2085,ok,pct_ed_visits_covid,202328,202551,127,0.25,,,state,nssp
2086,or,pct_ed_visits_covid,202328,202551,127,0.89,,,state,nssp
2087,pa,pct_ed_visits_covid,202328,202551,127,0.33,,,state,nssp
2088,ri,pct_ed_visits_covid,202328,202551,127,0.34,,,state,nssp
2089,sc,pct_ed_visits_covid,202328,202551,127,0.78,,,state,nssp
2090,sd,pct_ed_visits_covid,202328,202551,127,0.22,,,state,nssp
2091,tn,pct_ed_visits_covid,202328,202551,127,0.57,,,state,nssp
2092,tx,pct_ed_visits_covid,202328,202551,127,0.77,,,state,nssp
2093,ut,pct_ed_visits_covid,202328,202551,127,0.59,,,state,nssp
2094,va,pct_ed_visits_covid,202328,202551,127,0.62,,,state,nssp
2095,vt,pct_ed_visits_covid,202328,202551,127,0.5,,,state,nssp
2096,wa,pct_ed_visits_covid,202328,202551,127,1.05,,,state,nssp
2097,wi,pct_ed_visits_covid,202328,202551,127,0.27,,,state,nssp
2098,wv,pct_ed_visits_covid,202328,202551,127,0.36,,,state,nssp
2099,wy,pct_ed_visits_covid,202328,202551,127,0.64,,,state,nssp
2100,ak,pct_ed_visits_covid,202329,202551,126,1.92,,,state,nssp
2101,al,pct_ed_visits_covid,202329,202551,126,1.22,,,state,nssp
2102,ar,pct_ed_visits_covid,202329,202551,126,0.49,,,state,nssp
2103,az,pct_ed_visits_covid,202329,202551,126,0.88,,,state,nssp
2104,ca,pct_ed_visits_covid,202329,202551,126,0.96,,,state,nssp
2105,co,pct_ed_visits_covid,202329,202551,126,0.5,,,state,nssp
2106,ct,pct_ed_visits_covid,202329,202551,126,0.52,,,state,nssp
2107,dc,pct_ed_visits_covid,202329,202551,126,0.49,,,state,nssp
2108,de,pct_ed_visits_covid,202329,202551,126,0.68,,,state,nssp
2109,fl,pct_ed_visits_covid,202329,202551,126,2.09,,,state,nssp
2110,ga,pct_ed_visits_covid,202329,202551,126,0.72,,,state,nssp
2111,hi,pct_ed_visits_covid,202329,202551,126,2.37,,,state,nssp
2112,ia,pct_ed_visits_covid,202329,202551,126,0.87,,,state,nssp
2113,id,pct_ed_visits_covid,202329,202551,126,0.39,,,state,nssp
2114,il,pct_ed_visits_covid,202329,202551,126,0.58,,,state,nssp
2115,in,pct_ed_visits_covid,202329,202551,126,0.41,,,state,nssp
2116,ks,pct_ed_visits_covid,202329,202551,126,0.36,,,state,nssp
2117,ky,pct_ed_visits_covid,202329,202551,126,0.47,,,state,nssp
2118,la,pct_ed_visits_covid,202329,202551,126,1.74,,,state,nssp
2119,ma,pct_ed_visits_covid,202329,202551,126,0.72,,,state,nssp
2120,md,pct_ed_visits_covid,202329,202551,126,0.65,,,state,nssp
2121,me,pct_ed_visits_covid,202329,202551,126,0.53,,,state,nssp
2122,mi,pct_ed_visits_covid,202329,202551,126,0.4,,,state,nssp
2123,mn,pct_ed_visits_covid,202329,202551,126,0.54,,,state,nssp
2124,ms,pct_ed_visits_covid,202329,202551,126,1.13,,,state,nssp
2125,mt,pct_ed_visits_covid,202329,202551,126,0.51,,,state,nssp
2126,nc,pct_ed_visits_covid,202329,202551,126,0.97,,,state,nssp
2127,nd,pct_ed_visits_covid,202329,202551,126,0.5,,,state,nssp
2128,ne,pct_ed_visits_covid,202329,202551,126,0.18,,,state,nssp
2129,nh,pct_ed_visits_covid,202329,202551,126,0.46,,,state,nssp
2130,nj,pct_ed_visits_covid,202329,202551,126,0.54,,,state,nssp
2131,nm,pct_ed_visits_covid,202329,202551,126,0.9,,,state,nssp
2132,nv,pct_ed_visits_covid,202329,202551,126,0.87,,,state,nssp
2133,ny,pct_ed_visits_covid,202329,202551,126,0.51,,,state,nssp
2134,oh,pct_ed_visits_covid,202329,202551,126,0.41,,,state,nssp
2135,ok,pct_ed_visits_covid,202329,202551,126,0.39,,,state,nssp
2136,or,pct_ed_visits_covid,202329,202551,126,0.97,,,state,nssp
2137,pa,pct_ed_visits_covid,202329,202551,126,0.34,,,state,nssp
2138,ri,pct_ed_visits_covid,202329,202551,126,0.48,,,state,nssp
2139,sc,pct_ed_visits_covid,202329,202551,126,0.97,,,state,nssp
2140,sd,pct_ed_visits_covid,202329,202551,126,0.2,,,state,nssp
2141,tn,pct_ed_visits_covid,202329,202551,126,0.77,,,state,nssp
2142,tx,pct_ed_visits_covid,202329,202551,126,1.0,,,state,nssp
2143,ut,pct_ed_visits_covid,202329,202551,126,0.65,,,state,nssp
2144,va,pct_ed_visits_covid,202329,202551,126,0.75,,,state,nssp
2145,vt,pct_ed_visits_covid,202329,202551,126,0.48,,,state,nssp
2146,wa,pct_ed_visits_covid,202329,202551,126,1.1,,,state,nssp
2147,wi,pct_ed_visits_covid,202329,202551,126,0.38,,,state,nssp
2148,wv,pct_ed_visits_covid,202329,202551,126,0.38,,,state,nssp
2149,wy,pct_ed_visits_covid,202329,202551,126,0.56,,,state,nssp
2150,ak,pct_ed_visits_covid,202330,202551,125,1.97,,,state,nssp
2151,al,pct_ed_visits_covid,202330,202551,125,1.62,,,state,nssp
2152,ar,pct_ed_visits_covid,202330,202551,125,0.57,,,state,nssp
2153,az,pct_ed_visits_covid,202330,202551,125,0.96,,,state,nssp
2154,ca,pct_ed_visits_covid,202330,202551,125,1.25,,,state,nssp
2155,co,pct_ed_visits_covid,202330,202551,125,0.63,,,state,nssp
2156,ct,pct_ed_visits_covid,202330,202551,125,0.75,,,state,nssp
2157,dc,pct_ed_visits_covid,202330,202551,125,0.71,,,state,nssp
2158,de,pct_ed_visits_covid,202330,202551,125,0.84,,,state,nssp
2159,fl,pct_ed_visits_covid,202330,202551,125,2.55,,,state,nssp
2160,ga,pct_ed_visits_covid,202330,202551,125,0.97,,,state,nssp
2161,hi,pct_ed_visits_covid,202330,202551,125,3.22,,,state,nssp
2162,ia,pct_ed_visits_covid,202330,202551,125,0.98,,,state,nssp
2163,id,pct_ed_visits_covid,202330,202551,125,0.49,,,state,nssp
2164,il,pct_ed_visits_covid,202330,202551,125,0.74,,,state,nssp
2165,in,pct_ed_visits_covid,202330,202551,125,0.65,,,state,nssp
2166,ks,pct_ed_visits_covid,202330,202551,125,0.55,,,state,nssp
2167,ky,pct_ed_visits_covid,202330,202551,125,0.67,,,state,nssp
2168,la,pct_ed_visits_covid,202330,202551,125,2.1,,,state,nssp
2169,ma,pct_ed_visits_covid,202330,202551,125,0.85,,,state,nssp
2170,md,pct_ed_visits_covid,202330,202551,125,0.93,,,state,nssp
2171,me,pct_ed_visits_covid,202330,202551,125,0.71,,,state,nssp
2172,mi,pct_ed_visits_covid,202330,202551,125,0.5,,,state,nssp
2173,mn,pct_ed_visits_covid,202330,202551,125,0.64,,,state,nssp
2174,ms,pct_ed_visits_covid,202330,202551,125,1.63,,,state,nssp
2175,mt,pct_ed_visits_covid,202330,202551,125,0.68,,,state,nssp
2176,nc,pct_ed_visits_covid,202330,202551,125,1.21,,,state,nssp
2177,nd,pct_ed_visits_covid,202330,202551,125,0.53,,,state,nssp
2178,ne,pct_ed_visits_covid,202330,202551,125,0.45,,,state,nssp
2179,nh,pct_ed_visits_covid,202330,202551,125,0.69,,,state,nssp
2180,nj,pct_ed_visits_covid,202330,202551,125,0.65,,,state,nssp
2181,nm,pct_ed_visits_covid,202330,202551,125,1.15,,,state,nssp
2182,nv,pct_ed_visits_covid,202330,202551,125,0.86,,,state,nssp
2183,ny,pct_ed_visits_covid,202330,202551,125,0.67,,,state,nssp
2184,oh,pct_ed_visits_covid,202330,202551,125,0.52,,,state,nssp
2185,ok,pct_ed_visits_covid,202330,202551,125,0.63,,,state,nssp
2186,or,pct_ed_visits_covid,202330,202551,125,1.12,,,state,nssp
2187,pa,pct_ed_visits_covid,202330,202551,125,0.5,,,state,nssp
2188,ri,pct_ed_visits_covid,202330,202551,125,0.55,,,state,nssp
2189,sc,pct_ed_visits_covid,202330,202551,125,1.31,,,state,nssp
2190,sd,pct_ed_visits_covid,202330,202551,125,0.2,,,state,nssp
2191,tn,pct_ed_visits_covid,202330,202551,125,1.03,,,state,nssp
2192,tx,pct_ed_visits_covid,202330,202551,125,1.28,,,state,nssp
2193,ut,pct_ed_visits_covid,202330,202551,125,0.72,,,state,nssp
2194,va,pct_ed_visits_covid,202330,202551,125,0.89,,,state,nssp
2195,vt,pct_ed_visits_covid,202330,202551,125,0.69,,,state,nssp
2196,wa,pct_ed_visits_covid,202330,202551,125,1.22,,,state,nssp
2197,wi,pct_ed_visits_covid,202330,202551,125,0.44,,,state,nssp
2198,wv,pct_ed_visits_covid,202330,202551,125,0.46,,,state,nssp
2199,wy,pct_ed_visits_covid,202330,202551,125,0.63,,,state,nssp
2200,ak,pct_ed_visits_covid,202331,202551,124,1.69,,,state,nssp
2201,al,pct_ed_visits_covid,202331,202551,124,2.17,,,state,nssp
2202,ar,pct_ed_visits_covid,202331,202551,124,0.99,,,state,nssp
2203,az,pct_ed_visits_covid,202331,202551,124,1.17,,,state,nssp
2204,ca,pct_ed_visits_covid,202331,202551,124,1.53,,,state,nssp
2205,co,pct_ed_visits_covid,202331,202551,124,0.7,,,state,nssp
2206,ct,pct_ed_visits_covid,202331,202551,124,1.03,,,state,nssp
2207,dc,pct_ed_visits_covid,202331,202551,124,1.0,,,state,nssp
2208,de,pct_ed_visits_covid,202331,202551,124,1.04,,,state,nssp
2209,fl,pct_ed_visits_covid,202331,202551,124,3.02,,,state,nssp
2210,ga,pct_ed_visits_covid,202331,202551,124,1.33,,,state,nssp
2211,hi,pct_ed_visits_covid,202331,202551,124,3.46,,,state,nssp
2212,ia,pct_ed_visits_covid,202331,202551,124,1.12,,,state,nssp
2213,id,pct_ed_visits_covid,202331,202551,124,0.84,,,state,nssp
2214,il,pct_ed_visits_covid,202331,202551,124,0.98,,,state,nssp
2215,in,pct_ed_visits_covid,202331,202551,124,0.81,,,state,nssp
2216,ks,pct_ed_visits_covid,202331,202551,124,0.59,,,state,nssp
2217,ky,pct_ed_visits_covid,202331,202551,124,1.03,,,state,nssp
2218,la,pct_ed_visits_covid,202331,202551,124,2.38,,,state,nssp
2219,ma,pct_ed_visits_covid,202331,202551,124,0.95,,,state,nssp
2220,md,pct_ed_visits_covid,202331,202551,124,1.03,,,state,nssp
2221,me,pct_ed_visits_covid,202331,202551,124,0.71,,,state,nssp
2222,mi,pct_ed_visits_covid,202331,202551,124,0.69,,,state,nssp
2223,mn,pct_ed_visits_covid,202331,202551,124,0.8,,,state,nssp
2224,ms,pct_ed_visits_covid,202331,202551,124,2.11,,,state,nssp
2225,mt,pct_ed_visits_covid,202331,202551,124,0.73,,,state,nssp
2226,nc,pct_ed_visits_covid,202331,202551,124,1.46,,,state,nssp
2227,nd,pct_ed_visits_covid,202331,202551,124,0.64,,,state,nssp
2228,ne,pct_ed_visits_covid,202331,202551,124,0.35,,,state,nssp
2229,nh,pct_ed_visits_covid,202331,202551,124,0.85,,,state,nssp
2230,nj,pct_ed_visits_covid,202331,202551,124,0.78,,,state,nssp
2231,nm,pct_ed_visits_covid,202331,202551,124,1.08,,,state,nssp
2232,nv,pct_ed_visits_covid,202331,202551,124,1.1,,,state,nssp
2233,ny,pct_ed_visits_covid,202331,202551,124,0.81,,,state,nssp
2234,oh,pct_ed_visits_covid,202331,202551,124,0.66,,,state,nssp
2235,ok,pct_ed_visits_covid,202331,202551,124,0.9,,,state,nssp
2236,or,pct_ed_visits_covid,202331,202551,124,1.26,,,state,nssp
2237,pa,pct_ed_visits_covid,202331,202551,124,0.56,,,state,nssp
2238,ri,pct_ed_visits_covid,202331,202551,124,0.56,,,state,nssp
2239,sc,pct_ed_visits_covid,202331,202551,124,2.02,,,state,nssp
2240,sd,pct_ed_visits_covid,202331,202551,124,0.41,,,state,nssp
2241,tn,pct_ed_visits_covid,202331,202551,124,1.27,,,state,nssp
2242,tx,pct_ed_visits_covid,202331,202551,124,1.72,,,state,nssp
2243,ut,pct_ed_visits_covid,202331,202551,124,0.85,,,state,nssp
2244,va,pct_ed_visits_covid,202331,202551,124,1.17,,,state,nssp
2245,vt,pct_ed_visits_covid,202331,202551,124,1.25,,,state,nssp
2246,wa,pct_ed_visits_covid,202331,202551,124,1.57,,,state,nssp
2247,wi,pct_ed_visits_covid,202331,202551,124,0.59,,,state,nssp
2248,wv,pct_ed_visits_covid,202331,202551,124,0.86,,,state,nssp
2249,wy,pct_ed_visits_covid,202331,202551,124,1.1,,,state,nssp
2250,ak,pct_ed_visits_covid,202332,202551,123,1.71,,,state,nssp
2251,al,pct_ed_visits_covid,202332,202551,123,2.74,,,state,nssp
2252,ar,pct_ed_visits_covid,202332,202551,123,1.28,,,state,nssp
2253,az,pct_ed_visits_covid,202332,202551,123,1.28,,,state,nssp
2254,ca,pct_ed_visits_covid,202332,202551,123,1.81,,,state,nssp
2255,co,pct_ed_visits_covid,202332,202551,123,0.95,,,state,nssp
2256,ct,pct_ed_visits_covid,202332,202551,123,1.32,,,state,nssp
2257,dc,pct_ed_visits_covid,202332,202551,123,1.27,,,state,nssp
2258,de,pct_ed_visits_covid,202332,202551,123,1.07,,,state,nssp
2259,fl,pct_ed_visits_covid,202332,202551,123,3.34,,,state,nssp
2260,ga,pct_ed_visits_covid,202332,202551,123,1.69,,,state,nssp
2261,hi,pct_ed_visits_covid,202332,202551,123,3.8,,,state,nssp
2262,ia,pct_ed_visits_covid,202332,202551,123,1.44,,,state,nssp
2263,id,pct_ed_visits_covid,202332,202551,123,0.89,,,state,nssp
2264,il,pct_ed_visits_covid,202332,202551,123,1.13,,,state,nssp
2265,in,pct_ed_visits_covid,202332,202551,123,1.05,,,state,nssp
2266,ks,pct_ed_visits_covid,202332,202551,123,0.67,,,state,nssp
2267,ky,pct_ed_visits_covid,202332,202551,123,1.5,,,state,nssp
2268,la,pct_ed_visits_covid,202332,202551,123,2.78,,,state,nssp
2269,ma,pct_ed_visits_covid,202332,202551,123,1.31,,,state,nssp
2270,md,pct_ed_visits_covid,202332,202551,123,1.21,,,state,nssp
2271,me,pct_ed_visits_covid,202332,202551,123,0.95,,,state,nssp
2272,mi,pct_ed_visits_covid,202332,202551,123,0.85,,,state,nssp
2273,mn,pct_ed_visits_covid,202332,202551,123,0.94,,,state,nssp
2274,ms,pct_ed_visits_covid,202332,202551,123,2.9,,,state,nssp
2275,mt,pct_ed_visits_covid,202332,202551,123,0.98,,,state,nssp
2276,nc,pct_ed_visits_covid,202332,202551,123,1.98,,,state,nssp
2277,nd,pct_ed_visits_covid,202332,202551,123,0.68,,,state,nssp
2278,ne,pct_ed_visits_covid,202332,202551,123,0.67,,,state,nssp
2279,nh,pct_ed_visits_covid,202332,202551,123,1.01,,,state,nssp
2280,nj,pct_ed_visits_covid,202332,202551,123,0.91,,,state,nssp
2281,nm,pct_ed_visits_covid,202332,202551,123,1.61,,,state,nssp
2282,nv,pct_ed_visits_covid,202332,202551,123,1.47,,,state,nssp
2283,ny,pct_ed_visits_covid,202332,202551,123,1.08,,,state,nssp
2284,oh,pct_ed_visits_covid,202332,202551,123,0.8,,,state,nssp
2285,ok,pct_ed_visits_covid,202332,202551,123,1.09,,,state,nssp
2286,or,pct_ed_visits_covid,202332,202551,123,1.56,,,state,nssp
2287,pa,pct_ed_visits_covid,202332,202551,123,0.79,,,state,nssp
2288,ri,pct_ed_visits_covid,202332,202551,123,0.74,,,state,nssp
2289,sc,pct_ed_visits_covid,202332,202551,123,2.61,,,state,nssp
2290,sd,pct_ed_visits_covid,202332,202551,123,0.55,,,state,nssp
2291,tn,pct_ed_visits_covid,202332,202551,123,1.7,,,state,nssp
2292,tx,pct_ed_visits_covid,202332,202551,123,2.14,,,state,nssp
2293,ut,pct_ed_visits_covid,202332,202551,123,1.01,,,state,nssp
2294,va,pct_ed_visits_covid,202332,202551,123,1.47,,,state,nssp
2295,vt,pct_ed_visits_covid,202332,202551,123,1.35,,,state,nssp
2296,wa,pct_ed_visits_covid,202332,202551,123,1.84,,,state,nssp
2297,wi,pct_ed_visits_covid,202332,202551,123,0.72,,,state,nssp
2298,wv,pct_ed_visits_covid,202332,202551,123,0.91,,,state,nssp
2299,wy,pct_ed_visits_covid,202332,202551,123,0.96,,,state,nssp
2300,ak,pct_ed_visits_covid,202333,202551,122,1.62,,,state,nssp
2301,al,pct_ed_visits_covid,202333,202551,122,3.74,,,state,nssp
2302,ar,pct_ed_visits_covid,202333,202551,122,1.87,,,state,nssp
2303,az,pct_ed_visits_covid,202333,202551,122,1.76,,,state,nssp
2304,ca,pct_ed_visits_covid,202333,202551,122,2.33,,,state,nssp
2305,co,pct_ed_visits_covid,202333,202551,122,1.1,,,state,nssp
2306,ct,pct_ed_visits_covid,202333,202551,122,1.53,,,state,nssp
2307,dc,pct_ed_visits_covid,202333,202551,122,1.52,,,state,nssp
2308,de,pct_ed_visits_covid,202333,202551,122,1.39,,,state,nssp
2309,fl,pct_ed_visits_covid,202333,202551,122,3.67,,,state,nssp
2310,ga,pct_ed_visits_covid,202333,202551,122,2.34,,,state,nssp
2311,hi,pct_ed_visits_covid,202333,202551,122,4.1,,,state,nssp
2312,ia,pct_ed_visits_covid,202333,202551,122,1.82,,,state,nssp
2313,id,pct_ed_visits_covid,202333,202551,122,1.26,,,state,nssp
2314,il,pct_ed_visits_covid,202333,202551,122,1.54,,,state,nssp
2315,in,pct_ed_visits_covid,202333,202551,122,1.43,,,state,nssp
2316,ks,pct_ed_visits_covid,202333,202551,122,1.13,,,state,nssp
2317,ky,pct_ed_visits_covid,202333,202551,122,1.76,,,state,nssp
2318,la,pct_ed_visits_covid,202333,202551,122,3.44,,,state,nssp
2319,ma,pct_ed_visits_covid,202333,202551,122,1.59,,,state,nssp
2320,md,pct_ed_visits_covid,202333,202551,122,1.52,,,state,nssp
2321,me,pct_ed_visits_covid,202333,202551,122,1.19,,,state,nssp
2322,mi,pct_ed_visits_covid,202333,202551,122,0.98,,,state,nssp
2323,mn,pct_ed_visits_covid,202333,202551,122,1.19,,,state,nssp
2324,ms,pct_ed_visits_covid,202333,202551,122,3.72,,,state,nssp
2325,mt,pct_ed_visits_covid,202333,202551,122,1.22,,,state,nssp
2326,nc,pct_ed_visits_covid,202333,202551,122,2.48,,,state,nssp
2327,nd,pct_ed_visits_covid,202333,202551,122,1.09,,,state,nssp
2328,ne,pct_ed_visits_covid,202333,202551,122,0.84,,,state,nssp
2329,nh,pct_ed_visits_covid,202333,202551,122,0.85,,,state,nssp
2330,nj,pct_ed_visits_covid,202333,202551,122,1.15,,,state,nssp
2331,nm,pct_ed_visits_covid,202333,202551,122,2.1,,,state,nssp
2332,nv,pct_ed_visits_covid,202333,202551,122,1.76,,,state,nssp
2333,ny,pct_ed_visits_covid,202333,202551,122,1.18,,,state,nssp
2334,oh,pct_ed_visits_covid,202333,202551,122,1.03,,,state,nssp
2335,ok,pct_ed_visits_covid,202333,202551,122,1.23,,,state,nssp
2336,or,pct_ed_visits_covid,202333,202551,122,1.94,,,state,nssp
2337,pa,pct_ed_visits_covid,202333,202551,122,0.92,,,state,nssp
2338,ri,pct_ed_visits_covid,202333,202551,122,0.85,,,state,nssp
2339,sc,pct_ed_visits_covid,202333,202551,122,3.21,,,state,nssp
2340,sd,pct_ed_visits_covid,202333,202551,122,0.98,,,state,nssp
2341,tn,pct_ed_visits_covid,202333,202551,122,2.4,,,state,nssp
2342,tx,pct_ed_visits_covid,202333,202551,122,2.74,,,state,nssp
2343,ut,pct_ed_visits_covid,202333,202551,122,1.17,,,state,nssp
2344,va,pct_ed_visits_covid,202333,202551,122,1.9,,,state,nssp
2345,vt,pct_ed_visits_covid,202333,202551,122,1.32,,,state,nssp
2346,wa,pct_ed_visits_covid,202333,202551,122,2.15,,,state,nssp
2347,wi,pct_ed_visits_covid,202333,202551,122,0.82,,,state,nssp
2348,wv,pct_ed_visits_covid,202333,202551,122,1.33,,,state,nssp
2349,wy,pct_ed_visits_covid,202333,202551,122,1.44,,,state,nssp
2350,ak,pct_ed_visits_covid,202334,202551,121,1.95,,,state,nssp
2351,al,pct_ed_visits_covid,202334,202551,121,4.97,,,state,nssp
2352,ar,pct_ed_visits_covid,202334,202551,121,2.6,,,state,nssp
2353,az,pct_ed_visits_covid,202334,202551,121,1.7,,,state,nssp
2354,ca,pct_ed_visits_covid,202334,202551,121,2.42,,,state,nssp
2355,co,pct_ed_visits_covid,202334,202551,121,1.42,,,state,nssp
2356,ct,pct_ed_visits_covid,202334,202551,121,1.73,,,state,nssp
2357,dc,pct_ed_visits_covid,202334,202551,121,1.86,,,state,nssp
2358,de,pct_ed_visits_covid,202334,202551,121,1.16,,,state,nssp
2359,fl,pct_ed_visits_covid,202334,202551,121,4.48,,,state,nssp
2360,ga,pct_ed_visits_covid,202334,202551,121,2.54,,,state,nssp
2361,hi,pct_ed_visits_covid,202334,202551,121,4.21,,,state,nssp
2362,ia,pct_ed_visits_covid,202334,202551,121,2.24,,,state,nssp
2363,id,pct_ed_visits_covid,202334,202551,121,1.42,,,state,nssp
2364,il,pct_ed_visits_covid,202334,202551,121,1.89,,,state,nssp
2365,in,pct_ed_visits_covid,202334,202551,121,1.91,,,state,nssp
2366,ks,pct_ed_visits_covid,202334,202551,121,1.63,,,state,nssp
2367,ky,pct_ed_visits_covid,202334,202551,121,2.4,,,state,nssp
2368,la,pct_ed_visits_covid,202334,202551,121,4.15,,,state,nssp
2369,ma,pct_ed_visits_covid,202334,202551,121,1.71,,,state,nssp
2370,md,pct_ed_visits_covid,202334,202551,121,1.91,,,state,nssp
2371,me,pct_ed_visits_covid,202334,202551,121,1.65,,,state,nssp
2372,mi,pct_ed_visits_covid,202334,202551,121,1.31,,,state,nssp
2373,mn,pct_ed_visits_covid,202334,202551,121,1.52,,,state,nssp
2374,ms,pct_ed_visits_covid,202334,202551,121,3.7,,,state,nssp
2375,mt,pct_ed_visits_covid,202334,202551,121,1.51,,,state,nssp
2376,nc,pct_ed_visits_covid,202334,202551,121,2.99,,,state,nssp
2377,nd,pct_ed_visits_covid,202334,202551,121,0.86,,,state,nssp
2378,ne,pct_ed_visits_covid,202334,202551,121,1.0,,,state,nssp
2379,nh,pct_ed_visits_covid,202334,202551,121,1.44,,,state,nssp
2380,nj,pct_ed_visits_covid,202334,202551,121,1.29,,,state,nssp
2381,nm,pct_ed_visits_covid,202334,202551,121,2.23,,,state,nssp
2382,nv,pct_ed_visits_covid,202334,202551,121,1.9,,,state,nssp
2383,ny,pct_ed_visits_covid,202334,202551,121,1.46,,,state,nssp
2384,oh,pct_ed_visits_covid,202334,202551,121,1.38,,,state,nssp
2385,ok,pct_ed_visits_covid,202334,202551,121,1.6,,,state,nssp
2386,or,pct_ed_visits_covid,202334,202551,121,2.35,,,state,nssp
2387,pa,pct_ed_visits_covid,202334,202551,121,1.08,,,state,nssp
2388,ri,pct_ed_visits_covid,202334,202551,121,1.41,,,state,nssp
2389,sc,pct_ed_visits_covid,202334,202551,121,3.94,,,state,nssp
2390,sd,pct_ed_visits_covid,202334,202551,121,0.99,,,state,nssp
2391,tn,pct_ed_visits_covid,202334,202551,121,3.21,,,state,nssp
2392,tx,pct_ed_visits_covid,202334,202551,121,3.58,,,state,nssp
2393,ut,pct_ed_visits_covid,202334,202551,121,1.31,,,state,nssp
2394,va,pct_ed_visits_covid,202334,202551,121,2.44,,,state,nssp
2395,vt,pct_ed_visits_covid,202334,202551,121,1.42,,,state,nssp
2396,wa,pct_ed_visits_covid,202334,202551,121,2.5,,,state,nssp
2397,wi,pct_ed_visits_covid,202334,202551,121,1.04,,,state,nssp
2398,wv,pct_ed_visits_covid,202334,202551,121,1.72,,,state,nssp
2399,wy,pct_ed_visits_covid,202334,202551,121,1.62,,,state,nssp
2400,ak,pct_ed_visits_covid,202335,202551,120,2.34,,,state,nssp
2401,al,pct_ed_visits_covid,202335,202551,120,4.33,,,state,nssp
2402,ar,pct_ed_visits_covid,202335,202551,120,3.41,,,state,nssp
2403,az,pct_ed_visits_covid,202335,202551,120,1.79,,,state,nssp
2404,ca,pct_ed_visits_covid,202335,202551,120,2.52,,,state,nssp
2405,co,pct_ed_visits_covid,202335,202551,120,1.59,,,state,nssp
2406,ct,pct_ed_visits_covid,202335,202551,120,1.97,,,state,nssp
2407,dc,pct_ed_visits_covid,202335,202551,120,2.23,,,state,nssp
2408,de,pct_ed_visits_covid,202335,202551,120,1.39,,,state,nssp
2409,fl,pct_ed_visits_covid,202335,202551,120,4.2,,,state,nssp
2410,ga,pct_ed_visits_covid,202335,202551,120,1.99,,,state,nssp
2411,hi,pct_ed_visits_covid,202335,202551,120,3.94,,,state,nssp
2412,ia,pct_ed_visits_covid,202335,202551,120,2.49,,,state,nssp
2413,id,pct_ed_visits_covid,202335,202551,120,1.87,,,state,nssp
2414,il,pct_ed_visits_covid,202335,202551,120,1.96,,,state,nssp
2415,in,pct_ed_visits_covid,202335,202551,120,1.87,,,state,nssp
2416,ks,pct_ed_visits_covid,202335,202551,120,1.91,,,state,nssp
2417,ky,pct_ed_visits_covid,202335,202551,120,2.65,,,state,nssp
2418,la,pct_ed_visits_covid,202335,202551,120,3.81,,,state,nssp
2419,ma,pct_ed_visits_covid,202335,202551,120,1.95,,,state,nssp
2420,md,pct_ed_visits_covid,202335,202551,120,2.24,,,state,nssp
2421,me,pct_ed_visits_covid,202335,202551,120,1.5,,,state,nssp
2422,mi,pct_ed_visits_covid,202335,202551,120,1.52,,,state,nssp
2423,mn,pct_ed_visits_covid,202335,202551,120,1.56,,,state,nssp
2424,ms,pct_ed_visits_covid,202335,202551,120,3.17,,,state,nssp
2425,mt,pct_ed_visits_covid,202335,202551,120,1.75,,,state,nssp
2426,nc,pct_ed_visits_covid,202335,202551,120,3.23,,,state,nssp
2427,nd,pct_ed_visits_covid,202335,202551,120,1.06,,,state,nssp
2428,ne,pct_ed_visits_covid,202335,202551,120,0.99,,,state,nssp
2429,nh,pct_ed_visits_covid,202335,202551,120,1.65,,,state,nssp
2430,nj,pct_ed_visits_covid,202335,202551,120,1.5,,,state,nssp
2431,nm,pct_ed_visits_covid,202335,202551,120,2.16,,,state,nssp
2432,nv,pct_ed_visits_covid,202335,202551,120,1.79,,,state,nssp
2433,ny,pct_ed_visits_covid,202335,202551,120,1.57,,,state,nssp
2434,oh,pct_ed_visits_covid,202335,202551,120,1.72,,,state,nssp
2435,ok,pct_ed_visits_covid,202335,202551,120,1.69,,,state,nssp
2436,or,pct_ed_visits_covid,202335,202551,120,2.48,,,state,nssp
2437,pa,pct_ed_visits_covid,202335,202551,120,1.38,,,state,nssp
2438,ri,pct_ed_visits_covid,202335,202551,120,1.49,,,state,nssp
2439,sc,pct_ed_visits_covid,202335,202551,120,4.05,,,state,nssp
2440,sd,pct_ed_visits_covid,202335,202551,120,1.18,,,state,nssp
2441,tn,pct_ed_visits_covid,202335,202551,120,2.84,,,state,nssp
2442,tx,pct_ed_visits_covid,202335,202551,120,3.78,,,state,nssp
2443,ut,pct_ed_visits_covid,202335,202551,120,1.73,,,state,nssp
2444,va,pct_ed_visits_covid,202335,202551,120,2.57,,,state,nssp
2445,vt,pct_ed_visits_covid,202335,202551,120,1.65,,,state,nssp
2446,wa,pct_ed_visits_covid,202335,202551,120,2.73,,,state,nssp
2447,wi,pct_ed_visits_covid,202335,202551,120,1.22,,,state,nssp
2448,wv,pct_ed_visits_covid,202335,202551,120,2.45,,,state,nssp
2449,wy,pct_ed_visits_covid,202335,202551,120,1.77,,,state,nssp
2450,ak,pct_ed_visits_covid,202336,202551,119,2.57,,,state,nssp
2451,al,pct_ed_visits_covid,202336,202551,119,3.5,,,state,nssp
2452,ar,pct_ed_visits_covid,202336,202551,119,3.52,,,state,nssp
2453,az,pct_ed_visits_covid,202336,202551,119,1.81,,,state,nssp
2454,ca,pct_ed_visits_covid,202336,202551,119,2.58,,,state,nssp
2455,co,pct_ed_visits_covid,202336,202551,119,1.77,,,state,nssp
2456,ct,pct_ed_visits_covid,202336,202551,119,2.36,,,state,nssp
2457,dc,pct_ed_visits_covid,202336,202551,119,2.74,,,state,nssp
2458,de,pct_ed_visits_covid,202336,202551,119,1.79,,,state,nssp
2459,fl,pct_ed_visits_covid,202336,202551,119,3.33,,,state,nssp
2460,ga,pct_ed_visits_covid,202336,202551,119,1.51,,,state,nssp
2461,hi,pct_ed_visits_covid,202336,202551,119,3.89,,,state,nssp
2462,ia,pct_ed_visits_covid,202336,202551,119,2.51,,,state,nssp
2463,id,pct_ed_visits_covid,202336,202551,119,2.13,,,state,nssp
2464,il,pct_ed_visits_covid,202336,202551,119,1.99,,,state,nssp
2465,in,pct_ed_visits_covid,202336,202551,119,1.82,,,state,nssp
2466,ks,pct_ed_visits_covid,202336,202551,119,2.44,,,state,nssp
2467,ky,pct_ed_visits_covid,202336,202551,119,2.65,,,state,nssp
2468,la,pct_ed_visits_covid,202336,202551,119,3.16,,,state,nssp
2469,ma,pct_ed_visits_covid,202336,202551,119,2.16,,,state,nssp
2470,md,pct_ed_visits_covid,202336,202551,119,2.49,,,state,nssp
2471,me,pct_ed_visits_covid,202336,202551,119,1.77,,,state,nssp
2472,mi,pct_ed_visits_covid,202336,202551,119,1.96,,,state,nssp
2473,mn,pct_ed_visits_covid,202336,202551,119,1.71,,,state,nssp
2474,ms,pct_ed_visits_covid,202336,202551,119,2.81,,,state,nssp
2475,mt,pct_ed_visits_covid,202336,202551,119,1.97,,,state,nssp
2476,nc,pct_ed_visits_covid,202336,202551,119,3.57,,,state,nssp
2477,nd,pct_ed_visits_covid,202336,202551,119,1.43,,,state,nssp
2478,ne,pct_ed_visits_covid,202336,202551,119,1.07,,,state,nssp
2479,nh,pct_ed_visits_covid,202336,202551,119,1.65,,,state,nssp
2480,nj,pct_ed_visits_covid,202336,202551,119,1.86,,,state,nssp
2481,nm,pct_ed_visits_covid,202336,202551,119,1.93,,,state,nssp
2482,nv,pct_ed_visits_covid,202336,202551,119,1.9,,,state,nssp
2483,ny,pct_ed_visits_covid,202336,202551,119,1.87,,,state,nssp
2484,oh,pct_ed_visits_covid,202336,202551,119,2.13,,,state,nssp
2485,ok,pct_ed_visits_covid,202336,202551,119,1.57,,,state,nssp
2486,or,pct_ed_visits_covid,202336,202551,119,2.72,,,state,nssp
2487,pa,pct_ed_visits_covid,202336,202551,119,1.71,,,state,nssp
2488,ri,pct_ed_visits_covid,202336,202551,119,1.75,,,state,nssp
2489,sc,pct_ed_visits_covid,202336,202551,119,3.57,,,state,nssp
2490,sd,pct_ed_visits_covid,202336,202551,119,1.27,,,state,nssp
2491,tn,pct_ed_visits_covid,202336,202551,119,2.35,,,state,nssp
2492,tx,pct_ed_visits_covid,202336,202551,119,3.24,,,state,nssp
2493,ut,pct_ed_visits_covid,202336,202551,119,2.04,,,state,nssp
2494,va,pct_ed_visits_covid,202336,202551,119,2.69,,,state,nssp
2495,vt,pct_ed_visits_covid,202336,202551,119,2.11,,,state,nssp
2496,wa,pct_ed_visits_covid,202336,202551,119,3.02,,,state,nssp
2497,wi,pct_ed_visits_covid,202336,202551,119,1.34,,,state,nssp
2498,wv,pct_ed_visits_covid,202336,202551,119,2.79,,,state,nssp
2499,wy,pct_ed_visits_covid,202336,202551,119,2.25,,,state,nssp
2500,ak,pct_ed_visits_covid,202337,202551,118,2.5,,,state,nssp
2501,al,pct_ed_visits_covid,202337,202551,118,2.61,,,state,nssp
2502,ar,pct_ed_visits_covid,202337,202551,118,2.36,,,state,nssp
2503,az,pct_ed_visits_covid,202337,202551,118,1.7,,,state,nssp
2504,ca,pct_ed_visits_covid,202337,202551,118,2.06,,,state,nssp
2505,co,pct_ed_visits_covid,202337,202551,118,1.65,,,state,nssp
2506,ct,pct_ed_visits_covid,202337,202551,118,2.27,,,state,nssp
2507,dc,pct_ed_visits_covid,202337,202551,118,2.27,,,state,nssp
2508,de,pct_ed_visits_covid,202337,202551,118,1.97,,,state,nssp
2509,fl,pct_ed_visits_covid,202337,202551,118,2.3,,,state,nssp
2510,ga,pct_ed_visits_covid,202337,202551,118,1.17,,,state,nssp
2511,hi,pct_ed_visits_covid,202337,202551,118,3.32,,,state,nssp
2512,ia,pct_ed_visits_covid,202337,202551,118,2.56,,,state,nssp
2513,id,pct_ed_visits_covid,202337,202551,118,2.13,,,state,nssp
2514,il,pct_ed_visits_covid,202337,202551,118,1.76,,,state,nssp
2515,in,pct_ed_visits_covid,202337,202551,118,1.55,,,state,nssp
2516,ks,pct_ed_visits_covid,202337,202551,118,1.77,,,state,nssp
2517,ky,pct_ed_visits_covid,202337,202551,118,2.21,,,state,nssp
2518,la,pct_ed_visits_covid,202337,202551,118,2.44,,,state,nssp
2519,ma,pct_ed_visits_covid,202337,202551,118,2.01,,,state,nssp
2520,md,pct_ed_visits_covid,202337,202551,118,2.05,,,state,nssp
2521,me,pct_ed_visits_covid,202337,202551,118,1.69,,,state,nssp
2522,mi,pct_ed_visits_covid,202337,202551,118,2.01,,,state,nssp
2523,mn,pct_ed_visits_covid,202337,202551,118,2.02,,,state,nssp
2524,ms,pct_ed_visits_covid,202337,202551,118,1.99,,,state,nssp
2525,mt,pct_ed_visits_covid,202337,202551,118,2.4,,,state,nssp
2526,nc,pct_ed_visits_covid,202337,202551,118,3.41,,,state,nssp
2527,nd,pct_ed_visits_covid,202337,202551,118,1.66,,,state,nssp
2528,ne,pct_ed_visits_covid,202337,202551,118,0.99,,,state,nssp
2529,nh,pct_ed_visits_covid,202337,202551,118,2.27,,,state,nssp
2530,nj,pct_ed_visits_covid,202337,202551,118,1.86,,,state,nssp
2531,nm,pct_ed_visits_covid,202337,202551,118,2.02,,,state,nssp
2532,nv,pct_ed_visits_covid,202337,202551,118,1.7,,,state,nssp
2533,ny,pct_ed_visits_covid,202337,202551,118,1.86,,,state,nssp
2534,oh,pct_ed_visits_covid,202337,202551,118,1.84,,,state,nssp
2535,ok,pct_ed_visits_covid,202337,202551,118,1.82,,,state,nssp
2536,or,pct_ed_visits_covid,202337,202551,118,3.28,,,state,nssp
2537,pa,pct_ed_visits_covid,202337,202551,118,1.57,,,state,nssp
2538,ri,pct_ed_visits_covid,202337,202551,118,1.63,,,state,nssp
2539,sc,pct_ed_visits_covid,202337,202551,118,2.76,,,state,nssp
2540,sd,pct_ed_visits_covid,202337,202551,118,1.54,,,state,nssp
2541,tn,pct_ed_visits_covid,202337,202551,118,1.7,,,state,nssp
2542,tx,pct_ed_visits_covid,202337,202551,118,2.35,,,state,nssp
2543,ut,pct_ed_visits_covid,202337,202551,118,1.93,,,state,nssp
2544,va,pct_ed_visits_covid,202337,202551,118,2.38,,,state,nssp
2545,vt,pct_ed_visits_covid,202337,202551,118,1.91,,,state,nssp
2546,wa,pct_ed_visits_covid,202337,202551,118,3.1,,,state,nssp
2547,wi,pct_ed_visits_covid,202337,202551,118,1.41,,,state,nssp
2548,wv,pct_ed_visits_covid,202337,202551,118,2.59,,,state,nssp
2549,wy,pct_ed_visits_covid,202337,202551,118,2.11,,,state,nssp
2550,ak,pct_ed_visits_covid,202338,202551,117,1.98,,,state,nssp
2551,al,pct_ed_visits_covid,202338,202551,117,1.83,,,state,nssp
2552,ar,pct_ed_visits_covid,202338,202551,117,2.06,,,state,nssp
2553,az,pct_ed_visits_covid,202338,202551,117,1.91,,,state,nssp
2554,ca,pct_ed_visits_covid,202338,202551,117,1.73,,,state,nssp
2555,co,pct_ed_visits_covid,202338,202551,117,1.86,,,state,nssp
2556,ct,pct_ed_visits_covid,202338,202551,117,2.39,,,state,nssp
2557,dc,pct_ed_visits_covid,202338,202551,117,2.04,,,state,nssp
2558,de,pct_ed_visits_covid,202338,202551,117,1.93,,,state,nssp
2559,fl,pct_ed_visits_covid,202338,202551,117,1.79,,,state,nssp
2560,ga,pct_ed_visits_covid,202338,202551,117,0.96,,,state,nssp
2561,hi,pct_ed_visits_covid,202338,202551,117,2.89,,,state,nssp
2562,ia,pct_ed_visits_covid,202338,202551,117,2.44,,,state,nssp
2563,id,pct_ed_visits_covid,202338,202551,117,2.24,,,state,nssp
2564,il,pct_ed_visits_covid,202338,202551,117,1.69,,,state,nssp
2565,in,pct_ed_visits_covid,202338,202551,117,1.52,,,state,nssp
2566,ks,pct_ed_visits_covid,202338,202551,117,1.63,,,state,nssp
2567,ky,pct_ed_visits_covid,202338,202551,117,1.98,,,state,nssp
2568,la,pct_ed_visits_covid,202338,202551,117,1.67,,,state,nssp
2569,ma,pct_ed_visits_covid,202338,202551,117,2.2,,,state,nssp
2570,md,pct_ed_visits_covid,202338,202551,117,2.1,,,state,nssp
2571,me,pct_ed_visits_covid,202338,202551,117,1.69,,,state,nssp
2572,mi,pct_ed_visits_covid,202338,202551,117,2.09,,,state,nssp
2573,mn,pct_ed_visits_covid,202338,202551,117,2.43,,,state,nssp
2574,ms,pct_ed_visits_covid,202338,202551,117,1.86,,,state,nssp
2575,mt,pct_ed_visits_covid,202338,202551,117,2.82,,,state,nssp
2576,nc,pct_ed_visits_covid,202338,202551,117,3.0,,,state,nssp
2577,nd,pct_ed_visits_covid,202338,202551,117,1.32,,,state,nssp
2578,ne,pct_ed_visits_covid,202338,202551,117,0.95,,,state,nssp
2579,nh,pct_ed_visits_covid,202338,202551,117,2.13,,,state,nssp
2580,nj,pct_ed_visits_covid,202338,202551,117,1.91,,,state,nssp
2581,nm,pct_ed_visits_covid,202338,202551,117,2.39,,,state,nssp
2582,nv,pct_ed_visits_covid,202338,202551,117,1.62,,,state,nssp
2583,ny,pct_ed_visits_covid,202338,202551,117,1.94,,,state,nssp
2584,oh,pct_ed_visits_covid,202338,202551,117,1.73,,,state,nssp
2585,ok,pct_ed_visits_covid,202338,202551,117,1.24,,,state,nssp
2586,or,pct_ed_visits_covid,202338,202551,117,3.1,,,state,nssp
2587,pa,pct_ed_visits_covid,202338,202551,117,1.64,,,state,nssp
2588,ri,pct_ed_visits_covid,202338,202551,117,1.77,,,state,nssp
2589,sc,pct_ed_visits_covid,202338,202551,117,2.34,,,state,nssp
2590,sd,pct_ed_visits_covid,202338,202551,117,1.5,,,state,nssp
2591,tn,pct_ed_visits_covid,202338,202551,117,1.34,,,state,nssp
2592,tx,pct_ed_visits_covid,202338,202551,117,1.81,,,state,nssp
2593,ut,pct_ed_visits_covid,202338,202551,117,2.11,,,state,nssp
2594,va,pct_ed_visits_covid,202338,202551,117,2.33,,,state,nssp
2595,vt,pct_ed_visits_covid,202338,202551,117,2.29,,,state,nssp
2596,wa,pct_ed_visits_covid,202338,202551,117,2.99,,,state,nssp
2597,wi,pct_ed_visits_covid,202338,202551,117,1.94,,,state,nssp
2598,wv,pct_ed_visits_covid,202338,202551,117,2.58,,,state,nssp
2599,wy,pct_ed_visits_covid,202338,202551,117,2.25,,,state,nssp
2600,ak,pct_ed_visits_covid,202339,202551,116,1.83,,,state,nssp
2601,al,pct_ed_visits_covid,202339,202551,116,1.46,,,state,nssp
2602,ar,pct_ed_visits_covid,202339,202551,116,1.56,,,state,nssp
2603,az,pct_ed_visits_covid,202339,202551,116,2.24,,,state,nssp
2604,ca,pct_ed_visits_covid,202339,202551,116,1.43,,,state,nssp
2605,co,pct_ed_visits_covid,202339,202551,116,1.99,,,state,nssp
2606,ct,pct_ed_visits_covid,202339,202551,116,2.23,,,state,nssp
2607,dc,pct_ed_visits_covid,202339,202551,116,1.47,,,state,nssp
2608,de,pct_ed_visits_covid,202339,202551,116,1.68,,,state,nssp
2609,fl,pct_ed_visits_covid,202339,202551,116,1.45,,,state,nssp
2610,ga,pct_ed_visits_covid,202339,202551,116,0.85,,,state,nssp
2611,hi,pct_ed_visits_covid,202339,202551,116,2.8,,,state,nssp
2612,ia,pct_ed_visits_covid,202339,202551,116,2.24,,,state,nssp
2613,id,pct_ed_visits_covid,202339,202551,116,2.34,,,state,nssp
2614,il,pct_ed_visits_covid,202339,202551,116,1.46,,,state,nssp
2615,in,pct_ed_visits_covid,202339,202551,116,1.29,,,state,nssp
2616,ks,pct_ed_visits_covid,202339,202551,116,1.43,,,state,nssp
2617,ky,pct_ed_visits_covid,202339,202551,116,1.9,,,state,nssp
2618,la,pct_ed_visits_covid,202339,202551,116,1.39,,,state,nssp
2619,ma,pct_ed_visits_covid,202339,202551,116,2.16,,,state,nssp
2620,md,pct_ed_visits_covid,202339,202551,116,1.89,,,state,nssp
2621,me,pct_ed_visits_covid,202339,202551,116,1.83,,,state,nssp
2622,mi,pct_ed_visits_covid,202339,202551,116,1.86,,,state,nssp
2623,mn,pct_ed_visits_covid,202339,202551,116,2.22,,,state,nssp
2624,ms,pct_ed_visits_covid,202339,202551,116,1.53,,,state,nssp
2625,mt,pct_ed_visits_covid,202339,202551,116,3.07,,,state,nssp
2626,nc,pct_ed_visits_covid,202339,202551,116,2.48,,,state,nssp
2627,nd,pct_ed_visits_covid,202339,202551,116,1.55,,,state,nssp
2628,ne,pct_ed_visits_covid,202339,202551,116,0.96,,,state,nssp
2629,nh,pct_ed_visits_covid,202339,202551,116,1.91,,,state,nssp
2630,nj,pct_ed_visits_covid,202339,202551,116,1.74,,,state,nssp
2631,nm,pct_ed_visits_covid,202339,202551,116,2.81,,,state,nssp
2632,nv,pct_ed_visits_covid,202339,202551,116,1.67,,,state,nssp
2633,ny,pct_ed_visits_covid,202339,202551,116,1.91,,,state,nssp
2634,oh,pct_ed_visits_covid,202339,202551,116,1.5,,,state,nssp
2635,ok,pct_ed_visits_covid,202339,202551,116,0.99,,,state,nssp
2636,or,pct_ed_visits_covid,202339,202551,116,3.34,,,state,nssp
2637,pa,pct_ed_visits_covid,202339,202551,116,1.55,,,state,nssp
2638,ri,pct_ed_visits_covid,202339,202551,116,1.83,,,state,nssp
2639,sc,pct_ed_visits_covid,202339,202551,116,1.98,,,state,nssp
2640,sd,pct_ed_visits_covid,202339,202551,116,1.6,,,state,nssp
2641,tn,pct_ed_visits_covid,202339,202551,116,1.19,,,state,nssp
2642,tx,pct_ed_visits_covid,202339,202551,116,1.44,,,state,nssp
2643,ut,pct_ed_visits_covid,202339,202551,116,1.92,,,state,nssp
2644,va,pct_ed_visits_covid,202339,202551,116,1.93,,,state,nssp
2645,vt,pct_ed_visits_covid,202339,202551,116,2.69,,,state,nssp
2646,wa,pct_ed_visits_covid,202339,202551,116,2.78,,,state,nssp
2647,wi,pct_ed_visits_covid,202339,202551,116,1.73,,,state,nssp
2648,wv,pct_ed_visits_covid,202339,202551,116,2.36,,,state,nssp
2649,wy,pct_ed_visits_covid,202339,202551,116,2.65,,,state,nssp
2650,ak,pct_ed_visits_covid,202340,202551,115,1.47,,,state,nssp
2651,al,pct_ed_visits_covid,202340,202551,115,1.23,,,state,nssp
2652,ar,pct_ed_visits_covid,202340,202551,115,1.24,,,state,nssp
2653,az,pct_ed_visits_covid,202340,202551,115,2.26,,,state,nssp
2654,ca,pct_ed_visits_covid,202340,202551,115,1.28,,,state,nssp
2655,co,pct_ed_visits_covid,202340,202551,115,2.05,,,state,nssp
2656,ct,pct_ed_visits_covid,202340,202551,115,1.98,,,state,nssp
2657,dc,pct_ed_visits_covid,202340,202551,115,1.18,,,state,nssp
2658,de,pct_ed_visits_covid,202340,202551,115,1.47,,,state,nssp
2659,fl,pct_ed_visits_covid,202340,202551,115,1.22,,,state,nssp
2660,ga,pct_ed_visits_covid,202340,202551,115,0.7,,,state,nssp
2661,hi,pct_ed_visits_covid,202340,202551,115,2.29,,,state,nssp
2662,ia,pct_ed_visits_covid,202340,202551,115,1.92,,,state,nssp
2663,id,pct_ed_visits_covid,202340,202551,115,2.37,,,state,nssp
2664,il,pct_ed_visits_covid,202340,202551,115,1.28,,,state,nssp
2665,in,pct_ed_visits_covid,202340,202551,115,1.1,,,state,nssp
2666,ks,pct_ed_visits_covid,202340,202551,115,1.1,,,state,nssp
2667,ky,pct_ed_visits_covid,202340,202551,115,1.67,,,state,nssp
2668,la,pct_ed_visits_covid,202340,202551,115,1.11,,,state,nssp
2669,ma,pct_ed_visits_covid,202340,202551,115,2.07,,,state,nssp
2670,md,pct_ed_visits_covid,202340,202551,115,1.57,,,state,nssp
2671,me,pct_ed_visits_covid,202340,202551,115,1.99,,,state,nssp
2672,mi,pct_ed_visits_covid,202340,202551,115,1.51,,,state,nssp
2673,mn,pct_ed_visits_covid,202340,202551,115,1.63,,,state,nssp
2674,ms,pct_ed_visits_covid,202340,202551,115,1.32,,,state,nssp
2675,mt,pct_ed_visits_covid,202340,202551,115,2.98,,,state,nssp
2676,nc,pct_ed_visits_covid,202340,202551,115,2.12,,,state,nssp
2677,nd,pct_ed_visits_covid,202340,202551,115,1.08,,,state,nssp
2678,ne,pct_ed_visits_covid,202340,202551,115,0.75,,,state,nssp
2679,nh,pct_ed_visits_covid,202340,202551,115,1.99,,,state,nssp
2680,nj,pct_ed_visits_covid,202340,202551,115,1.52,,,state,nssp
2681,nm,pct_ed_visits_covid,202340,202551,115,2.83,,,state,nssp
2682,nv,pct_ed_visits_covid,202340,202551,115,1.58,,,state,nssp
2683,ny,pct_ed_visits_covid,202340,202551,115,1.56,,,state,nssp
2684,oh,pct_ed_visits_covid,202340,202551,115,1.18,,,state,nssp
2685,ok,pct_ed_visits_covid,202340,202551,115,0.95,,,state,nssp
2686,or,pct_ed_visits_covid,202340,202551,115,2.8,,,state,nssp
2687,pa,pct_ed_visits_covid,202340,202551,115,1.43,,,state,nssp
2688,ri,pct_ed_visits_covid,202340,202551,115,1.68,,,state,nssp
2689,sc,pct_ed_visits_covid,202340,202551,115,1.78,,,state,nssp
2690,sd,pct_ed_visits_covid,202340,202551,115,1.4,,,state,nssp
2691,tn,pct_ed_visits_covid,202340,202551,115,1.13,,,state,nssp
2692,tx,pct_ed_visits_covid,202340,202551,115,1.16,,,state,nssp
2693,ut,pct_ed_visits_covid,202340,202551,115,1.94,,,state,nssp
2694,va,pct_ed_visits_covid,202340,202551,115,1.59,,,state,nssp
2695,vt,pct_ed_visits_covid,202340,202551,115,2.16,,,state,nssp
2696,wa,pct_ed_visits_covid,202340,202551,115,2.57,,,state,nssp
2697,wi,pct_ed_visits_covid,202340,202551,115,1.45,,,state,nssp
2698,wv,pct_ed_visits_covid,202340,202551,115,2.17,,,state,nssp
2699,wy,pct_ed_visits_covid,202340,202551,115,3.12,,,state,nssp
2700,ak,pct_ed_visits_covid,202341,202551,114,1.2,,,state,nssp
2701,al,pct_ed_visits_covid,202341,202551,114,1.17,,,state,nssp
2702,ar,pct_ed_visits_covid,202341,202551,114,1.1,,,state,nssp
2703,az,pct_ed_visits_covid,202341,202551,114,2.37,,,state,nssp
2704,ca,pct_ed_visits_covid,202341,202551,114,1.16,,,state,nssp
2705,co,pct_ed_visits_covid,202341,202551,114,2.32,,,state,nssp
2706,ct,pct_ed_visits_covid,202341,202551,114,1.6,,,state,nssp
2707,dc,pct_ed_visits_covid,202341,202551,114,1.1,,,state,nssp
2708,de,pct_ed_visits_covid,202341,202551,114,1.32,,,state,nssp
2709,fl,pct_ed_visits_covid,202341,202551,114,1.08,,,state,nssp
2710,ga,pct_ed_visits_covid,202341,202551,114,0.65,,,state,nssp
2711,hi,pct_ed_visits_covid,202341,202551,114,2.49,,,state,nssp
2712,ia,pct_ed_visits_covid,202341,202551,114,2.01,,,state,nssp
2713,id,pct_ed_visits_covid,202341,202551,114,2.21,,,state,nssp
2714,il,pct_ed_visits_covid,202341,202551,114,1.31,,,state,nssp
2715,in,pct_ed_visits_covid,202341,202551,114,1.18,,,state,nssp
2716,ks,pct_ed_visits_covid,202341,202551,114,1.18,,,state,nssp
2717,ky,pct_ed_visits_covid,202341,202551,114,1.67,,,state,nssp
2718,la,pct_ed_visits_covid,202341,202551,114,1.05,,,state,nssp
2719,ma,pct_ed_visits_covid,202341,202551,114,1.72,,,state,nssp
2720,md,pct_ed_visits_covid,202341,202551,114,1.35,,,state,nssp
2721,me,pct_ed_visits_covid,202341,202551,114,1.75,,,state,nssp
2722,mi,pct_ed_visits_covid,202341,202551,114,1.35,,,state,nssp
2723,mn,pct_ed_visits_covid,202341,202551,114,1.83,,,state,nssp
2724,ms,pct_ed_visits_covid,202341,202551,114,1.18,,,state,nssp
2725,mt,pct_ed_visits_covid,202341,202551,114,2.73,,,state,nssp
2726,nc,pct_ed_visits_covid,202341,202551,114,1.82,,,state,nssp
2727,nd,pct_ed_visits_covid,202341,202551,114,1.42,,,state,nssp
2728,ne,pct_ed_visits_covid,202341,202551,114,0.78,,,state,nssp
2729,nh,pct_ed_visits_covid,202341,202551,114,1.49,,,state,nssp
2730,nj,pct_ed_visits_covid,202341,202551,114,1.24,,,state,nssp
2731,nm,pct_ed_visits_covid,202341,202551,114,3.09,,,state,nssp
2732,nv,pct_ed_visits_covid,202341,202551,114,1.69,,,state,nssp
2733,ny,pct_ed_visits_covid,202341,202551,114,1.22,,,state,nssp
2734,oh,pct_ed_visits_covid,202341,202551,114,1.18,,,state,nssp
2735,ok,pct_ed_visits_covid,202341,202551,114,0.9,,,state,nssp
2736,or,pct_ed_visits_covid,202341,202551,114,2.35,,,state,nssp
2737,pa,pct_ed_visits_covid,202341,202551,114,1.15,,,state,nssp
2738,ri,pct_ed_visits_covid,202341,202551,114,1.45,,,state,nssp
2739,sc,pct_ed_visits_covid,202341,202551,114,1.6,,,state,nssp
2740,sd,pct_ed_visits_covid,202341,202551,114,1.27,,,state,nssp
2741,tn,pct_ed_visits_covid,202341,202551,114,1.03,,,state,nssp
2742,tx,pct_ed_visits_covid,202341,202551,114,1.08,,,state,nssp
2743,ut,pct_ed_visits_covid,202341,202551,114,1.79,,,state,nssp
2744,va,pct_ed_visits_covid,202341,202551,114,1.62,,,state,nssp
2745,vt,pct_ed_visits_covid,202341,202551,114,1.77,,,state,nssp
2746,wa,pct_ed_visits_covid,202341,202551,114,2.28,,,state,nssp
2747,wi,pct_ed_visits_covid,202341,202551,114,1.35,,,state,nssp
2748,wv,pct_ed_visits_covid,202341,202551,114,2.0,,,state,nssp
2749,wy,pct_ed_visits_covid,202341,202551,114,2.1,,,state,nssp
2750,ak,pct_ed_visits_covid,202342,202551,113,1.24,,,state,nssp
2751,al,pct_ed_visits_covid,202342,202551,113,1.18,,,state,nssp
2752,ar,pct_ed_visits_covid,202342,202551,113,1.02,,,state,nssp
2753,az,pct_ed_visits_covid,202342,202551,113,2.59,,,state,nssp
2754,ca,pct_ed_visits_covid,202342,202551,113,1.18,,,state,nssp
2755,co,pct_ed_visits_covid,202342,202551,113,2.46,,,state,nssp
2756,ct,pct_ed_visits_covid,202342,202551,113,1.51,,,state,nssp
2757,dc,pct_ed_visits_covid,202342,202551,113,1.28,,,state,nssp
2758,de,pct_ed_visits_covid,202342,202551,113,1.13,,,state,nssp
2759,fl,pct_ed_visits_covid,202342,202551,113,1.0,,,state,nssp
2760,ga,pct_ed_visits_covid,202342,202551,113,0.63,,,state,nssp
2761,hi,pct_ed_visits_covid,202342,202551,113,2.01,,,state,nssp
2762,ia,pct_ed_visits_covid,202342,202551,113,2.12,,,state,nssp
2763,id,pct_ed_visits_covid,202342,202551,113,1.92,,,state,nssp
2764,il,pct_ed_visits_covid,202342,202551,113,1.57,,,state,nssp
2765,in,pct_ed_visits_covid,202342,202551,113,1.51,,,state,nssp
2766,ks,pct_ed_visits_covid,202342,202551,113,1.53,,,state,nssp
2767,ky,pct_ed_visits_covid,202342,202551,113,1.73,,,state,nssp
2768,la,pct_ed_visits_covid,202342,202551,113,0.98,,,state,nssp
2769,ma,pct_ed_visits_covid,202342,202551,113,1.6,,,state,nssp
2770,md,pct_ed_visits_covid,202342,202551,113,1.48,,,state,nssp
2771,me,pct_ed_visits_covid,202342,202551,113,1.57,,,state,nssp
2772,mi,pct_ed_visits_covid,202342,202551,113,1.43,,,state,nssp
2773,mn,pct_ed_visits_covid,202342,202551,113,1.93,,,state,nssp
2774,ms,pct_ed_visits_covid,202342,202551,113,1.12,,,state,nssp
2775,mt,pct_ed_visits_covid,202342,202551,113,2.55,,,state,nssp
2776,nc,pct_ed_visits_covid,202342,202551,113,1.56,,,state,nssp
2777,nd,pct_ed_visits_covid,202342,202551,113,1.65,,,state,nssp
2778,ne,pct_ed_visits_covid,202342,202551,113,1.06,,,state,nssp
2779,nh,pct_ed_visits_covid,202342,202551,113,1.47,,,state,nssp
2780,nj,pct_ed_visits_covid,202342,202551,113,1.06,,,state,nssp
2781,nm,pct_ed_visits_covid,202342,202551,113,3.6,,,state,nssp
2782,nv,pct_ed_visits_covid,202342,202551,113,1.66,,,state,nssp
2783,ny,pct_ed_visits_covid,202342,202551,113,1.09,,,state,nssp
2784,oh,pct_ed_visits_covid,202342,202551,113,1.37,,,state,nssp
2785,ok,pct_ed_visits_covid,202342,202551,113,1.43,,,state,nssp
2786,or,pct_ed_visits_covid,202342,202551,113,2.03,,,state,nssp
2787,pa,pct_ed_visits_covid,202342,202551,113,1.21,,,state,nssp
2788,ri,pct_ed_visits_covid,202342,202551,113,1.36,,,state,nssp
2789,sc,pct_ed_visits_covid,202342,202551,113,1.36,,,state,nssp
2790,sd,pct_ed_visits_covid,202342,202551,113,1.37,,,state,nssp
2791,tn,pct_ed_visits_covid,202342,202551,113,1.11,,,state,nssp
2792,tx,pct_ed_visits_covid,202342,202551,113,1.1,,,state,nssp
2793,ut,pct_ed_visits_covid,202342,202551,113,1.94,,,state,nssp
2794,va,pct_ed_visits_covid,202342,202551,113,1.59,,,state,nssp
2795,vt,pct_ed_visits_covid,202342,202551,113,1.8,,,state,nssp
2796,wa,pct_ed_visits_covid,202342,202551,113,1.75,,,state,nssp
2797,wi,pct_ed_visits_covid,202342,202551,113,1.6,,,state,nssp
2798,wv,pct_ed_visits_covid,202342,202551,113,2.33,,,state,nssp
2799,wy,pct_ed_visits_covid,202342,202551,113,2.28,,,state,nssp
2800,ak,pct_ed_visits_covid,202343,202551,112,1.29,,,state,nssp
2801,al,pct_ed_visits_covid,202343,202551,112,1.13,,,state,nssp
2802,ar,pct_ed_visits_covid,202343,202551,112,0.94,,,state,nssp
2803,az,pct_ed_visits_covid,202343,202551,112,2.52,,,state,nssp
2804,ca,pct_ed_visits_covid,202343,202551,112,1.08,,,state,nssp
2805,co,pct_ed_visits_covid,202343,202551,112,2.36,,,state,nssp
2806,ct,pct_ed_visits_covid,202343,202551,112,1.56,,,state,nssp
2807,dc,pct_ed_visits_covid,202343,202551,112,1.16,,,state,nssp
2808,de,pct_ed_visits_covid,202343,202551,112,1.31,,,state,nssp
2809,fl,pct_ed_visits_covid,202343,202551,112,0.94,,,state,nssp
2810,ga,pct_ed_visits_covid,202343,202551,112,0.67,,,state,nssp
2811,hi,pct_ed_visits_covid,202343,202551,112,2.03,,,state,nssp
2812,ia,pct_ed_visits_covid,202343,202551,112,2.0,,,state,nssp
2813,id,pct_ed_visits_covid,202343,202551,112,1.68,,,state,nssp
2814,il,pct_ed_visits_covid,202343,202551,112,1.61,,,state,nssp
2815,in,pct_ed_visits_covid,202343,202551,112,1.37,,,state,nssp
2816,ks,pct_ed_visits_covid,202343,202551,112,1.39,,,state,nssp
2817,ky,pct_ed_visits_covid,202343,202551,112,1.88,,,state,nssp
2818,la,pct_ed_visits_covid,202343,202551,112,1.01,,,state,nssp
2819,ma,pct_ed_visits_covid,202343,202551,112,1.37,,,state,nssp
2820,md,pct_ed_visits_covid,202343,202551,112,1.43,,,state,nssp
2821,me,pct_ed_visits_covid,202343,202551,112,1.68,,,state,nssp
2822,mi,pct_ed_visits_covid,202343,202551,112,1.56,,,state,nssp
2823,mn,pct_ed_visits_covid,202343,202551,112,1.9,,,state,nssp
2824,ms,pct_ed_visits_covid,202343,202551,112,1.41,,,state,nssp
2825,mt,pct_ed_visits_covid,202343,202551,112,2.11,,,state,nssp
2826,nc,pct_ed_visits_covid,202343,202551,112,1.6,,,state,nssp
2827,nd,pct_ed_visits_covid,202343,202551,112,1.27,,,state,nssp
2828,ne,pct_ed_visits_covid,202343,202551,112,1.42,,,state,nssp
2829,nh,pct_ed_visits_covid,202343,202551,112,1.38,,,state,nssp
2830,nj,pct_ed_visits_covid,202343,202551,112,0.98,,,state,nssp
2831,nm,pct_ed_visits_covid,202343,202551,112,4.23,,,state,nssp
2832,nv,pct_ed_visits_covid,202343,202551,112,1.72,,,state,nssp
2833,ny,pct_ed_visits_covid,202343,202551,112,1.08,,,state,nssp
2834,oh,pct_ed_visits_covid,202343,202551,112,1.49,,,state,nssp
2835,ok,pct_ed_visits_covid,202343,202551,112,1.6,,,state,nssp
2836,or,pct_ed_visits_covid,202343,202551,112,1.83,,,state,nssp
2837,pa,pct_ed_visits_covid,202343,202551,112,1.25,,,state,nssp
2838,ri,pct_ed_visits_covid,202343,202551,112,1.03,,,state,nssp
2839,sc,pct_ed_visits_covid,202343,202551,112,1.23,,,state,nssp
2840,sd,pct_ed_visits_covid,202343,202551,112,1.84,,,state,nssp
2841,tn,pct_ed_visits_covid,202343,202551,112,1.25,,,state,nssp
2842,tx,pct_ed_visits_covid,202343,202551,112,1.18,,,state,nssp
2843,ut,pct_ed_visits_covid,202343,202551,112,1.93,,,state,nssp
2844,va,pct_ed_visits_covid,202343,202551,112,1.77,,,state,nssp
2845,vt,pct_ed_visits_covid,202343,202551,112,1.79,,,state,nssp
2846,wa,pct_ed_visits_covid,202343,202551,112,1.55,,,state,nssp
2847,wi,pct_ed_visits_covid,202343,202551,112,1.8,,,state,nssp
2848,wv,pct_ed_visits_covid,202343,202551,112,2.52,,,state,nssp
2849,wy,pct_ed_visits_covid,202343,202551,112,2.1,,,state,nssp
2850,ak,pct_ed_visits_covid,202344,202551,111,1.39,,,state,nssp
2851,al,pct_ed_visits_covid,202344,202551,111,1.09,,,state,nssp
2852,ar,pct_ed_visits_covid,202344,202551,111,0.9,,,state,nssp
2853,az,pct_ed_visits_covid,202344,202551,111,2.35,,,state,nssp
2854,ca,pct_ed_visits_covid,202344,202551,111,1.06,,,state,nssp
2855,co,pct_ed_visits_covid,202344,202551,111,2.44,,,state,nssp
2856,ct,pct_ed_visits_covid,202344,202551,111,1.49,,,state,nssp
2857,dc,pct_ed_visits_covid,202344,202551,111,0.92,,,state,nssp
2858,de,pct_ed_visits_covid,202344,202551,111,1.15,,,state,nssp
2859,fl,pct_ed_visits_covid,202344,202551,111,0.82,,,state,nssp
2860,ga,pct_ed_visits_covid,202344,202551,111,0.66,,,state,nssp
2861,hi,pct_ed_visits_covid,202344,202551,111,1.67,,,state,nssp
2862,ia,pct_ed_visits_covid,202344,202551,111,1.73,,,state,nssp
2863,id,pct_ed_visits_covid,202344,202551,111,1.59,,,state,nssp
2864,il,pct_ed_visits_covid,202344,202551,111,1.76,,,state,nssp
2865,in,pct_ed_visits_covid,202344,202551,111,1.42,,,state,nssp
2866,ks,pct_ed_visits_covid,202344,202551,111,1.64,,,state,nssp
2867,ky,pct_ed_visits_covid,202344,202551,111,2.08,,,state,nssp
2868,la,pct_ed_visits_covid,202344,202551,111,0.8,,,state,nssp
2869,ma,pct_ed_visits_covid,202344,202551,111,1.16,,,state,nssp
2870,md,pct_ed_visits_covid,202344,202551,111,1.46,,,state,nssp
2871,me,pct_ed_visits_covid,202344,202551,111,1.59,,,state,nssp
2872,mi,pct_ed_visits_covid,202344,202551,111,1.59,,,state,nssp
2873,mn,pct_ed_visits_covid,202344,202551,111,2.0,,,state,nssp
2874,ms,pct_ed_visits_covid,202344,202551,111,1.16,,,state,nssp
2875,mt,pct_ed_visits_covid,202344,202551,111,2.27,,,state,nssp
2876,nc,pct_ed_visits_covid,202344,202551,111,1.49,,,state,nssp
2877,nd,pct_ed_visits_covid,202344,202551,111,1.76,,,state,nssp
2878,ne,pct_ed_visits_covid,202344,202551,111,1.32,,,state,nssp
2879,nh,pct_ed_visits_covid,202344,202551,111,1.27,,,state,nssp
2880,nj,pct_ed_visits_covid,202344,202551,111,0.88,,,state,nssp
2881,nm,pct_ed_visits_covid,202344,202551,111,4.9,,,state,nssp
2882,nv,pct_ed_visits_covid,202344,202551,111,1.58,,,state,nssp
2883,ny,pct_ed_visits_covid,202344,202551,111,0.96,,,state,nssp
2884,oh,pct_ed_visits_covid,202344,202551,111,1.59,,,state,nssp
2885,ok,pct_ed_visits_covid,202344,202551,111,1.49,,,state,nssp
2886,or,pct_ed_visits_covid,202344,202551,111,1.94,,,state,nssp
2887,pa,pct_ed_visits_covid,202344,202551,111,1.19,,,state,nssp
2888,ri,pct_ed_visits_covid,202344,202551,111,0.89,,,state,nssp
2889,sc,pct_ed_visits_covid,202344,202551,111,1.38,,,state,nssp
2890,sd,pct_ed_visits_covid,202344,202551,111,2.35,,,state,nssp
2891,tn,pct_ed_visits_covid,202344,202551,111,1.32,,,state,nssp
2892,tx,pct_ed_visits_covid,202344,202551,111,1.07,,,state,nssp
2893,ut,pct_ed_visits_covid,202344,202551,111,2.11,,,state,nssp
2894,va,pct_ed_visits_covid,202344,202551,111,1.6,,,state,nssp
2895,vt,pct_ed_visits_covid,202344,202551,111,1.84,,,state,nssp
2896,wa,pct_ed_visits_covid,202344,202551,111,1.58,,,state,nssp
2897,wi,pct_ed_visits_covid,202344,202551,111,1.68,,,state,nssp
2898,wv,pct_ed_visits_covid,202344,202551,111,2.42,,,state,nssp
2899,wy,pct_ed_visits_covid,202344,202551,111,2.79,,,state,nssp
2900,ak,pct_ed_visits_covid,202345,202551,110,1.03,,,state,nssp
2901,al,pct_ed_visits_covid,202345,202551,110,1.27,,,state,nssp
2902,ar,pct_ed_visits_covid,202345,202551,110,1.29,,,state,nssp
2903,az,pct_ed_visits_covid,202345,202551,110,2.87,,,state,nssp
2904,ca,pct_ed_visits_covid,202345,202551,110,1.25,,,state,nssp
2905,co,pct_ed_visits_covid,202345,202551,110,2.55,,,state,nssp
2906,ct,pct_ed_visits_covid,202345,202551,110,1.63,,,state,nssp
2907,dc,pct_ed_visits_covid,202345,202551,110,1.06,,,state,nssp
2908,de,pct_ed_visits_covid,202345,202551,110,1.12,,,state,nssp
2909,fl,pct_ed_visits_covid,202345,202551,110,0.82,,,state,nssp
2910,ga,pct_ed_visits_covid,202345,202551,110,0.82,,,state,nssp
2911,hi,pct_ed_visits_covid,202345,202551,110,1.9,,,state,nssp
2912,ia,pct_ed_visits_covid,202345,202551,110,2.04,,,state,nssp
2913,id,pct_ed_visits_covid,202345,202551,110,1.82,,,state,nssp
2914,il,pct_ed_visits_covid,202345,202551,110,2.06,,,state,nssp
2915,in,pct_ed_visits_covid,202345,202551,110,1.96,,,state,nssp
2916,ks,pct_ed_visits_covid,202345,202551,110,2.11,,,state,nssp
2917,ky,pct_ed_visits_covid,202345,202551,110,2.41,,,state,nssp
2918,la,pct_ed_visits_covid,202345,202551,110,1.05,,,state,nssp
2919,ma,pct_ed_visits_covid,202345,202551,110,1.28,,,state,nssp
2920,md,pct_ed_visits_covid,202345,202551,110,1.63,,,state,nssp
2921,me,pct_ed_visits_covid,202345,202551,110,1.92,,,state,nssp
2922,mi,pct_ed_visits_covid,202345,202551,110,1.83,,,state,nssp
2923,mn,pct_ed_visits_covid,202345,202551,110,2.5,,,state,nssp
2924,ms,pct_ed_visits_covid,202345,202551,110,1.44,,,state,nssp
2925,mt,pct_ed_visits_covid,202345,202551,110,2.91,,,state,nssp
2926,nc,pct_ed_visits_covid,202345,202551,110,1.53,,,state,nssp
2927,nd,pct_ed_visits_covid,202345,202551,110,2.12,,,state,nssp
2928,ne,pct_ed_visits_covid,202345,202551,110,1.71,,,state,nssp
2929,nh,pct_ed_visits_covid,202345,202551,110,1.47,,,state,nssp
2930,nj,pct_ed_visits_covid,202345,202551,110,1.06,,,state,nssp
2931,nm,pct_ed_visits_covid,202345,202551,110,5.19,,,state,nssp
2932,nv,pct_ed_visits_covid,202345,202551,110,1.66,,,state,nssp
2933,ny,pct_ed_visits_covid,202345,202551,110,1.02,,,state,nssp
2934,oh,pct_ed_visits_covid,202345,202551,110,1.8,,,state,nssp
2935,ok,pct_ed_visits_covid,202345,202551,110,2.07,,,state,nssp
2936,or,pct_ed_visits_covid,202345,202551,110,1.65,,,state,nssp
2937,pa,pct_ed_visits_covid,202345,202551,110,1.38,,,state,nssp
2938,ri,pct_ed_visits_covid,202345,202551,110,1.03,,,state,nssp
2939,sc,pct_ed_visits_covid,202345,202551,110,1.57,,,state,nssp
2940,sd,pct_ed_visits_covid,202345,202551,110,2.56,,,state,nssp
2941,tn,pct_ed_visits_covid,202345,202551,110,1.42,,,state,nssp
2942,tx,pct_ed_visits_covid,202345,202551,110,1.29,,,state,nssp
2943,ut,pct_ed_visits_covid,202345,202551,110,2.09,,,state,nssp
2944,va,pct_ed_visits_covid,202345,202551,110,1.83,,,state,nssp
2945,vt,pct_ed_visits_covid,202345,202551,110,2.13,,,state,nssp
2946,wa,pct_ed_visits_covid,202345,202551,110,1.41,,,state,nssp
2947,wi,pct_ed_visits_covid,202345,202551,110,2.1,,,state,nssp
2948,wv,pct_ed_visits_covid,202345,202551,110,2.83,,,state,nssp
2949,wy,pct_ed_visits_covid,202345,202551,110,2.63,,,state,nssp
2950,ak,pct_ed_visits_covid,202346,202551,109,0.92,,,state,nssp
2951,al,pct_ed_visits_covid,202346,202551,109,1.24,,,state,nssp
2952,ar,pct_ed_visits_covid,202346,202551,109,1.16,,,state,nssp
2953,az,pct_ed_visits_covid,202346,202551,109,2.95,,,state,nssp
2954,ca,pct_ed_visits_covid,202346,202551,109,1.38,,,state,nssp
2955,co,pct_ed_visits_covid,202346,202551,109,2.59,,,state,nssp
2956,ct,pct_ed_visits_covid,202346,202551,109,1.69,,,state,nssp
2957,dc,pct_ed_visits_covid,202346,202551,109,1.05,,,state,nssp
2958,de,pct_ed_visits_covid,202346,202551,109,1.31,,,state,nssp
2959,fl,pct_ed_visits_covid,202346,202551,109,0.81,,,state,nssp
2960,ga,pct_ed_visits_covid,202346,202551,109,0.73,,,state,nssp
2961,hi,pct_ed_visits_covid,202346,202551,109,1.51,,,state,nssp
2962,ia,pct_ed_visits_covid,202346,202551,109,2.64,,,state,nssp
2963,id,pct_ed_visits_covid,202346,202551,109,2.3,,,state,nssp
2964,il,pct_ed_visits_covid,202346,202551,109,2.4,,,state,nssp
2965,in,pct_ed_visits_covid,202346,202551,109,2.32,,,state,nssp
2966,ks,pct_ed_visits_covid,202346,202551,109,2.25,,,state,nssp
2967,ky,pct_ed_visits_covid,202346,202551,109,2.47,,,state,nssp
2968,la,pct_ed_visits_covid,202346,202551,109,1.03,,,state,nssp
2969,ma,pct_ed_visits_covid,202346,202551,109,1.53,,,state,nssp
2970,md,pct_ed_visits_covid,202346,202551,109,1.76,,,state,nssp
2971,me,pct_ed_visits_covid,202346,202551,109,1.92,,,state,nssp
2972,mi,pct_ed_visits_covid,202346,202551,109,2.32,,,state,nssp
2973,mn,pct_ed_visits_covid,202346,202551,109,2.83,,,state,nssp
2974,ms,pct_ed_visits_covid,202346,202551,109,1.37,,,state,nssp
2975,mt,pct_ed_visits_covid,202346,202551,109,2.9,,,state,nssp
2976,nc,pct_ed_visits_covid,202346,202551,109,1.61,,,state,nssp
2977,nd,pct_ed_visits_covid,202346,202551,109,2.47,,,state,nssp
2978,ne,pct_ed_visits_covid,202346,202551,109,1.99,,,state,nssp
2979,nh,pct_ed_visits_covid,202346,202551,109,1.51,,,state,nssp
2980,nj,pct_ed_visits_covid,202346,202551,109,1.06,,,state,nssp
2981,nm,pct_ed_visits_covid,202346,202551,109,4.58,,,state,nssp
2982,nv,pct_ed_visits_covid,202346,202551,109,1.79,,,state,nssp
2983,ny,pct_ed_visits_covid,202346,202551,109,1.15,,,state,nssp
2984,oh,pct_ed_visits_covid,202346,202551,109,2.03,,,state,nssp
2985,ok,pct_ed_visits_covid,202346,202551,109,2.27,,,state,nssp
2986,or,pct_ed_visits_covid,202346,202551,109,1.64,,,state,nssp
2987,pa,pct_ed_visits_covid,202346,202551,109,1.63,,,state,nssp
2988,ri,pct_ed_visits_covid,202346,202551,109,1.3,,,state,nssp
2989,sc,pct_ed_visits_covid,202346,202551,109,1.43,,,state,nssp
2990,sd,pct_ed_visits_covid,202346,202551,109,2.66,,,state,nssp
2991,tn,pct_ed_visits_covid,202346,202551,109,1.54,,,state,nssp
2992,tx,pct_ed_visits_covid,202346,202551,109,1.21,,,state,nssp
2993,ut,pct_ed_visits_covid,202346,202551,109,2.46,,,state,nssp
2994,va,pct_ed_visits_covid,202346,202551,109,1.75,,,state,nssp
2995,vt,pct_ed_visits_covid,202346,202551,109,2.24,,,state,nssp
2996,wa,pct_ed_visits_covid,202346,202551,109,1.41,,,state,nssp
2997,wi,pct_ed_visits_covid,202346,202551,109,2.7,,,state,nssp
2998,wv,pct_ed_visits_covid,202346,202551,109,3.37,,,state,nssp
2999,wy,pct_ed_visits_covid,202346,202551,109,2.94,,,state,nssp
3000,ak,pct_ed_visits_covid,202347,202551,108,1.14,,,state,nssp
3001,al,pct_ed_visits_covid,202347,202551,108,1.33,,,state,nssp
3002,ar,pct_ed_visits_covid,202347,202551,108,1.7,,,state,nssp
3003,az,pct_ed_visits_covid,202347,202551,108,2.69,,,state,nssp
3004,ca,pct_ed_visits_covid,202347,202551,108,1.61,,,state,nssp
3005,co,pct_ed_visits_covid,202347,202551,108,2.75,,,state,nssp
3006,ct,pct_ed_visits_covid,202347,202551,108,2.18,,,state,nssp
3007,dc,pct_ed_visits_covid,202347,202551,108,1.1,,,state,nssp
3008,de,pct_ed_visits_covid,202347,202551,108,1.71,,,state,nssp
3009,fl,pct_ed_visits_covid,202347,202551,108,0.93,,,state,nssp
3010,ga,pct_ed_visits_covid,202347,202551,108,0.75,,,state,nssp
3011,hi,pct_ed_visits_covid,202347,202551,108,1.49,,,state,nssp
3012,ia,pct_ed_visits_covid,202347,202551,108,3.67,,,state,nssp
3013,id,pct_ed_visits_covid,202347,202551,108,2.74,,,state,nssp
3014,il,pct_ed_visits_covid,202347,202551,108,3.2,,,state,nssp
3015,in,pct_ed_visits_covid,202347,202551,108,2.91,,,state,nssp
3016,ks,pct_ed_visits_covid,202347,202551,108,2.52,,,state,nssp
3017,ky,pct_ed_visits_covid,202347,202551,108,3.14,,,state,nssp
3018,la,pct_ed_visits_covid,202347,202551,108,1.15,,,state,nssp
3019,ma,pct_ed_visits_covid,202347,202551,108,1.9,,,state,nssp
3020,md,pct_ed_visits_covid,202347,202551,108,2.05,,,state,nssp
3021,me,pct_ed_visits_covid,202347,202551,108,2.62,,,state,nssp
3022,mi,pct_ed_visits_covid,202347,202551,108,2.83,,,state,nssp
3023,mn,pct_ed_visits_covid,202347,202551,108,2.79,,,state,nssp
3024,ms,pct_ed_visits_covid,202347,202551,108,1.57,,,state,nssp
3025,mt,pct_ed_visits_covid,202347,202551,108,2.79,,,state,nssp
3026,nc,pct_ed_visits_covid,202347,202551,108,1.86,,,state,nssp
3027,nd,pct_ed_visits_covid,202347,202551,108,2.93,,,state,nssp
3028,ne,pct_ed_visits_covid,202347,202551,108,2.09,,,state,nssp
3029,nh,pct_ed_visits_covid,202347,202551,108,1.89,,,state,nssp
3030,nj,pct_ed_visits_covid,202347,202551,108,1.34,,,state,nssp
3031,nm,pct_ed_visits_covid,202347,202551,108,4.49,,,state,nssp
3032,nv,pct_ed_visits_covid,202347,202551,108,1.47,,,state,nssp
3033,ny,pct_ed_visits_covid,202347,202551,108,1.5,,,state,nssp
3034,oh,pct_ed_visits_covid,202347,202551,108,2.44,,,state,nssp
3035,ok,pct_ed_visits_covid,202347,202551,108,2.39,,,state,nssp
3036,or,pct_ed_visits_covid,202347,202551,108,1.64,,,state,nssp
3037,pa,pct_ed_visits_covid,202347,202551,108,1.92,,,state,nssp
3038,ri,pct_ed_visits_covid,202347,202551,108,1.59,,,state,nssp
3039,sc,pct_ed_visits_covid,202347,202551,108,1.54,,,state,nssp
3040,sd,pct_ed_visits_covid,202347,202551,108,2.9,,,state,nssp
3041,tn,pct_ed_visits_covid,202347,202551,108,1.89,,,state,nssp
3042,tx,pct_ed_visits_covid,202347,202551,108,1.29,,,state,nssp
3043,ut,pct_ed_visits_covid,202347,202551,108,2.78,,,state,nssp
3044,va,pct_ed_visits_covid,202347,202551,108,2.26,,,state,nssp
3045,vt,pct_ed_visits_covid,202347,202551,108,3.13,,,state,nssp
3046,wa,pct_ed_visits_covid,202347,202551,108,1.58,,,state,nssp
3047,wi,pct_ed_visits_covid,202347,202551,108,3.28,,,state,nssp
3048,wv,pct_ed_visits_covid,202347,202551,108,4.09,,,state,nssp
3049,wy,pct_ed_visits_covid,202347,202551,108,3.11,,,state,nssp
3050,ak,pct_ed_visits_covid,202348,202551,107,1.29,,,state,nssp
3051,al,pct_ed_visits_covid,202348,202551,107,1.46,,,state,nssp
3052,ar,pct_ed_visits_covid,202348,202551,107,1.68,,,state,nssp
3053,az,pct_ed_visits_covid,202348,202551,107,2.47,,,state,nssp
3054,ca,pct_ed_visits_covid,202348,202551,107,1.64,,,state,nssp
3055,co,pct_ed_visits_covid,202348,202551,107,2.6,,,state,nssp
3056,ct,pct_ed_visits_covid,202348,202551,107,2.45,,,state,nssp
3057,dc,pct_ed_visits_covid,202348,202551,107,1.26,,,state,nssp
3058,de,pct_ed_visits_covid,202348,202551,107,2.22,,,state,nssp
3059,fl,pct_ed_visits_covid,202348,202551,107,1.04,,,state,nssp
3060,ga,pct_ed_visits_covid,202348,202551,107,0.81,,,state,nssp
3061,hi,pct_ed_visits_covid,202348,202551,107,1.14,,,state,nssp
3062,ia,pct_ed_visits_covid,202348,202551,107,4.06,,,state,nssp
3063,id,pct_ed_visits_covid,202348,202551,107,2.92,,,state,nssp
3064,il,pct_ed_visits_covid,202348,202551,107,3.44,,,state,nssp
3065,in,pct_ed_visits_covid,202348,202551,107,3.51,,,state,nssp
3066,ks,pct_ed_visits_covid,202348,202551,107,2.63,,,state,nssp
3067,ky,pct_ed_visits_covid,202348,202551,107,3.04,,,state,nssp
3068,la,pct_ed_visits_covid,202348,202551,107,1.26,,,state,nssp
3069,ma,pct_ed_visits_covid,202348,202551,107,2.34,,,state,nssp
3070,md,pct_ed_visits_covid,202348,202551,107,2.13,,,state,nssp
3071,me,pct_ed_visits_covid,202348,202551,107,2.85,,,state,nssp
3072,mi,pct_ed_visits_covid,202348,202551,107,3.3,,,state,nssp
3073,mn,pct_ed_visits_covid,202348,202551,107,3.53,,,state,nssp
3074,ms,pct_ed_visits_covid,202348,202551,107,1.67,,,state,nssp
3075,mt,pct_ed_visits_covid,202348,202551,107,2.85,,,state,nssp
3076,nc,pct_ed_visits_covid,202348,202551,107,1.98,,,state,nssp
3077,nd,pct_ed_visits_covid,202348,202551,107,3.42,,,state,nssp
3078,ne,pct_ed_visits_covid,202348,202551,107,2.44,,,state,nssp
3079,nh,pct_ed_visits_covid,202348,202551,107,2.06,,,state,nssp
3080,nj,pct_ed_visits_covid,202348,202551,107,1.64,,,state,nssp
3081,nm,pct_ed_visits_covid,202348,202551,107,3.64,,,state,nssp
3082,nv,pct_ed_visits_covid,202348,202551,107,1.66,,,state,nssp
3083,ny,pct_ed_visits_covid,202348,202551,107,1.75,,,state,nssp
3084,oh,pct_ed_visits_covid,202348,202551,107,2.97,,,state,nssp
3085,ok,pct_ed_visits_covid,202348,202551,107,2.41,,,state,nssp
3086,or,pct_ed_visits_covid,202348,202551,107,2.02,,,state,nssp
3087,pa,pct_ed_visits_covid,202348,202551,107,2.23,,,state,nssp
3088,ri,pct_ed_visits_covid,202348,202551,107,1.74,,,state,nssp
3089,sc,pct_ed_visits_covid,202348,202551,107,1.62,,,state,nssp
3090,sd,pct_ed_visits_covid,202348,202551,107,2.88,,,state,nssp
3091,tn,pct_ed_visits_covid,202348,202551,107,1.84,,,state,nssp
3092,tx,pct_ed_visits_covid,202348,202551,107,1.42,,,state,nssp
3093,ut,pct_ed_visits_covid,202348,202551,107,2.98,,,state,nssp
3094,va,pct_ed_visits_covid,202348,202551,107,2.51,,,state,nssp
3095,vt,pct_ed_visits_covid,202348,202551,107,2.95,,,state,nssp
3096,wa,pct_ed_visits_covid,202348,202551,107,1.8,,,state,nssp
3097,wi,pct_ed_visits_covid,202348,202551,107,3.51,,,state,nssp
3098,wv,pct_ed_visits_covid,202348,202551,107,4.16,,,state,nssp
3099,wy,pct_ed_visits_covid,202348,202551,107,3.18,,,state,nssp
3100,ak,pct_ed_visits_covid,202349,202551,106,1.25,,,state,nssp
3101,al,pct_ed_visits_covid,202349,202551,106,1.68,,,state,nssp
3102,ar,pct_ed_visits_covid,202349,202551,106,1.86,,,state,nssp
3103,az,pct_ed_visits_covid,202349,202551,106,2.17,,,state,nssp
3104,ca,pct_ed_visits_covid,202349,202551,106,1.81,,,state,nssp
3105,co,pct_ed_visits_covid,202349,202551,106,2.3,,,state,nssp
3106,ct,pct_ed_visits_covid,202349,202551,106,2.33,,,state,nssp
3107,dc,pct_ed_visits_covid,202349,202551,106,1.51,,,state,nssp
3108,de,pct_ed_visits_covid,202349,202551,106,2.23,,,state,nssp
3109,fl,pct_ed_visits_covid,202349,202551,106,1.2,,,state,nssp
3110,ga,pct_ed_visits_covid,202349,202551,106,0.91,,,state,nssp
3111,hi,pct_ed_visits_covid,202349,202551,106,1.46,,,state,nssp
3112,ia,pct_ed_visits_covid,202349,202551,106,4.76,,,state,nssp
3113,id,pct_ed_visits_covid,202349,202551,106,2.66,,,state,nssp
3114,il,pct_ed_visits_covid,202349,202551,106,3.42,,,state,nssp
3115,in,pct_ed_visits_covid,202349,202551,106,3.35,,,state,nssp
3116,ks,pct_ed_visits_covid,202349,202551,106,2.72,,,state,nssp
3117,ky,pct_ed_visits_covid,202349,202551,106,2.96,,,state,nssp
3118,la,pct_ed_visits_covid,202349,202551,106,1.34,,,state,nssp
3119,ma,pct_ed_visits_covid,202349,202551,106,2.48,,,state,nssp
3120,md,pct_ed_visits_covid,202349,202551,106,2.21,,,state,nssp
3121,me,pct_ed_visits_covid,202349,202551,106,3.11,,,state,nssp
3122,mi,pct_ed_visits_covid,202349,202551,106,3.19,,,state,nssp
3123,mn,pct_ed_visits_covid,202349,202551,106,3.85,,,state,nssp
3124,ms,pct_ed_visits_covid,202349,202551,106,1.69,,,state,nssp
3125,mt,pct_ed_visits_covid,202349,202551,106,2.71,,,state,nssp
3126,nc,pct_ed_visits_covid,202349,202551,106,2.13,,,state,nssp
3127,nd,pct_ed_visits_covid,202349,202551,106,3.1,,,state,nssp
3128,ne,pct_ed_visits_covid,202349,202551,106,2.85,,,state,nssp
3129,nh,pct_ed_visits_covid,202349,202551,106,2.88,,,state,nssp
3130,nj,pct_ed_visits_covid,202349,202551,106,1.81,,,state,nssp
3131,nm,pct_ed_visits_covid,202349,202551,106,3.05,,,state,nssp
3132,nv,pct_ed_visits_covid,202349,202551,106,1.54,,,state,nssp
3133,ny,pct_ed_visits_covid,202349,202551,106,1.82,,,state,nssp
3134,oh,pct_ed_visits_covid,202349,202551,106,3.04,,,state,nssp
3135,ok,pct_ed_visits_covid,202349,202551,106,2.72,,,state,nssp
3136,or,pct_ed_visits_covid,202349,202551,106,1.8,,,state,nssp
3137,pa,pct_ed_visits_covid,202349,202551,106,2.19,,,state,nssp
3138,ri,pct_ed_visits_covid,202349,202551,106,1.87,,,state,nssp
3139,sc,pct_ed_visits_covid,202349,202551,106,1.66,,,state,nssp
3140,sd,pct_ed_visits_covid,202349,202551,106,2.92,,,state,nssp
3141,tn,pct_ed_visits_covid,202349,202551,106,1.92,,,state,nssp
3142,tx,pct_ed_visits_covid,202349,202551,106,1.54,,,state,nssp
3143,ut,pct_ed_visits_covid,202349,202551,106,2.88,,,state,nssp
3144,va,pct_ed_visits_covid,202349,202551,106,2.64,,,state,nssp
3145,vt,pct_ed_visits_covid,202349,202551,106,3.15,,,state,nssp
3146,wa,pct_ed_visits_covid,202349,202551,106,1.78,,,state,nssp
3147,wi,pct_ed_visits_covid,202349,202551,106,3.34,,,state,nssp
3148,wv,pct_ed_visits_covid,202349,202551,106,4.06,,,state,nssp
3149,wy,pct_ed_visits_covid,202349,202551,106,3.11,,,state,nssp
3150,ak,pct_ed_visits_covid,202350,202551,105,1.52,,,state,nssp
3151,al,pct_ed_visits_covid,202350,202551,105,2.12,,,state,nssp
3152,ar,pct_ed_visits_covid,202350,202551,105,2.3,,,state,nssp
3153,az,pct_ed_visits_covid,202350,202551,105,2.36,,,state,nssp
3154,ca,pct_ed_visits_covid,202350,202551,105,2.05,,,state,nssp
3155,co,pct_ed_visits_covid,202350,202551,105,2.02,,,state,nssp
3156,ct,pct_ed_visits_covid,202350,202551,105,3.05,,,state,nssp
3157,dc,pct_ed_visits_covid,202350,202551,105,1.8,,,state,nssp
3158,de,pct_ed_visits_covid,202350,202551,105,2.44,,,state,nssp
3159,fl,pct_ed_visits_covid,202350,202551,105,1.55,,,state,nssp
3160,ga,pct_ed_visits_covid,202350,202551,105,1.11,,,state,nssp
3161,hi,pct_ed_visits_covid,202350,202551,105,1.23,,,state,nssp
3162,ia,pct_ed_visits_covid,202350,202551,105,4.98,,,state,nssp
3163,id,pct_ed_visits_covid,202350,202551,105,2.6,,,state,nssp
3164,il,pct_ed_visits_covid,202350,202551,105,3.49,,,state,nssp
3165,in,pct_ed_visits_covid,202350,202551,105,3.57,,,state,nssp
3166,ks,pct_ed_visits_covid,202350,202551,105,2.86,,,state,nssp
3167,ky,pct_ed_visits_covid,202350,202551,105,2.99,,,state,nssp
3168,la,pct_ed_visits_covid,202350,202551,105,1.56,,,state,nssp
3169,ma,pct_ed_visits_covid,202350,202551,105,2.96,,,state,nssp
3170,md,pct_ed_visits_covid,202350,202551,105,2.11,,,state,nssp
3171,me,pct_ed_visits_covid,202350,202551,105,3.39,,,state,nssp
3172,mi,pct_ed_visits_covid,202350,202551,105,3.71,,,state,nssp
3173,mn,pct_ed_visits_covid,202350,202551,105,4.27,,,state,nssp
3174,ms,pct_ed_visits_covid,202350,202551,105,2.1,,,state,nssp
3175,mt,pct_ed_visits_covid,202350,202551,105,2.87,,,state,nssp
3176,nc,pct_ed_visits_covid,202350,202551,105,2.35,,,state,nssp
3177,nd,pct_ed_visits_covid,202350,202551,105,2.82,,,state,nssp
3178,ne,pct_ed_visits_covid,202350,202551,105,2.91,,,state,nssp
3179,nh,pct_ed_visits_covid,202350,202551,105,2.97,,,state,nssp
3180,nj,pct_ed_visits_covid,202350,202551,105,2.46,,,state,nssp
3181,nm,pct_ed_visits_covid,202350,202551,105,3.07,,,state,nssp
3182,nv,pct_ed_visits_covid,202350,202551,105,1.58,,,state,nssp
3183,ny,pct_ed_visits_covid,202350,202551,105,2.22,,,state,nssp
3184,oh,pct_ed_visits_covid,202350,202551,105,3.3,,,state,nssp
3185,ok,pct_ed_visits_covid,202350,202551,105,2.96,,,state,nssp
3186,or,pct_ed_visits_covid,202350,202551,105,1.61,,,state,nssp
3187,pa,pct_ed_visits_covid,202350,202551,105,2.53,,,state,nssp
3188,ri,pct_ed_visits_covid,202350,202551,105,2.81,,,state,nssp
3189,sc,pct_ed_visits_covid,202350,202551,105,1.92,,,state,nssp
3190,sd,pct_ed_visits_covid,202350,202551,105,3.17,,,state,nssp
3191,tn,pct_ed_visits_covid,202350,202551,105,2.0,,,state,nssp
3192,tx,pct_ed_visits_covid,202350,202551,105,1.72,,,state,nssp
3193,ut,pct_ed_visits_covid,202350,202551,105,2.95,,,state,nssp
3194,va,pct_ed_visits_covid,202350,202551,105,2.94,,,state,nssp
3195,vt,pct_ed_visits_covid,202350,202551,105,2.87,,,state,nssp
3196,wa,pct_ed_visits_covid,202350,202551,105,1.89,,,state,nssp
3197,wi,pct_ed_visits_covid,202350,202551,105,3.53,,,state,nssp
3198,wv,pct_ed_visits_covid,202350,202551,105,4.07,,,state,nssp
3199,wy,pct_ed_visits_covid,202350,202551,105,2.61,,,state,nssp
3200,ak,pct_ed_visits_covid,202351,202551,104,2.43,,,state,nssp
3201,al,pct_ed_visits_covid,202351,202551,104,2.72,,,state,nssp
3202,ar,pct_ed_visits_covid,202351,202551,104,2.38,,,state,nssp
3203,az,pct_ed_visits_covid,202351,202551,104,2.71,,,state,nssp
3204,ca,pct_ed_visits_covid,202351,202551,104,2.52,,,state,nssp
3205,co,pct_ed_visits_covid,202351,202551,104,1.98,,,state,nssp
3206,ct,pct_ed_visits_covid,202351,202551,104,3.8,,,state,nssp
3207,dc,pct_ed_visits_covid,202351,202551,104,2.25,,,state,nssp
3208,de,pct_ed_visits_covid,202351,202551,104,3.17,,,state,nssp
3209,fl,pct_ed_visits_covid,202351,202551,104,1.83,,,state,nssp
3210,ga,pct_ed_visits_covid,202351,202551,104,1.66,,,state,nssp
3211,hi,pct_ed_visits_covid,202351,202551,104,1.69,,,state,nssp
3212,ia,pct_ed_visits_covid,202351,202551,104,5.44,,,state,nssp
3213,id,pct_ed_visits_covid,202351,202551,104,2.77,,,state,nssp
3214,il,pct_ed_visits_covid,202351,202551,104,3.98,,,state,nssp
3215,in,pct_ed_visits_covid,202351,202551,104,3.93,,,state,nssp
3216,ks,pct_ed_visits_covid,202351,202551,104,3.08,,,state,nssp
3217,ky,pct_ed_visits_covid,202351,202551,104,3.36,,,state,nssp
3218,la,pct_ed_visits_covid,202351,202551,104,2.18,,,state,nssp
3219,ma,pct_ed_visits_covid,202351,202551,104,3.69,,,state,nssp
3220,md,pct_ed_visits_covid,202351,202551,104,2.97,,,state,nssp
3221,me,pct_ed_visits_covid,202351,202551,104,3.68,,,state,nssp
3222,mi,pct_ed_visits_covid,202351,202551,104,4.03,,,state,nssp
3223,mn,pct_ed_visits_covid,202351,202551,104,4.5,,,state,nssp
3224,ms,pct_ed_visits_covid,202351,202551,104,2.51,,,state,nssp
3225,mt,pct_ed_visits_covid,202351,202551,104,2.74,,,state,nssp
3226,nc,pct_ed_visits_covid,202351,202551,104,2.92,,,state,nssp
3227,nd,pct_ed_visits_covid,202351,202551,104,3.04,,,state,nssp
3228,ne,pct_ed_visits_covid,202351,202551,104,3.2,,,state,nssp
3229,nh,pct_ed_visits_covid,202351,202551,104,3.33,,,state,nssp
3230,nj,pct_ed_visits_covid,202351,202551,104,3.16,,,state,nssp
3231,nm,pct_ed_visits_covid,202351,202551,104,2.71,,,state,nssp
3232,nv,pct_ed_visits_covid,202351,202551,104,1.96,,,state,nssp
3233,ny,pct_ed_visits_covid,202351,202551,104,2.75,,,state,nssp
3234,oh,pct_ed_visits_covid,202351,202551,104,3.74,,,state,nssp
3235,ok,pct_ed_visits_covid,202351,202551,104,2.91,,,state,nssp
3236,or,pct_ed_visits_covid,202351,202551,104,2.12,,,state,nssp
3237,pa,pct_ed_visits_covid,202351,202551,104,3.01,,,state,nssp
3238,ri,pct_ed_visits_covid,202351,202551,104,3.21,,,state,nssp
3239,sc,pct_ed_visits_covid,202351,202551,104,2.69,,,state,nssp
3240,sd,pct_ed_visits_covid,202351,202551,104,3.62,,,state,nssp
3241,tn,pct_ed_visits_covid,202351,202551,104,2.51,,,state,nssp
3242,tx,pct_ed_visits_covid,202351,202551,104,2.25,,,state,nssp
3243,ut,pct_ed_visits_covid,202351,202551,104,3.14,,,state,nssp
3244,va,pct_ed_visits_covid,202351,202551,104,3.84,,,state,nssp
3245,vt,pct_ed_visits_covid,202351,202551,104,3.35,,,state,nssp
3246,wa,pct_ed_visits_covid,202351,202551,104,2.23,,,state,nssp
3247,wi,pct_ed_visits_covid,202351,202551,104,3.64,,,state,nssp
3248,wv,pct_ed_visits_covid,202351,202551,104,5.27,,,state,nssp
3249,wy,pct_ed_visits_covid,202351,202551,104,3.24,,,state,nssp
3250,ak,pct_ed_visits_covid,202352,202551,103,3.39,,,state,nssp
3251,al,pct_ed_visits_covid,202352,202551,103,3.62,,,state,nssp
3252,ar,pct_ed_visits_covid,202352,202551,103,3.07,,,state,nssp
3253,az,pct_ed_visits_covid,202352,202551,103,3.02,,,state,nssp
3254,ca,pct_ed_visits_covid,202352,202551,103,2.85,,,state,nssp
3255,co,pct_ed_visits_covid,202352,202551,103,2.38,,,state,nssp
3256,ct,pct_ed_visits_covid,202352,202551,103,4.89,,,state,nssp
3257,dc,pct_ed_visits_covid,202352,202551,103,2.78,,,state,nssp
3258,de,pct_ed_visits_covid,202352,202551,103,4.29,,,state,nssp
3259,fl,pct_ed_visits_covid,202352,202551,103,2.51,,,state,nssp
3260,ga,pct_ed_visits_covid,202352,202551,103,2.21,,,state,nssp
3261,hi,pct_ed_visits_covid,202352,202551,103,2.07,,,state,nssp
3262,ia,pct_ed_visits_covid,202352,202551,103,5.67,,,state,nssp
3263,id,pct_ed_visits_covid,202352,202551,103,3.51,,,state,nssp
3264,il,pct_ed_visits_covid,202352,202551,103,4.35,,,state,nssp
3265,in,pct_ed_visits_covid,202352,202551,103,4.18,,,state,nssp
3266,ks,pct_ed_visits_covid,202352,202551,103,3.61,,,state,nssp
3267,ky,pct_ed_visits_covid,202352,202551,103,4.0,,,state,nssp
3268,la,pct_ed_visits_covid,202352,202551,103,2.65,,,state,nssp
3269,ma,pct_ed_visits_covid,202352,202551,103,4.41,,,state,nssp
3270,md,pct_ed_visits_covid,202352,202551,103,3.78,,,state,nssp
3271,me,pct_ed_visits_covid,202352,202551,103,4.97,,,state,nssp
3272,mi,pct_ed_visits_covid,202352,202551,103,4.79,,,state,nssp
3273,mn,pct_ed_visits_covid,202352,202551,103,4.55,,,state,nssp
3274,ms,pct_ed_visits_covid,202352,202551,103,3.01,,,state,nssp
3275,mt,pct_ed_visits_covid,202352,202551,103,3.01,,,state,nssp
3276,nc,pct_ed_visits_covid,202352,202551,103,3.78,,,state,nssp
3277,nd,pct_ed_visits_covid,202352,202551,103,2.8,,,state,nssp
3278,ne,pct_ed_visits_covid,202352,202551,103,3.23,,,state,nssp
3279,nh,pct_ed_visits_covid,202352,202551,103,4.25,,,state,nssp
3280,nj,pct_ed_visits_covid,202352,202551,103,4.19,,,state,nssp
3281,nm,pct_ed_visits_covid,202352,202551,103,2.66,,,state,nssp
3282,nv,pct_ed_visits_covid,202352,202551,103,2.15,,,state,nssp
3283,ny,pct_ed_visits_covid,202352,202551,103,3.71,,,state,nssp
3284,oh,pct_ed_visits_covid,202352,202551,103,4.36,,,state,nssp
3285,ok,pct_ed_visits_covid,202352,202551,103,3.43,,,state,nssp
3286,or,pct_ed_visits_covid,202352,202551,103,3.02,,,state,nssp
3287,pa,pct_ed_visits_covid,202352,202551,103,3.71,,,state,nssp
3288,ri,pct_ed_visits_covid,202352,202551,103,3.99,,,state,nssp
3289,sc,pct_ed_visits_covid,202352,202551,103,3.22,,,state,nssp
3290,sd,pct_ed_visits_covid,202352,202551,103,3.61,,,state,nssp
3291,tn,pct_ed_visits_covid,202352,202551,103,3.05,,,state,nssp
3292,tx,pct_ed_visits_covid,202352,202551,103,2.57,,,state,nssp
3293,ut,pct_ed_visits_covid,202352,202551,103,3.58,,,state,nssp
3294,va,pct_ed_visits_covid,202352,202551,103,4.77,,,state,nssp
3295,vt,pct_ed_visits_covid,202352,202551,103,4.15,,,state,nssp
3296,wa,pct_ed_visits_covid,202352,202551,103,2.77,,,state,nssp
3297,wi,pct_ed_visits_covid,202352,202551,103,4.16,,,state,nssp
3298,wv,pct_ed_visits_covid,202352,202551,103,6.01,,,state,nssp
3299,wy,pct_ed_visits_covid,202352,202551,103,4.74,,,state,nssp
3300,ak,pct_ed_visits_covid,202401,202551,102,4.25,,,state,nssp
3301,al,pct_ed_visits_covid,202401,202551,102,3.11,,,state,nssp
3302,ar,pct_ed_visits_covid,202401,202551,102,2.78,,,state,nssp
3303,az,pct_ed_visits_covid,202401,202551,102,2.79,,,state,nssp
3304,ca,pct_ed_visits_covid,202401,202551,102,2.65,,,state,nssp
3305,co,pct_ed_visits_covid,202401,202551,102,2.16,,,state,nssp
3306,ct,pct_ed_visits_covid,202401,202551,102,4.59,,,state,nssp
3307,dc,pct_ed_visits_covid,202401,202551,102,2.78,,,state,nssp
3308,de,pct_ed_visits_covid,202401,202551,102,3.97,,,state,nssp
3309,fl,pct_ed_visits_covid,202401,202551,102,2.84,,,state,nssp
3310,ga,pct_ed_visits_covid,202401,202551,102,1.9,,,state,nssp
3311,hi,pct_ed_visits_covid,202401,202551,102,2.65,,,state,nssp
3312,ia,pct_ed_visits_covid,202401,202551,102,4.37,,,state,nssp
3313,id,pct_ed_visits_covid,202401,202551,102,3.25,,,state,nssp
3314,il,pct_ed_visits_covid,202401,202551,102,3.66,,,state,nssp
3315,in,pct_ed_visits_covid,202401,202551,102,3.51,,,state,nssp
3316,ks,pct_ed_visits_covid,202401,202551,102,2.84,,,state,nssp
3317,ky,pct_ed_visits_covid,202401,202551,102,3.38,,,state,nssp
3318,la,pct_ed_visits_covid,202401,202551,102,2.88,,,state,nssp
3319,ma,pct_ed_visits_covid,202401,202551,102,4.16,,,state,nssp
3320,md,pct_ed_visits_covid,202401,202551,102,3.33,,,state,nssp
3321,me,pct_ed_visits_covid,202401,202551,102,4.08,,,state,nssp
3322,mi,pct_ed_visits_covid,202401,202551,102,4.01,,,state,nssp
3323,mn,pct_ed_visits_covid,202401,202551,102,3.51,,,state,nssp
3324,ms,pct_ed_visits_covid,202401,202551,102,2.79,,,state,nssp
3325,mt,pct_ed_visits_covid,202401,202551,102,3.09,,,state,nssp
3326,nc,pct_ed_visits_covid,202401,202551,102,3.48,,,state,nssp
3327,nd,pct_ed_visits_covid,202401,202551,102,2.36,,,state,nssp
3328,ne,pct_ed_visits_covid,202401,202551,102,2.66,,,state,nssp
3329,nh,pct_ed_visits_covid,202401,202551,102,3.43,,,state,nssp
3330,nj,pct_ed_visits_covid,202401,202551,102,3.74,,,state,nssp
3331,nm,pct_ed_visits_covid,202401,202551,102,2.54,,,state,nssp
3332,nv,pct_ed_visits_covid,202401,202551,102,2.06,,,state,nssp
3333,ny,pct_ed_visits_covid,202401,202551,102,3.46,,,state,nssp
3334,oh,pct_ed_visits_covid,202401,202551,102,3.41,,,state,nssp
3335,ok,pct_ed_visits_covid,202401,202551,102,2.61,,,state,nssp
3336,or,pct_ed_visits_covid,202401,202551,102,2.88,,,state,nssp
3337,pa,pct_ed_visits_covid,202401,202551,102,3.28,,,state,nssp
3338,ri,pct_ed_visits_covid,202401,202551,102,3.63,,,state,nssp
3339,sc,pct_ed_visits_covid,202401,202551,102,3.23,,,state,nssp
3340,sd,pct_ed_visits_covid,202401,202551,102,3.14,,,state,nssp
3341,tn,pct_ed_visits_covid,202401,202551,102,2.81,,,state,nssp
3342,tx,pct_ed_visits_covid,202401,202551,102,2.67,,,state,nssp
3343,ut,pct_ed_visits_covid,202401,202551,102,3.15,,,state,nssp
3344,va,pct_ed_visits_covid,202401,202551,102,4.18,,,state,nssp
3345,vt,pct_ed_visits_covid,202401,202551,102,4.12,,,state,nssp
3346,wa,pct_ed_visits_covid,202401,202551,102,2.83,,,state,nssp
3347,wi,pct_ed_visits_covid,202401,202551,102,3.57,,,state,nssp
3348,wv,pct_ed_visits_covid,202401,202551,102,4.72,,,state,nssp
3349,wy,pct_ed_visits_covid,202401,202551,102,3.2,,,state,nssp
3350,ak,pct_ed_visits_covid,202402,202551,101,3.86,,,state,nssp
3351,al,pct_ed_visits_covid,202402,202551,101,2.73,,,state,nssp
3352,ar,pct_ed_visits_covid,202402,202551,101,2.3,,,state,nssp
3353,az,pct_ed_visits_covid,202402,202551,101,2.29,,,state,nssp
3354,ca,pct_ed_visits_covid,202402,202551,101,2.15,,,state,nssp
3355,co,pct_ed_visits_covid,202402,202551,101,1.76,,,state,nssp
3356,ct,pct_ed_visits_covid,202402,202551,101,3.55,,,state,nssp
3357,dc,pct_ed_visits_covid,202402,202551,101,2.79,,,state,nssp
3358,de,pct_ed_visits_covid,202402,202551,101,3.49,,,state,nssp
3359,fl,pct_ed_visits_covid,202402,202551,101,2.71,,,state,nssp
3360,ga,pct_ed_visits_covid,202402,202551,101,1.84,,,state,nssp
3361,hi,pct_ed_visits_covid,202402,202551,101,2.57,,,state,nssp
3362,ia,pct_ed_visits_covid,202402,202551,101,3.28,,,state,nssp
3363,id,pct_ed_visits_covid,202402,202551,101,2.46,,,state,nssp
3364,il,pct_ed_visits_covid,202402,202551,101,3.0,,,state,nssp
3365,in,pct_ed_visits_covid,202402,202551,101,2.55,,,state,nssp
3366,ks,pct_ed_visits_covid,202402,202551,101,2.31,,,state,nssp
3367,ky,pct_ed_visits_covid,202402,202551,101,2.71,,,state,nssp
3368,la,pct_ed_visits_covid,202402,202551,101,2.78,,,state,nssp
3369,ma,pct_ed_visits_covid,202402,202551,101,3.39,,,state,nssp
3370,md,pct_ed_visits_covid,202402,202551,101,2.96,,,state,nssp
3371,me,pct_ed_visits_covid,202402,202551,101,3.17,,,state,nssp
3372,mi,pct_ed_visits_covid,202402,202551,101,3.08,,,state,nssp
3373,mn,pct_ed_visits_covid,202402,202551,101,3.2,,,state,nssp
3374,ms,pct_ed_visits_covid,202402,202551,101,2.74,,,state,nssp
3375,mt,pct_ed_visits_covid,202402,202551,101,2.27,,,state,nssp
3376,nc,pct_ed_visits_covid,202402,202551,101,3.18,,,state,nssp
3377,nd,pct_ed_visits_covid,202402,202551,101,1.94,,,state,nssp
3378,ne,pct_ed_visits_covid,202402,202551,101,2.11,,,state,nssp
3379,nh,pct_ed_visits_covid,202402,202551,101,3.62,,,state,nssp
3380,nj,pct_ed_visits_covid,202402,202551,101,3.24,,,state,nssp
3381,nm,pct_ed_visits_covid,202402,202551,101,1.84,,,state,nssp
3382,nv,pct_ed_visits_covid,202402,202551,101,1.63,,,state,nssp
3383,ny,pct_ed_visits_covid,202402,202551,101,2.91,,,state,nssp
3384,oh,pct_ed_visits_covid,202402,202551,101,2.57,,,state,nssp
3385,ok,pct_ed_visits_covid,202402,202551,101,1.76,,,state,nssp
3386,or,pct_ed_visits_covid,202402,202551,101,2.53,,,state,nssp
3387,pa,pct_ed_visits_covid,202402,202551,101,2.58,,,state,nssp
3388,ri,pct_ed_visits_covid,202402,202551,101,3.02,,,state,nssp
3389,sc,pct_ed_visits_covid,202402,202551,101,2.98,,,state,nssp
3390,sd,pct_ed_visits_covid,202402,202551,101,2.82,,,state,nssp
3391,tn,pct_ed_visits_covid,202402,202551,101,2.24,,,state,nssp
3392,tx,pct_ed_visits_covid,202402,202551,101,2.4,,,state,nssp
3393,ut,pct_ed_visits_covid,202402,202551,101,2.5,,,state,nssp
3394,va,pct_ed_visits_covid,202402,202551,101,3.26,,,state,nssp
3395,vt,pct_ed_visits_covid,202402,202551,101,2.93,,,state,nssp
3396,wa,pct_ed_visits_covid,202402,202551,101,2.72,,,state,nssp
3397,wi,pct_ed_visits_covid,202402,202551,101,3.03,,,state,nssp
3398,wv,pct_ed_visits_covid,202402,202551,101,3.35,,,state,nssp
3399,wy,pct_ed_visits_covid,202402,202551,101,2.46,,,state,nssp
3400,ak,pct_ed_visits_covid,202403,202551,100,3.8,,,state,nssp
3401,al,pct_ed_visits_covid,202403,202551,100,2.66,,,state,nssp
3402,ar,pct_ed_visits_covid,202403,202551,100,1.95,,,state,nssp
3403,az,pct_ed_visits_covid,202403,202551,100,2.18,,,state,nssp
3404,ca,pct_ed_visits_covid,202403,202551,100,1.99,,,state,nssp
3405,co,pct_ed_visits_covid,202403,202551,100,1.61,,,state,nssp
3406,ct,pct_ed_visits_covid,202403,202551,100,2.87,,,state,nssp
3407,dc,pct_ed_visits_covid,202403,202551,100,2.64,,,state,nssp
3408,de,pct_ed_visits_covid,202403,202551,100,2.55,,,state,nssp
3409,fl,pct_ed_visits_covid,202403,202551,100,2.59,,,state,nssp
3410,ga,pct_ed_visits_covid,202403,202551,100,2.02,,,state,nssp
3411,hi,pct_ed_visits_covid,202403,202551,100,2.44,,,state,nssp
3412,ia,pct_ed_visits_covid,202403,202551,100,2.23,,,state,nssp
3413,id,pct_ed_visits_covid,202403,202551,100,1.88,,,state,nssp
3414,il,pct_ed_visits_covid,202403,202551,100,2.28,,,state,nssp
3415,in,pct_ed_visits_covid,202403,202551,100,2.04,,,state,nssp
3416,ks,pct_ed_visits_covid,202403,202551,100,1.88,,,state,nssp
3417,ky,pct_ed_visits_covid,202403,202551,100,2.33,,,state,nssp
3418,la,pct_ed_visits_covid,202403,202551,100,2.81,,,state,nssp
3419,ma,pct_ed_visits_covid,202403,202551,100,2.88,,,state,nssp
3420,md,pct_ed_visits_covid,202403,202551,100,2.5,,,state,nssp
3421,me,pct_ed_visits_covid,202403,202551,100,2.32,,,state,nssp
3422,mi,pct_ed_visits_covid,202403,202551,100,2.3,,,state,nssp
3423,mn,pct_ed_visits_covid,202403,202551,100,2.57,,,state,nssp
3424,ms,pct_ed_visits_covid,202403,202551,100,2.62,,,state,nssp
3425,mt,pct_ed_visits_covid,202403,202551,100,1.82,,,state,nssp
3426,nc,pct_ed_visits_covid,202403,202551,100,2.86,,,state,nssp
3427,nd,pct_ed_visits_covid,202403,202551,100,1.77,,,state,nssp
3428,ne,pct_ed_visits_covid,202403,202551,100,1.61,,,state,nssp
3429,nh,pct_ed_visits_covid,202403,202551,100,2.15,,,state,nssp
3430,nj,pct_ed_visits_covid,202403,202551,100,2.78,,,state,nssp
3431,nm,pct_ed_visits_covid,202403,202551,100,1.68,,,state,nssp
3432,nv,pct_ed_visits_covid,202403,202551,100,1.36,,,state,nssp
3433,ny,pct_ed_visits_covid,202403,202551,100,2.27,,,state,nssp
3434,oh,pct_ed_visits_covid,202403,202551,100,2.0,,,state,nssp
3435,ok,pct_ed_visits_covid,202403,202551,100,1.94,,,state,nssp
3436,or,pct_ed_visits_covid,202403,202551,100,1.89,,,state,nssp
3437,pa,pct_ed_visits_covid,202403,202551,100,2.05,,,state,nssp
3438,ri,pct_ed_visits_covid,202403,202551,100,2.46,,,state,nssp
3439,sc,pct_ed_visits_covid,202403,202551,100,2.79,,,state,nssp
3440,sd,pct_ed_visits_covid,202403,202551,100,1.84,,,state,nssp
3441,tn,pct_ed_visits_covid,202403,202551,100,2.0,,,state,nssp
3442,tx,pct_ed_visits_covid,202403,202551,100,2.44,,,state,nssp
3443,ut,pct_ed_visits_covid,202403,202551,100,1.9,,,state,nssp
3444,va,pct_ed_visits_covid,202403,202551,100,2.62,,,state,nssp
3445,vt,pct_ed_visits_covid,202403,202551,100,2.54,,,state,nssp
3446,wa,pct_ed_visits_covid,202403,202551,100,2.35,,,state,nssp
3447,wi,pct_ed_visits_covid,202403,202551,100,2.14,,,state,nssp
3448,wv,pct_ed_visits_covid,202403,202551,100,2.71,,,state,nssp
3449,wy,pct_ed_visits_covid,202403,202551,100,2.06,,,state,nssp
3450,ak,pct_ed_visits_covid,202404,202551,99,3.98,,,state,nssp
3451,al,pct_ed_visits_covid,202404,202551,99,2.65,,,state,nssp
3452,ar,pct_ed_visits_covid,202404,202551,99,1.85,,,state,nssp
3453,az,pct_ed_visits_covid,202404,202551,99,2.0,,,state,nssp
3454,ca,pct_ed_visits_covid,202404,202551,99,1.63,,,state,nssp
3455,co,pct_ed_visits_covid,202404,202551,99,1.32,,,state,nssp
3456,ct,pct_ed_visits_covid,202404,202551,99,2.57,,,state,nssp
3457,dc,pct_ed_visits_covid,202404,202551,99,1.91,,,state,nssp
3458,de,pct_ed_visits_covid,202404,202551,99,1.98,,,state,nssp
3459,fl,pct_ed_visits_covid,202404,202551,99,2.57,,,state,nssp
3460,ga,pct_ed_visits_covid,202404,202551,99,2.11,,,state,nssp
3461,hi,pct_ed_visits_covid,202404,202551,99,2.61,,,state,nssp
3462,ia,pct_ed_visits_covid,202404,202551,99,1.73,,,state,nssp
3463,id,pct_ed_visits_covid,202404,202551,99,1.53,,,state,nssp
3464,il,pct_ed_visits_covid,202404,202551,99,1.77,,,state,nssp
3465,in,pct_ed_visits_covid,202404,202551,99,1.54,,,state,nssp
3466,ks,pct_ed_visits_covid,202404,202551,99,1.54,,,state,nssp
3467,ky,pct_ed_visits_covid,202404,202551,99,2.05,,,state,nssp
3468,la,pct_ed_visits_covid,202404,202551,99,2.59,,,state,nssp
3469,ma,pct_ed_visits_covid,202404,202551,99,2.4,,,state,nssp
3470,md,pct_ed_visits_covid,202404,202551,99,1.91,,,state,nssp
3471,me,pct_ed_visits_covid,202404,202551,99,2.14,,,state,nssp
3472,mi,pct_ed_visits_covid,202404,202551,99,1.92,,,state,nssp
3473,mn,pct_ed_visits_covid,202404,202551,99,2.23,,,state,nssp
3474,ms,pct_ed_visits_covid,202404,202551,99,2.44,,,state,nssp
3475,mt,pct_ed_visits_covid,202404,202551,99,1.53,,,state,nssp
3476,nc,pct_ed_visits_covid,202404,202551,99,3.07,,,state,nssp
3477,nd,pct_ed_visits_covid,202404,202551,99,1.38,,,state,nssp
3478,ne,pct_ed_visits_covid,202404,202551,99,1.15,,,state,nssp
3479,nh,pct_ed_visits_covid,202404,202551,99,1.89,,,state,nssp
3480,nj,pct_ed_visits_covid,202404,202551,99,2.21,,,state,nssp
3481,nm,pct_ed_visits_covid,202404,202551,99,1.89,,,state,nssp
3482,nv,pct_ed_visits_covid,202404,202551,99,1.21,,,state,nssp
3483,ny,pct_ed_visits_covid,202404,202551,99,1.93,,,state,nssp
3484,oh,pct_ed_visits_covid,202404,202551,99,1.68,,,state,nssp
3485,ok,pct_ed_visits_covid,202404,202551,99,1.74,,,state,nssp
3486,or,pct_ed_visits_covid,202404,202551,99,1.58,,,state,nssp
3487,pa,pct_ed_visits_covid,202404,202551,99,1.75,,,state,nssp
3488,ri,pct_ed_visits_covid,202404,202551,99,2.23,,,state,nssp
3489,sc,pct_ed_visits_covid,202404,202551,99,3.11,,,state,nssp
3490,sd,pct_ed_visits_covid,202404,202551,99,1.88,,,state,nssp
3491,tn,pct_ed_visits_covid,202404,202551,99,1.48,,,state,nssp
3492,tx,pct_ed_visits_covid,202404,202551,99,2.72,,,state,nssp
3493,ut,pct_ed_visits_covid,202404,202551,99,1.67,,,state,nssp
3494,va,pct_ed_visits_covid,202404,202551,99,2.43,,,state,nssp
3495,vt,pct_ed_visits_covid,202404,202551,99,2.12,,,state,nssp
3496,wa,pct_ed_visits_covid,202404,202551,99,2.54,,,state,nssp
3497,wi,pct_ed_visits_covid,202404,202551,99,2.05,,,state,nssp
3498,wv,pct_ed_visits_covid,202404,202551,99,1.78,,,state,nssp
3499,wy,pct_ed_visits_covid,202404,202551,99,1.73,,,state,nssp
3500,ak,pct_ed_visits_covid,202405,202551,98,3.94,,,state,nssp
3501,al,pct_ed_visits_covid,202405,202551,98,2.52,,,state,nssp
3502,ar,pct_ed_visits_covid,202405,202551,98,1.74,,,state,nssp
3503,az,pct_ed_visits_covid,202405,202551,98,1.82,,,state,nssp
3504,ca,pct_ed_visits_covid,202405,202551,98,1.51,,,state,nssp
3505,co,pct_ed_visits_covid,202405,202551,98,1.42,,,state,nssp
3506,ct,pct_ed_visits_covid,202405,202551,98,2.21,,,state,nssp
3507,dc,pct_ed_visits_covid,202405,202551,98,1.7,,,state,nssp
3508,de,pct_ed_visits_covid,202405,202551,98,2.09,,,state,nssp
3509,fl,pct_ed_visits_covid,202405,202551,98,2.35,,,state,nssp
3510,ga,pct_ed_visits_covid,202405,202551,98,2.11,,,state,nssp
3511,hi,pct_ed_visits_covid,202405,202551,98,2.47,,,state,nssp
3512,ia,pct_ed_visits_covid,202405,202551,98,1.4,,,state,nssp
3513,id,pct_ed_visits_covid,202405,202551,98,1.51,,,state,nssp
3514,il,pct_ed_visits_covid,202405,202551,98,1.72,,,state,nssp
3515,in,pct_ed_visits_covid,202405,202551,98,1.52,,,state,nssp
3516,ks,pct_ed_visits_covid,202405,202551,98,1.57,,,state,nssp
3517,ky,pct_ed_visits_covid,202405,202551,98,2.06,,,state,nssp
3518,la,pct_ed_visits_covid,202405,202551,98,2.83,,,state,nssp
3519,ma,pct_ed_visits_covid,202405,202551,98,1.95,,,state,nssp
3520,md,pct_ed_visits_covid,202405,202551,98,1.63,,,state,nssp
3521,me,pct_ed_visits_covid,202405,202551,98,1.77,,,state,nssp
3522,mi,pct_ed_visits_covid,202405,202551,98,1.87,,,state,nssp
3523,mn,pct_ed_visits_covid,202405,202551,98,2.01,,,state,nssp
3524,ms,pct_ed_visits_covid,202405,202551,98,2.46,,,state,nssp
3525,mt,pct_ed_visits_covid,202405,202551,98,1.28,,,state,nssp
3526,nc,pct_ed_visits_covid,202405,202551,98,2.99,,,state,nssp
3527,nd,pct_ed_visits_covid,202405,202551,98,1.42,,,state,nssp
3528,ne,pct_ed_visits_covid,202405,202551,98,1.24,,,state,nssp
3529,nh,pct_ed_visits_covid,202405,202551,98,2.03,,,state,nssp
3530,nj,pct_ed_visits_covid,202405,202551,98,2.01,,,state,nssp
3531,nm,pct_ed_visits_covid,202405,202551,98,1.83,,,state,nssp
3532,nv,pct_ed_visits_covid,202405,202551,98,0.99,,,state,nssp
3533,ny,pct_ed_visits_covid,202405,202551,98,1.59,,,state,nssp
3534,oh,pct_ed_visits_covid,202405,202551,98,1.58,,,state,nssp
3535,ok,pct_ed_visits_covid,202405,202551,98,1.8,,,state,nssp
3536,or,pct_ed_visits_covid,202405,202551,98,1.64,,,state,nssp
3537,pa,pct_ed_visits_covid,202405,202551,98,1.58,,,state,nssp
3538,ri,pct_ed_visits_covid,202405,202551,98,1.71,,,state,nssp
3539,sc,pct_ed_visits_covid,202405,202551,98,3.1,,,state,nssp
3540,sd,pct_ed_visits_covid,202405,202551,98,1.75,,,state,nssp
3541,tn,pct_ed_visits_covid,202405,202551,98,1.38,,,state,nssp
3542,tx,pct_ed_visits_covid,202405,202551,98,2.72,,,state,nssp
3543,ut,pct_ed_visits_covid,202405,202551,98,1.55,,,state,nssp
3544,va,pct_ed_visits_covid,202405,202551,98,2.19,,,state,nssp
3545,vt,pct_ed_visits_covid,202405,202551,98,2.45,,,state,nssp
3546,wa,pct_ed_visits_covid,202405,202551,98,2.25,,,state,nssp
3547,wi,pct_ed_visits_covid,202405,202551,98,1.74,,,state,nssp
3548,wv,pct_ed_visits_covid,202405,202551,98,1.61,,,state,nssp
3549,wy,pct_ed_visits_covid,202405,202551,98,1.32,,,state,nssp
3550,ak,pct_ed_visits_covid,202406,202551,97,3.37,,,state,nssp
3551,al,pct_ed_visits_covid,202406,202551,97,2.73,,,state,nssp
3552,ar,pct_ed_visits_covid,202406,202551,97,1.87,,,state,nssp
3553,az,pct_ed_visits_covid,202406,202551,97,1.52,,,state,nssp
3554,ca,pct_ed_visits_covid,202406,202551,97,1.23,,,state,nssp
3555,co,pct_ed_visits_covid,202406,202551,97,1.15,,,state,nssp
3556,ct,pct_ed_visits_covid,202406,202551,97,1.97,,,state,nssp
3557,dc,pct_ed_visits_covid,202406,202551,97,1.45,,,state,nssp
3558,de,pct_ed_visits_covid,202406,202551,97,1.91,,,state,nssp
3559,fl,pct_ed_visits_covid,202406,202551,97,2.3,,,state,nssp
3560,ga,pct_ed_visits_covid,202406,202551,97,2.01,,,state,nssp
3561,hi,pct_ed_visits_covid,202406,202551,97,2.03,,,state,nssp
3562,ia,pct_ed_visits_covid,202406,202551,97,1.46,,,state,nssp
3563,id,pct_ed_visits_covid,202406,202551,97,1.27,,,state,nssp
3564,il,pct_ed_visits_covid,202406,202551,97,1.91,,,state,nssp
3565,in,pct_ed_visits_covid,202406,202551,97,1.64,,,state,nssp
3566,ks,pct_ed_visits_covid,202406,202551,97,1.6,,,state,nssp
3567,ky,pct_ed_visits_covid,202406,202551,97,2.28,,,state,nssp
3568,la,pct_ed_visits_covid,202406,202551,97,2.95,,,state,nssp
3569,ma,pct_ed_visits_covid,202406,202551,97,1.85,,,state,nssp
3570,md,pct_ed_visits_covid,202406,202551,97,1.96,,,state,nssp
3571,me,pct_ed_visits_covid,202406,202551,97,1.67,,,state,nssp
3572,mi,pct_ed_visits_covid,202406,202551,97,2.0,,,state,nssp
3573,mn,pct_ed_visits_covid,202406,202551,97,1.87,,,state,nssp
3574,ms,pct_ed_visits_covid,202406,202551,97,2.77,,,state,nssp
3575,mt,pct_ed_visits_covid,202406,202551,97,1.26,,,state,nssp
3576,nc,pct_ed_visits_covid,202406,202551,97,3.09,,,state,nssp
3577,nd,pct_ed_visits_covid,202406,202551,97,1.51,,,state,nssp
3578,ne,pct_ed_visits_covid,202406,202551,97,1.4,,,state,nssp
3579,nh,pct_ed_visits_covid,202406,202551,97,1.27,,,state,nssp
3580,nj,pct_ed_visits_covid,202406,202551,97,1.7,,,state,nssp
3581,nm,pct_ed_visits_covid,202406,202551,97,1.95,,,state,nssp
3582,nv,pct_ed_visits_covid,202406,202551,97,0.81,,,state,nssp
3583,ny,pct_ed_visits_covid,202406,202551,97,1.5,,,state,nssp
3584,oh,pct_ed_visits_covid,202406,202551,97,1.53,,,state,nssp
3585,ok,pct_ed_visits_covid,202406,202551,97,1.85,,,state,nssp
3586,or,pct_ed_visits_covid,202406,202551,97,1.61,,,state,nssp
3587,pa,pct_ed_visits_covid,202406,202551,97,1.51,,,state,nssp
3588,ri,pct_ed_visits_covid,202406,202551,97,1.44,,,state,nssp
3589,sc,pct_ed_visits_covid,202406,202551,97,3.23,,,state,nssp
3590,sd,pct_ed_visits_covid,202406,202551,97,1.76,,,state,nssp
3591,tn,pct_ed_visits_covid,202406,202551,97,1.95,,,state,nssp
3592,tx,pct_ed_visits_covid,202406,202551,97,2.56,,,state,nssp
3593,ut,pct_ed_visits_covid,202406,202551,97,1.24,,,state,nssp
3594,va,pct_ed_visits_covid,202406,202551,97,2.21,,,state,nssp
3595,vt,pct_ed_visits_covid,202406,202551,97,1.71,,,state,nssp
3596,wa,pct_ed_visits_covid,202406,202551,97,2.2,,,state,nssp
3597,wi,pct_ed_visits_covid,202406,202551,97,1.95,,,state,nssp
3598,wv,pct_ed_visits_covid,202406,202551,97,1.5,,,state,nssp
3599,wy,pct_ed_visits_covid,202406,202551,97,1.32,,,state,nssp
3600,ak,pct_ed_visits_covid,202407,202551,96,2.7,,,state,nssp
3601,al,pct_ed_visits_covid,202407,202551,96,2.71,,,state,nssp
3602,ar,pct_ed_visits_covid,202407,202551,96,2.04,,,state,nssp
3603,az,pct_ed_visits_covid,202407,202551,96,1.29,,,state,nssp
3604,ca,pct_ed_visits_covid,202407,202551,96,1.14,,,state,nssp
3605,co,pct_ed_visits_covid,202407,202551,96,1.02,,,state,nssp
3606,ct,pct_ed_visits_covid,202407,202551,96,1.76,,,state,nssp
3607,dc,pct_ed_visits_covid,202407,202551,96,1.73,,,state,nssp
3608,de,pct_ed_visits_covid,202407,202551,96,2.14,,,state,nssp
3609,fl,pct_ed_visits_covid,202407,202551,96,1.98,,,state,nssp
3610,ga,pct_ed_visits_covid,202407,202551,96,1.97,,,state,nssp
3611,hi,pct_ed_visits_covid,202407,202551,96,1.6,,,state,nssp
3612,ia,pct_ed_visits_covid,202407,202551,96,1.48,,,state,nssp
3613,id,pct_ed_visits_covid,202407,202551,96,1.07,,,state,nssp
3614,il,pct_ed_visits_covid,202407,202551,96,1.82,,,state,nssp
3615,in,pct_ed_visits_covid,202407,202551,96,1.48,,,state,nssp
3616,ks,pct_ed_visits_covid,202407,202551,96,1.55,,,state,nssp
3617,ky,pct_ed_visits_covid,202407,202551,96,2.24,,,state,nssp
3618,la,pct_ed_visits_covid,202407,202551,96,2.83,,,state,nssp
3619,ma,pct_ed_visits_covid,202407,202551,96,1.5,,,state,nssp
3620,md,pct_ed_visits_covid,202407,202551,96,1.95,,,state,nssp
3621,me,pct_ed_visits_covid,202407,202551,96,1.58,,,state,nssp
3622,mi,pct_ed_visits_covid,202407,202551,96,1.94,,,state,nssp
3623,mn,pct_ed_visits_covid,202407,202551,96,1.4,,,state,nssp
3624,ms,pct_ed_visits_covid,202407,202551,96,2.7,,,state,nssp
3625,mt,pct_ed_visits_covid,202407,202551,96,1.3,,,state,nssp
3626,nc,pct_ed_visits_covid,202407,202551,96,2.84,,,state,nssp
3627,nd,pct_ed_visits_covid,202407,202551,96,1.03,,,state,nssp
3628,ne,pct_ed_visits_covid,202407,202551,96,1.07,,,state,nssp
3629,nh,pct_ed_visits_covid,202407,202551,96,1.31,,,state,nssp
3630,nj,pct_ed_visits_covid,202407,202551,96,1.48,,,state,nssp
3631,nm,pct_ed_visits_covid,202407,202551,96,2.03,,,state,nssp
3632,nv,pct_ed_visits_covid,202407,202551,96,0.73,,,state,nssp
3633,ny,pct_ed_visits_covid,202407,202551,96,1.26,,,state,nssp
3634,oh,pct_ed_visits_covid,202407,202551,96,1.5,,,state,nssp
3635,ok,pct_ed_visits_covid,202407,202551,96,1.51,,,state,nssp
3636,or,pct_ed_visits_covid,202407,202551,96,1.63,,,state,nssp
3637,pa,pct_ed_visits_covid,202407,202551,96,1.41,,,state,nssp
3638,ri,pct_ed_visits_covid,202407,202551,96,1.0,,,state,nssp
3639,sc,pct_ed_visits_covid,202407,202551,96,2.95,,,state,nssp
3640,sd,pct_ed_visits_covid,202407,202551,96,1.57,,,state,nssp
3641,tn,pct_ed_visits_covid,202407,202551,96,2.3,,,state,nssp
3642,tx,pct_ed_visits_covid,202407,202551,96,2.06,,,state,nssp
3643,ut,pct_ed_visits_covid,202407,202551,96,1.22,,,state,nssp
3644,va,pct_ed_visits_covid,202407,202551,96,2.17,,,state,nssp
3645,vt,pct_ed_visits_covid,202407,202551,96,1.74,,,state,nssp
3646,wa,pct_ed_visits_covid,202407,202551,96,1.9,,,state,nssp
3647,wi,pct_ed_visits_covid,202407,202551,96,1.77,,,state,nssp
3648,wv,pct_ed_visits_covid,202407,202551,96,1.47,,,state,nssp
3649,wy,pct_ed_visits_covid,202407,202551,96,1.58,,,state,nssp
3650,ak,pct_ed_visits_covid,202408,202551,95,1.99,,,state,nssp
3651,al,pct_ed_visits_covid,202408,202551,95,2.71,,,state,nssp
3652,ar,pct_ed_visits_covid,202408,202551,95,1.99,,,state,nssp
3653,az,pct_ed_visits_covid,202408,202551,95,1.22,,,state,nssp
3654,ca,pct_ed_visits_covid,202408,202551,95,0.91,,,state,nssp
3655,co,pct_ed_visits_covid,202408,202551,95,0.99,,,state,nssp
3656,ct,pct_ed_visits_covid,202408,202551,95,1.47,,,state,nssp
3657,dc,pct_ed_visits_covid,202408,202551,95,1.5,,,state,nssp
3658,de,pct_ed_visits_covid,202408,202551,95,1.68,,,state,nssp
3659,fl,pct_ed_visits_covid,202408,202551,95,1.65,,,state,nssp
3660,ga,pct_ed_visits_covid,202408,202551,95,1.72,,,state,nssp
3661,hi,pct_ed_visits_covid,202408,202551,95,1.95,,,state,nssp
3662,ia,pct_ed_visits_covid,202408,202551,95,1.41,,,state,nssp
3663,id,pct_ed_visits_covid,202408,202551,95,1.22,,,state,nssp
3664,il,pct_ed_visits_covid,202408,202551,95,1.72,,,state,nssp
3665,in,pct_ed_visits_covid,202408,202551,95,1.52,,,state,nssp
3666,ks,pct_ed_visits_covid,202408,202551,95,1.53,,,state,nssp
3667,ky,pct_ed_visits_covid,202408,202551,95,2.13,,,state,nssp
3668,la,pct_ed_visits_covid,202408,202551,95,2.52,,,state,nssp
3669,ma,pct_ed_visits_covid,202408,202551,95,1.27,,,state,nssp
3670,md,pct_ed_visits_covid,202408,202551,95,1.49,,,state,nssp
3671,me,pct_ed_visits_covid,202408,202551,95,1.47,,,state,nssp
3672,mi,pct_ed_visits_covid,202408,202551,95,1.81,,,state,nssp
3673,mn,pct_ed_visits_covid,202408,202551,95,1.2,,,state,nssp
3674,ms,pct_ed_visits_covid,202408,202551,95,2.71,,,state,nssp
3675,mt,pct_ed_visits_covid,202408,202551,95,1.32,,,state,nssp
3676,nc,pct_ed_visits_covid,202408,202551,95,2.61,,,state,nssp
3677,nd,pct_ed_visits_covid,202408,202551,95,1.38,,,state,nssp
3678,ne,pct_ed_visits_covid,202408,202551,95,1.16,,,state,nssp
3679,nh,pct_ed_visits_covid,202408,202551,95,0.95,,,state,nssp
3680,nj,pct_ed_visits_covid,202408,202551,95,1.23,,,state,nssp
3681,nm,pct_ed_visits_covid,202408,202551,95,1.96,,,state,nssp
3682,nv,pct_ed_visits_covid,202408,202551,95,0.77,,,state,nssp
3683,ny,pct_ed_visits_covid,202408,202551,95,1.07,,,state,nssp
3684,oh,pct_ed_visits_covid,202408,202551,95,1.33,,,state,nssp
3685,ok,pct_ed_visits_covid,202408,202551,95,1.39,,,state,nssp
3686,or,pct_ed_visits_covid,202408,202551,95,1.63,,,state,nssp
3687,pa,pct_ed_visits_covid,202408,202551,95,1.19,,,state,nssp
3688,ri,pct_ed_visits_covid,202408,202551,95,0.98,,,state,nssp
3689,sc,pct_ed_visits_covid,202408,202551,95,2.63,,,state,nssp
3690,sd,pct_ed_visits_covid,202408,202551,95,1.13,,,state,nssp
3691,tn,pct_ed_visits_covid,202408,202551,95,2.34,,,state,nssp
3692,tx,pct_ed_visits_covid,202408,202551,95,1.68,,,state,nssp
3693,ut,pct_ed_visits_covid,202408,202551,95,1.3,,,state,nssp
3694,va,pct_ed_visits_covid,202408,202551,95,1.88,,,state,nssp
3695,vt,pct_ed_visits_covid,202408,202551,95,1.38,,,state,nssp
3696,wa,pct_ed_visits_covid,202408,202551,95,1.86,,,state,nssp
3697,wi,pct_ed_visits_covid,202408,202551,95,1.45,,,state,nssp
3698,wv,pct_ed_visits_covid,202408,202551,95,1.61,,,state,nssp
3699,wy,pct_ed_visits_covid,202408,202551,95,1.14,,,state,nssp
3700,ak,pct_ed_visits_covid,202409,202551,94,1.3,,,state,nssp
3701,al,pct_ed_visits_covid,202409,202551,94,2.24,,,state,nssp
3702,ar,pct_ed_visits_covid,202409,202551,94,1.53,,,state,nssp
3703,az,pct_ed_visits_covid,202409,202551,94,0.96,,,state,nssp
3704,ca,pct_ed_visits_covid,202409,202551,94,0.73,,,state,nssp
3705,co,pct_ed_visits_covid,202409,202551,94,0.86,,,state,nssp
3706,ct,pct_ed_visits_covid,202409,202551,94,1.16,,,state,nssp
3707,dc,pct_ed_visits_covid,202409,202551,94,1.1,,,state,nssp
3708,de,pct_ed_visits_covid,202409,202551,94,1.34,,,state,nssp
3709,fl,pct_ed_visits_covid,202409,202551,94,1.35,,,state,nssp
3710,ga,pct_ed_visits_covid,202409,202551,94,1.31,,,state,nssp
3711,hi,pct_ed_visits_covid,202409,202551,94,1.56,,,state,nssp
3712,ia,pct_ed_visits_covid,202409,202551,94,1.11,,,state,nssp
3713,id,pct_ed_visits_covid,202409,202551,94,1.05,,,state,nssp
3714,il,pct_ed_visits_covid,202409,202551,94,1.56,,,state,nssp
3715,in,pct_ed_visits_covid,202409,202551,94,1.27,,,state,nssp
3716,ks,pct_ed_visits_covid,202409,202551,94,1.23,,,state,nssp
3717,ky,pct_ed_visits_covid,202409,202551,94,1.93,,,state,nssp
3718,la,pct_ed_visits_covid,202409,202551,94,1.94,,,state,nssp
3719,ma,pct_ed_visits_covid,202409,202551,94,1.06,,,state,nssp
3720,md,pct_ed_visits_covid,202409,202551,94,1.28,,,state,nssp
3721,me,pct_ed_visits_covid,202409,202551,94,1.32,,,state,nssp
3722,mi,pct_ed_visits_covid,202409,202551,94,1.52,,,state,nssp
3723,mn,pct_ed_visits_covid,202409,202551,94,1.12,,,state,nssp
3724,ms,pct_ed_visits_covid,202409,202551,94,2.14,,,state,nssp
3725,mt,pct_ed_visits_covid,202409,202551,94,1.16,,,state,nssp
3726,nc,pct_ed_visits_covid,202409,202551,94,2.19,,,state,nssp
3727,nd,pct_ed_visits_covid,202409,202551,94,0.82,,,state,nssp
3728,ne,pct_ed_visits_covid,202409,202551,94,0.83,,,state,nssp
3729,nh,pct_ed_visits_covid,202409,202551,94,0.83,,,state,nssp
3730,nj,pct_ed_visits_covid,202409,202551,94,1.08,,,state,nssp
3731,nm,pct_ed_visits_covid,202409,202551,94,1.46,,,state,nssp
3732,nv,pct_ed_visits_covid,202409,202551,94,0.68,,,state,nssp
3733,ny,pct_ed_visits_covid,202409,202551,94,0.81,,,state,nssp
3734,oh,pct_ed_visits_covid,202409,202551,94,1.11,,,state,nssp
3735,ok,pct_ed_visits_covid,202409,202551,94,1.14,,,state,nssp
3736,or,pct_ed_visits_covid,202409,202551,94,1.35,,,state,nssp
3737,pa,pct_ed_visits_covid,202409,202551,94,1.02,,,state,nssp
3738,ri,pct_ed_visits_covid,202409,202551,94,0.69,,,state,nssp
3739,sc,pct_ed_visits_covid,202409,202551,94,2.09,,,state,nssp
3740,sd,pct_ed_visits_covid,202409,202551,94,0.84,,,state,nssp
3741,tn,pct_ed_visits_covid,202409,202551,94,2.14,,,state,nssp
3742,tx,pct_ed_visits_covid,202409,202551,94,1.28,,,state,nssp
3743,ut,pct_ed_visits_covid,202409,202551,94,0.94,,,state,nssp
3744,va,pct_ed_visits_covid,202409,202551,94,1.6,,,state,nssp
3745,vt,pct_ed_visits_covid,202409,202551,94,0.94,,,state,nssp
3746,wa,pct_ed_visits_covid,202409,202551,94,1.6,,,state,nssp
3747,wi,pct_ed_visits_covid,202409,202551,94,1.23,,,state,nssp
3748,wv,pct_ed_visits_covid,202409,202551,94,1.57,,,state,nssp
3749,wy,pct_ed_visits_covid,202409,202551,94,0.96,,,state,nssp
3750,ak,pct_ed_visits_covid,202410,202551,93,1.26,,,state,nssp
3751,al,pct_ed_visits_covid,202410,202551,93,1.59,,,state,nssp
3752,ar,pct_ed_visits_covid,202410,202551,93,1.31,,,state,nssp
3753,az,pct_ed_visits_covid,202410,202551,93,0.77,,,state,nssp
3754,ca,pct_ed_visits_covid,202410,202551,93,0.55,,,state,nssp
3755,co,pct_ed_visits_covid,202410,202551,93,0.7,,,state,nssp
3756,ct,pct_ed_visits_covid,202410,202551,93,0.94,,,state,nssp
3757,dc,pct_ed_visits_covid,202410,202551,93,0.86,,,state,nssp
3758,de,pct_ed_visits_covid,202410,202551,93,1.07,,,state,nssp
3759,fl,pct_ed_visits_covid,202410,202551,93,1.05,,,state,nssp
3760,ga,pct_ed_visits_covid,202410,202551,93,1.02,,,state,nssp
3761,hi,pct_ed_visits_covid,202410,202551,93,1.14,,,state,nssp
3762,ia,pct_ed_visits_covid,202410,202551,93,0.93,,,state,nssp
3763,id,pct_ed_visits_covid,202410,202551,93,0.68,,,state,nssp
3764,il,pct_ed_visits_covid,202410,202551,93,1.17,,,state,nssp
3765,in,pct_ed_visits_covid,202410,202551,93,1.04,,,state,nssp
3766,ks,pct_ed_visits_covid,202410,202551,93,1.01,,,state,nssp
3767,ky,pct_ed_visits_covid,202410,202551,93,1.6,,,state,nssp
3768,la,pct_ed_visits_covid,202410,202551,93,1.58,,,state,nssp
3769,ma,pct_ed_visits_covid,202410,202551,93,0.84,,,state,nssp
3770,md,pct_ed_visits_covid,202410,202551,93,1.08,,,state,nssp
3771,me,pct_ed_visits_covid,202410,202551,93,1.07,,,state,nssp
3772,mi,pct_ed_visits_covid,202410,202551,93,1.24,,,state,nssp
3773,mn,pct_ed_visits_covid,202410,202551,93,0.96,,,state,nssp
3774,ms,pct_ed_visits_covid,202410,202551,93,1.5,,,state,nssp
3775,mt,pct_ed_visits_covid,202410,202551,93,1.3,,,state,nssp
3776,nc,pct_ed_visits_covid,202410,202551,93,1.58,,,state,nssp
3777,nd,pct_ed_visits_covid,202410,202551,93,0.88,,,state,nssp
3778,ne,pct_ed_visits_covid,202410,202551,93,0.83,,,state,nssp
3779,nh,pct_ed_visits_covid,202410,202551,93,0.84,,,state,nssp
3780,nj,pct_ed_visits_covid,202410,202551,93,0.77,,,state,nssp
3781,nm,pct_ed_visits_covid,202410,202551,93,1.32,,,state,nssp
3782,nv,pct_ed_visits_covid,202410,202551,93,0.47,,,state,nssp
3783,ny,pct_ed_visits_covid,202410,202551,93,0.63,,,state,nssp
3784,oh,pct_ed_visits_covid,202410,202551,93,0.89,,,state,nssp
3785,ok,pct_ed_visits_covid,202410,202551,93,0.97,,,state,nssp
3786,or,pct_ed_visits_covid,202410,202551,93,1.12,,,state,nssp
3787,pa,pct_ed_visits_covid,202410,202551,93,0.79,,,state,nssp
3788,ri,pct_ed_visits_covid,202410,202551,93,0.6,,,state,nssp
3789,sc,pct_ed_visits_covid,202410,202551,93,1.6,,,state,nssp
3790,sd,pct_ed_visits_covid,202410,202551,93,0.74,,,state,nssp
3791,tn,pct_ed_visits_covid,202410,202551,93,1.58,,,state,nssp
3792,tx,pct_ed_visits_covid,202410,202551,93,0.98,,,state,nssp
3793,ut,pct_ed_visits_covid,202410,202551,93,0.91,,,state,nssp
3794,va,pct_ed_visits_covid,202410,202551,93,1.22,,,state,nssp
3795,vt,pct_ed_visits_covid,202410,202551,93,1.03,,,state,nssp
3796,wa,pct_ed_visits_covid,202410,202551,93,1.32,,,state,nssp
3797,wi,pct_ed_visits_covid,202410,202551,93,1.03,,,state,nssp
3798,wv,pct_ed_visits_covid,202410,202551,93,1.29,,,state,nssp
3799,wy,pct_ed_visits_covid,202410,202551,93,0.67,,,state,nssp
3800,ak,pct_ed_visits_covid,202411,202551,92,0.8,,,state,nssp
3801,al,pct_ed_visits_covid,202411,202551,92,1.24,,,state,nssp
3802,ar,pct_ed_visits_covid,202411,202551,92,1.09,,,state,nssp
3803,az,pct_ed_visits_covid,202411,202551,92,0.76,,,state,nssp
3804,ca,pct_ed_visits_covid,202411,202551,92,0.5,,,state,nssp
3805,co,pct_ed_visits_covid,202411,202551,92,0.65,,,state,nssp
3806,ct,pct_ed_visits_covid,202411,202551,92,0.7,,,state,nssp
3807,dc,pct_ed_visits_covid,202411,202551,92,0.69,,,state,nssp
3808,de,pct_ed_visits_covid,202411,202551,92,0.78,,,state,nssp
3809,fl,pct_ed_visits_covid,202411,202551,92,0.81,,,state,nssp
3810,ga,pct_ed_visits_covid,202411,202551,92,0.76,,,state,nssp
3811,hi,pct_ed_visits_covid,202411,202551,92,0.69,,,state,nssp
3812,ia,pct_ed_visits_covid,202411,202551,92,0.64,,,state,nssp
3813,id,pct_ed_visits_covid,202411,202551,92,0.74,,,state,nssp
3814,il,pct_ed_visits_covid,202411,202551,92,0.94,,,state,nssp
3815,in,pct_ed_visits_covid,202411,202551,92,0.8,,,state,nssp
3816,ks,pct_ed_visits_covid,202411,202551,92,0.82,,,state,nssp
3817,ky,pct_ed_visits_covid,202411,202551,92,1.12,,,state,nssp
3818,la,pct_ed_visits_covid,202411,202551,92,1.18,,,state,nssp
3819,ma,pct_ed_visits_covid,202411,202551,92,0.64,,,state,nssp
3820,md,pct_ed_visits_covid,202411,202551,92,0.76,,,state,nssp
3821,me,pct_ed_visits_covid,202411,202551,92,0.87,,,state,nssp
3822,mi,pct_ed_visits_covid,202411,202551,92,0.88,,,state,nssp
3823,mn,pct_ed_visits_covid,202411,202551,92,0.67,,,state,nssp
3824,ms,pct_ed_visits_covid,202411,202551,92,1.05,,,state,nssp
3825,mt,pct_ed_visits_covid,202411,202551,92,0.79,,,state,nssp
3826,nc,pct_ed_visits_covid,202411,202551,92,1.16,,,state,nssp
3827,nd,pct_ed_visits_covid,202411,202551,92,0.94,,,state,nssp
3828,ne,pct_ed_visits_covid,202411,202551,92,0.63,,,state,nssp
3829,nh,pct_ed_visits_covid,202411,202551,92,0.57,,,state,nssp
3830,nj,pct_ed_visits_covid,202411,202551,92,0.67,,,state,nssp
3831,nm,pct_ed_visits_covid,202411,202551,92,1.18,,,state,nssp
3832,nv,pct_ed_visits_covid,202411,202551,92,0.42,,,state,nssp
3833,ny,pct_ed_visits_covid,202411,202551,92,0.52,,,state,nssp
3834,oh,pct_ed_visits_covid,202411,202551,92,0.68,,,state,nssp
3835,ok,pct_ed_visits_covid,202411,202551,92,0.83,,,state,nssp
3836,or,pct_ed_visits_covid,202411,202551,92,1.03,,,state,nssp
3837,pa,pct_ed_visits_covid,202411,202551,92,0.59,,,state,nssp
3838,ri,pct_ed_visits_covid,202411,202551,92,0.46,,,state,nssp
3839,sc,pct_ed_visits_covid,202411,202551,92,1.17,,,state,nssp
3840,sd,pct_ed_visits_covid,202411,202551,92,0.6,,,state,nssp
3841,tn,pct_ed_visits_covid,202411,202551,92,1.23,,,state,nssp
3842,tx,pct_ed_visits_covid,202411,202551,92,0.76,,,state,nssp
3843,ut,pct_ed_visits_covid,202411,202551,92,0.7,,,state,nssp
3844,va,pct_ed_visits_covid,202411,202551,92,0.94,,,state,nssp
3845,vt,pct_ed_visits_covid,202411,202551,92,0.54,,,state,nssp
3846,wa,pct_ed_visits_covid,202411,202551,92,1.12,,,state,nssp
3847,wi,pct_ed_visits_covid,202411,202551,92,0.77,,,state,nssp
3848,wv,pct_ed_visits_covid,202411,202551,92,0.84,,,state,nssp
3849,wy,pct_ed_visits_covid,202411,202551,92,0.69,,,state,nssp
3850,ak,pct_ed_visits_covid,202412,202551,91,0.53,,,state,nssp
3851,al,pct_ed_visits_covid,202412,202551,91,0.91,,,state,nssp
3852,ar,pct_ed_visits_covid,202412,202551,91,0.9,,,state,nssp
3853,az,pct_ed_visits_covid,202412,202551,91,0.62,,,state,nssp
3854,ca,pct_ed_visits_covid,202412,202551,91,0.43,,,state,nssp
3855,co,pct_ed_visits_covid,202412,202551,91,0.52,,,state,nssp
3856,ct,pct_ed_visits_covid,202412,202551,91,0.6,,,state,nssp
3857,dc,pct_ed_visits_covid,202412,202551,91,0.61,,,state,nssp
3858,de,pct_ed_visits_covid,202412,202551,91,0.72,,,state,nssp
3859,fl,pct_ed_visits_covid,202412,202551,91,0.71,,,state,nssp
3860,ga,pct_ed_visits_covid,202412,202551,91,0.55,,,state,nssp
3861,hi,pct_ed_visits_covid,202412,202551,91,0.77,,,state,nssp
3862,ia,pct_ed_visits_covid,202412,202551,91,0.6,,,state,nssp
3863,id,pct_ed_visits_covid,202412,202551,91,0.65,,,state,nssp
3864,il,pct_ed_visits_covid,202412,202551,91,0.67,,,state,nssp
3865,in,pct_ed_visits_covid,202412,202551,91,0.63,,,state,nssp
3866,ks,pct_ed_visits_covid,202412,202551,91,0.55,,,state,nssp
3867,ky,pct_ed_visits_covid,202412,202551,91,1.0,,,state,nssp
3868,la,pct_ed_visits_covid,202412,202551,91,0.89,,,state,nssp
3869,ma,pct_ed_visits_covid,202412,202551,91,0.56,,,state,nssp
3870,md,pct_ed_visits_covid,202412,202551,91,0.65,,,state,nssp
3871,me,pct_ed_visits_covid,202412,202551,91,0.73,,,state,nssp
3872,mi,pct_ed_visits_covid,202412,202551,91,0.73,,,state,nssp
3873,mn,pct_ed_visits_covid,202412,202551,91,0.64,,,state,nssp
3874,ms,pct_ed_visits_covid,202412,202551,91,0.77,,,state,nssp
3875,mt,pct_ed_visits_covid,202412,202551,91,0.77,,,state,nssp
3876,nc,pct_ed_visits_covid,202412,202551,91,0.93,,,state,nssp
3877,nd,pct_ed_visits_covid,202412,202551,91,0.44,,,state,nssp
3878,ne,pct_ed_visits_covid,202412,202551,91,0.45,,,state,nssp
3879,nh,pct_ed_visits_covid,202412,202551,91,0.5,,,state,nssp
3880,nj,pct_ed_visits_covid,202412,202551,91,0.5,,,state,nssp
3881,nm,pct_ed_visits_covid,202412,202551,91,1.15,,,state,nssp
3882,nv,pct_ed_visits_covid,202412,202551,91,0.38,,,state,nssp
3883,ny,pct_ed_visits_covid,202412,202551,91,0.5,,,state,nssp
3884,oh,pct_ed_visits_covid,202412,202551,91,0.55,,,state,nssp
3885,ok,pct_ed_visits_covid,202412,202551,91,0.68,,,state,nssp
3886,or,pct_ed_visits_covid,202412,202551,91,0.8,,,state,nssp
3887,pa,pct_ed_visits_covid,202412,202551,91,0.53,,,state,nssp
3888,ri,pct_ed_visits_covid,202412,202551,91,0.38,,,state,nssp
3889,sc,pct_ed_visits_covid,202412,202551,91,0.81,,,state,nssp
3890,sd,pct_ed_visits_covid,202412,202551,91,0.46,,,state,nssp
3891,tn,pct_ed_visits_covid,202412,202551,91,0.87,,,state,nssp
3892,tx,pct_ed_visits_covid,202412,202551,91,0.65,,,state,nssp
3893,ut,pct_ed_visits_covid,202412,202551,91,0.77,,,state,nssp
3894,va,pct_ed_visits_covid,202412,202551,91,0.7,,,state,nssp
3895,vt,pct_ed_visits_covid,202412,202551,91,0.51,,,state,nssp
3896,wa,pct_ed_visits_covid,202412,202551,91,0.9,,,state,nssp
3897,wi,pct_ed_visits_covid,202412,202551,91,0.65,,,state,nssp
3898,wv,pct_ed_visits_covid,202412,202551,91,0.88,,,state,nssp
3899,wy,pct_ed_visits_covid,202412,202551,91,0.88,,,state,nssp
3900,ak,pct_ed_visits_covid,202413,202551,90,0.45,,,state,nssp
3901,al,pct_ed_visits_covid,202413,202551,90,0.73,,,state,nssp
3902,ar,pct_ed_visits_covid,202413,202551,90,0.58,,,state,nssp
3903,az,pct_ed_visits_covid,202413,202551,90,0.56,,,state,nssp
3904,ca,pct_ed_visits_covid,202413,202551,90,0.4,,,state,nssp
3905,co,pct_ed_visits_covid,202413,202551,90,0.47,,,state,nssp
3906,ct,pct_ed_visits_covid,202413,202551,90,0.56,,,state,nssp
3907,dc,pct_ed_visits_covid,202413,202551,90,0.67,,,state,nssp
3908,de,pct_ed_visits_covid,202413,202551,90,0.55,,,state,nssp
3909,fl,pct_ed_visits_covid,202413,202551,90,0.64,,,state,nssp
3910,ga,pct_ed_visits_covid,202413,202551,90,0.65,,,state,nssp
3911,hi,pct_ed_visits_covid,202413,202551,90,0.61,,,state,nssp
3912,ia,pct_ed_visits_covid,202413,202551,90,0.45,,,state,nssp
3913,id,pct_ed_visits_covid,202413,202551,90,0.47,,,state,nssp
3914,il,pct_ed_visits_covid,202413,202551,90,0.76,,,state,nssp
3915,in,pct_ed_visits_covid,202413,202551,90,0.62,,,state,nssp
3916,ks,pct_ed_visits_covid,202413,202551,90,0.49,,,state,nssp
3917,ky,pct_ed_visits_covid,202413,202551,90,0.84,,,state,nssp
3918,la,pct_ed_visits_covid,202413,202551,90,0.71,,,state,nssp
3919,ma,pct_ed_visits_covid,202413,202551,90,0.59,,,state,nssp
3920,md,pct_ed_visits_covid,202413,202551,90,0.59,,,state,nssp
3921,me,pct_ed_visits_covid,202413,202551,90,0.52,,,state,nssp
3922,mi,pct_ed_visits_covid,202413,202551,90,0.67,,,state,nssp
3923,mn,pct_ed_visits_covid,202413,202551,90,0.54,,,state,nssp
3924,ms,pct_ed_visits_covid,202413,202551,90,0.68,,,state,nssp
3925,mt,pct_ed_visits_covid,202413,202551,90,0.52,,,state,nssp
3926,nc,pct_ed_visits_covid,202413,202551,90,0.79,,,state,nssp
3927,nd,pct_ed_visits_covid,202413,202551,90,0.53,,,state,nssp
3928,ne,pct_ed_visits_covid,202413,202551,90,0.35,,,state,nssp
3929,nh,pct_ed_visits_covid,202413,202551,90,0.52,,,state,nssp
3930,nj,pct_ed_visits_covid,202413,202551,90,0.52,,,state,nssp
3931,nm,pct_ed_visits_covid,202413,202551,90,1.01,,,state,nssp
3932,nv,pct_ed_visits_covid,202413,202551,90,0.32,,,state,nssp
3933,ny,pct_ed_visits_covid,202413,202551,90,0.44,,,state,nssp
3934,oh,pct_ed_visits_covid,202413,202551,90,0.6,,,state,nssp
3935,ok,pct_ed_visits_covid,202413,202551,90,0.52,,,state,nssp
3936,or,pct_ed_visits_covid,202413,202551,90,0.67,,,state,nssp
3937,pa,pct_ed_visits_covid,202413,202551,90,0.45,,,state,nssp
3938,ri,pct_ed_visits_covid,202413,202551,90,0.44,,,state,nssp
3939,sc,pct_ed_visits_covid,202413,202551,90,0.81,,,state,nssp
3940,sd,pct_ed_visits_covid,202413,202551,90,0.43,,,state,nssp
3941,tn,pct_ed_visits_covid,202413,202551,90,0.79,,,state,nssp
3942,tx,pct_ed_visits_covid,202413,202551,90,0.53,,,state,nssp
3943,ut,pct_ed_visits_covid,202413,202551,90,0.63,,,state,nssp
3944,va,pct_ed_visits_covid,202413,202551,90,0.66,,,state,nssp
3945,vt,pct_ed_visits_covid,202413,202551,90,0.22,,,state,nssp
3946,wa,pct_ed_visits_covid,202413,202551,90,0.78,,,state,nssp
3947,wi,pct_ed_visits_covid,202413,202551,90,0.56,,,state,nssp
3948,wv,pct_ed_visits_covid,202413,202551,90,0.64,,,state,nssp
3949,wy,pct_ed_visits_covid,202413,202551,90,0.39,,,state,nssp
3950,ak,pct_ed_visits_covid,202414,202551,89,0.32,,,state,nssp
3951,al,pct_ed_visits_covid,202414,202551,89,0.56,,,state,nssp
3952,ar,pct_ed_visits_covid,202414,202551,89,0.54,,,state,nssp
3953,az,pct_ed_visits_covid,202414,202551,89,0.52,,,state,nssp
3954,ca,pct_ed_visits_covid,202414,202551,89,0.37,,,state,nssp
3955,co,pct_ed_visits_covid,202414,202551,89,0.43,,,state,nssp
3956,ct,pct_ed_visits_covid,202414,202551,89,0.48,,,state,nssp
3957,dc,pct_ed_visits_covid,202414,202551,89,0.42,,,state,nssp
3958,de,pct_ed_visits_covid,202414,202551,89,0.44,,,state,nssp
3959,fl,pct_ed_visits_covid,202414,202551,89,0.56,,,state,nssp
3960,ga,pct_ed_visits_covid,202414,202551,89,0.56,,,state,nssp
3961,hi,pct_ed_visits_covid,202414,202551,89,0.47,,,state,nssp
3962,ia,pct_ed_visits_covid,202414,202551,89,0.47,,,state,nssp
3963,id,pct_ed_visits_covid,202414,202551,89,0.44,,,state,nssp
3964,il,pct_ed_visits_covid,202414,202551,89,0.64,,,state,nssp
3965,in,pct_ed_visits_covid,202414,202551,89,0.54,,,state,nssp
3966,ks,pct_ed_visits_covid,202414,202551,89,0.53,,,state,nssp
3967,ky,pct_ed_visits_covid,202414,202551,89,0.78,,,state,nssp
3968,la,pct_ed_visits_covid,202414,202551,89,0.49,,,state,nssp
3969,ma,pct_ed_visits_covid,202414,202551,89,0.51,,,state,nssp
3970,md,pct_ed_visits_covid,202414,202551,89,0.5,,,state,nssp
3971,me,pct_ed_visits_covid,202414,202551,89,0.56,,,state,nssp
3972,mi,pct_ed_visits_covid,202414,202551,89,0.59,,,state,nssp
3973,mn,pct_ed_visits_covid,202414,202551,89,0.57,,,state,nssp
3974,ms,pct_ed_visits_covid,202414,202551,89,0.59,,,state,nssp
3975,mt,pct_ed_visits_covid,202414,202551,89,0.49,,,state,nssp
3976,nc,pct_ed_visits_covid,202414,202551,89,0.84,,,state,nssp
3977,nd,pct_ed_visits_covid,202414,202551,89,0.45,,,state,nssp
3978,ne,pct_ed_visits_covid,202414,202551,89,0.24,,,state,nssp
3979,nh,pct_ed_visits_covid,202414,202551,89,0.5,,,state,nssp
3980,nj,pct_ed_visits_covid,202414,202551,89,0.48,,,state,nssp
3981,nm,pct_ed_visits_covid,202414,202551,89,0.99,,,state,nssp
3982,nv,pct_ed_visits_covid,202414,202551,89,0.36,,,state,nssp
3983,ny,pct_ed_visits_covid,202414,202551,89,0.44,,,state,nssp
3984,oh,pct_ed_visits_covid,202414,202551,89,0.53,,,state,nssp
3985,ok,pct_ed_visits_covid,202414,202551,89,0.41,,,state,nssp
3986,or,pct_ed_visits_covid,202414,202551,89,0.65,,,state,nssp
3987,pa,pct_ed_visits_covid,202414,202551,89,0.45,,,state,nssp
3988,ri,pct_ed_visits_covid,202414,202551,89,0.43,,,state,nssp
3989,sc,pct_ed_visits_covid,202414,202551,89,0.61,,,state,nssp
3990,sd,pct_ed_visits_covid,202414,202551,89,0.37,,,state,nssp
3991,tn,pct_ed_visits_covid,202414,202551,89,0.63,,,state,nssp
3992,tx,pct_ed_visits_covid,202414,202551,89,0.48,,,state,nssp
3993,ut,pct_ed_visits_covid,202414,202551,89,0.54,,,state,nssp
3994,va,pct_ed_visits_covid,202414,202551,89,0.57,,,state,nssp
3995,vt,pct_ed_visits_covid,202414,202551,89,0.48,,,state,nssp
3996,wa,pct_ed_visits_covid,202414,202551,89,0.62,,,state,nssp
3997,wi,pct_ed_visits_covid,202414,202551,89,0.54,,,state,nssp
3998,wv,pct_ed_visits_covid,202414,202551,89,0.61,,,state,nssp
3999,wy,pct_ed_visits_covid,202414,202551,89,0.33,,,state,nssp
4000,ak,pct_ed_visits_covid,202415,202551,88,0.26,,,state,nssp
4001,al,pct_ed_visits_covid,202415,202551,88,0.55,,,state,nssp
4002,ar,pct_ed_visits_covid,202415,202551,88,0.43,,,state,nssp
4003,az,pct_ed_visits_covid,202415,202551,88,0.55,,,state,nssp
4004,ca,pct_ed_visits_covid,202415,202551,88,0.32,,,state,nssp
4005,co,pct_ed_visits_covid,202415,202551,88,0.34,,,state,nssp
4006,ct,pct_ed_visits_covid,202415,202551,88,0.44,,,state,nssp
4007,dc,pct_ed_visits_covid,202415,202551,88,0.44,,,state,nssp
4008,de,pct_ed_visits_covid,202415,202551,88,0.47,,,state,nssp
4009,fl,pct_ed_visits_covid,202415,202551,88,0.46,,,state,nssp
4010,ga,pct_ed_visits_covid,202415,202551,88,0.4,,,state,nssp
4011,hi,pct_ed_visits_covid,202415,202551,88,0.63,,,state,nssp
4012,ia,pct_ed_visits_covid,202415,202551,88,0.41,,,state,nssp
4013,id,pct_ed_visits_covid,202415,202551,88,0.44,,,state,nssp
4014,il,pct_ed_visits_covid,202415,202551,88,0.53,,,state,nssp
4015,in,pct_ed_visits_covid,202415,202551,88,0.4,,,state,nssp
4016,ks,pct_ed_visits_covid,202415,202551,88,0.34,,,state,nssp
4017,ky,pct_ed_visits_covid,202415,202551,88,0.59,,,state,nssp
4018,la,pct_ed_visits_covid,202415,202551,88,0.43,,,state,nssp
4019,ma,pct_ed_visits_covid,202415,202551,88,0.46,,,state,nssp
4020,md,pct_ed_visits_covid,202415,202551,88,0.53,,,state,nssp
4021,me,pct_ed_visits_covid,202415,202551,88,0.43,,,state,nssp
4022,mi,pct_ed_visits_covid,202415,202551,88,0.47,,,state,nssp
4023,mn,pct_ed_visits_covid,202415,202551,88,0.53,,,state,nssp
4024,ms,pct_ed_visits_covid,202415,202551,88,0.58,,,state,nssp
4025,mt,pct_ed_visits_covid,202415,202551,88,0.53,,,state,nssp
4026,nc,pct_ed_visits_covid,202415,202551,88,0.63,,,state,nssp
4027,nd,pct_ed_visits_covid,202415,202551,88,0.38,,,state,nssp
4028,ne,pct_ed_visits_covid,202415,202551,88,0.26,,,state,nssp
4029,nh,pct_ed_visits_covid,202415,202551,88,0.39,,,state,nssp
4030,nj,pct_ed_visits_covid,202415,202551,88,0.4,,,state,nssp
4031,nm,pct_ed_visits_covid,202415,202551,88,0.66,,,state,nssp
4032,nv,pct_ed_visits_covid,202415,202551,88,0.27,,,state,nssp
4033,ny,pct_ed_visits_covid,202415,202551,88,0.39,,,state,nssp
4034,oh,pct_ed_visits_covid,202415,202551,88,0.41,,,state,nssp
4035,ok,pct_ed_visits_covid,202415,202551,88,0.35,,,state,nssp
4036,or,pct_ed_visits_covid,202415,202551,88,0.51,,,state,nssp
4037,pa,pct_ed_visits_covid,202415,202551,88,0.31,,,state,nssp
4038,ri,pct_ed_visits_covid,202415,202551,88,0.29,,,state,nssp
4039,sc,pct_ed_visits_covid,202415,202551,88,0.51,,,state,nssp
4040,sd,pct_ed_visits_covid,202415,202551,88,0.28,,,state,nssp
4041,tn,pct_ed_visits_covid,202415,202551,88,0.51,,,state,nssp
4042,tx,pct_ed_visits_covid,202415,202551,88,0.41,,,state,nssp
4043,ut,pct_ed_visits_covid,202415,202551,88,0.46,,,state,nssp
4044,va,pct_ed_visits_covid,202415,202551,88,0.52,,,state,nssp
4045,vt,pct_ed_visits_covid,202415,202551,88,0.28,,,state,nssp
4046,wa,pct_ed_visits_covid,202415,202551,88,0.58,,,state,nssp
4047,wi,pct_ed_visits_covid,202415,202551,88,0.52,,,state,nssp
4048,wv,pct_ed_visits_covid,202415,202551,88,0.55,,,state,nssp
4049,wy,pct_ed_visits_covid,202415,202551,88,0.13,,,state,nssp
4050,ak,pct_ed_visits_covid,202416,202551,87,0.21,,,state,nssp
4051,al,pct_ed_visits_covid,202416,202551,87,0.36,,,state,nssp
4052,ar,pct_ed_visits_covid,202416,202551,87,0.4,,,state,nssp
4053,az,pct_ed_visits_covid,202416,202551,87,0.46,,,state,nssp
4054,ca,pct_ed_visits_covid,202416,202551,87,0.32,,,state,nssp
4055,co,pct_ed_visits_covid,202416,202551,87,0.38,,,state,nssp
4056,ct,pct_ed_visits_covid,202416,202551,87,0.37,,,state,nssp
4057,dc,pct_ed_visits_covid,202416,202551,87,0.25,,,state,nssp
4058,de,pct_ed_visits_covid,202416,202551,87,0.32,,,state,nssp
4059,fl,pct_ed_visits_covid,202416,202551,87,0.42,,,state,nssp
4060,ga,pct_ed_visits_covid,202416,202551,87,0.34,,,state,nssp
4061,hi,pct_ed_visits_covid,202416,202551,87,0.65,,,state,nssp
4062,ia,pct_ed_visits_covid,202416,202551,87,0.3,,,state,nssp
4063,id,pct_ed_visits_covid,202416,202551,87,0.32,,,state,nssp
4064,il,pct_ed_visits_covid,202416,202551,87,0.45,,,state,nssp
4065,in,pct_ed_visits_covid,202416,202551,87,0.34,,,state,nssp
4066,ks,pct_ed_visits_covid,202416,202551,87,0.29,,,state,nssp
4067,ky,pct_ed_visits_covid,202416,202551,87,0.4,,,state,nssp
4068,la,pct_ed_visits_covid,202416,202551,87,0.32,,,state,nssp
4069,ma,pct_ed_visits_covid,202416,202551,87,0.47,,,state,nssp
4070,md,pct_ed_visits_covid,202416,202551,87,0.5,,,state,nssp
4071,me,pct_ed_visits_covid,202416,202551,87,0.41,,,state,nssp
4072,mi,pct_ed_visits_covid,202416,202551,87,0.43,,,state,nssp
4073,mn,pct_ed_visits_covid,202416,202551,87,0.46,,,state,nssp
4074,ms,pct_ed_visits_covid,202416,202551,87,0.42,,,state,nssp
4075,mt,pct_ed_visits_covid,202416,202551,87,0.44,,,state,nssp
4076,nc,pct_ed_visits_covid,202416,202551,87,0.5,,,state,nssp
4077,nd,pct_ed_visits_covid,202416,202551,87,0.47,,,state,nssp
4078,ne,pct_ed_visits_covid,202416,202551,87,0.24,,,state,nssp
4079,nh,pct_ed_visits_covid,202416,202551,87,0.37,,,state,nssp
4080,nj,pct_ed_visits_covid,202416,202551,87,0.33,,,state,nssp
4081,nm,pct_ed_visits_covid,202416,202551,87,0.63,,,state,nssp
4082,nv,pct_ed_visits_covid,202416,202551,87,0.29,,,state,nssp
4083,ny,pct_ed_visits_covid,202416,202551,87,0.33,,,state,nssp
4084,oh,pct_ed_visits_covid,202416,202551,87,0.32,,,state,nssp
4085,ok,pct_ed_visits_covid,202416,202551,87,0.31,,,state,nssp
4086,or,pct_ed_visits_covid,202416,202551,87,0.43,,,state,nssp
4087,pa,pct_ed_visits_covid,202416,202551,87,0.28,,,state,nssp
4088,ri,pct_ed_visits_covid,202416,202551,87,0.2,,,state,nssp
4089,sc,pct_ed_visits_covid,202416,202551,87,0.41,,,state,nssp
4090,sd,pct_ed_visits_covid,202416,202551,87,0.21,,,state,nssp
4091,tn,pct_ed_visits_covid,202416,202551,87,0.39,,,state,nssp
4092,tx,pct_ed_visits_covid,202416,202551,87,0.36,,,state,nssp
4093,ut,pct_ed_visits_covid,202416,202551,87,0.46,,,state,nssp
4094,va,pct_ed_visits_covid,202416,202551,87,0.43,,,state,nssp
4095,vt,pct_ed_visits_covid,202416,202551,87,0.22,,,state,nssp
4096,wa,pct_ed_visits_covid,202416,202551,87,0.52,,,state,nssp
4097,wi,pct_ed_visits_covid,202416,202551,87,0.38,,,state,nssp
4098,wv,pct_ed_visits_covid,202416,202551,87,0.44,,,state,nssp
4099,wy,pct_ed_visits_covid,202416,202551,87,0.12,,,state,nssp
4100,ak,pct_ed_visits_covid,202417,202551,86,0.21,,,state,nssp
4101,al,pct_ed_visits_covid,202417,202551,86,0.33,,,state,nssp
4102,ar,pct_ed_visits_covid,202417,202551,86,0.27,,,state,nssp
4103,az,pct_ed_visits_covid,202417,202551,86,0.49,,,state,nssp
4104,ca,pct_ed_visits_covid,202417,202551,86,0.34,,,state,nssp
4105,co,pct_ed_visits_covid,202417,202551,86,0.37,,,state,nssp
4106,ct,pct_ed_visits_covid,202417,202551,86,0.37,,,state,nssp
4107,dc,pct_ed_visits_covid,202417,202551,86,0.33,,,state,nssp
4108,de,pct_ed_visits_covid,202417,202551,86,0.26,,,state,nssp
4109,fl,pct_ed_visits_covid,202417,202551,86,0.43,,,state,nssp
4110,ga,pct_ed_visits_covid,202417,202551,86,0.22,,,state,nssp
4111,hi,pct_ed_visits_covid,202417,202551,86,0.93,,,state,nssp
4112,ia,pct_ed_visits_covid,202417,202551,86,0.26,,,state,nssp
4113,id,pct_ed_visits_covid,202417,202551,86,0.45,,,state,nssp
4114,il,pct_ed_visits_covid,202417,202551,86,0.42,,,state,nssp
4115,in,pct_ed_visits_covid,202417,202551,86,0.25,,,state,nssp
4116,ks,pct_ed_visits_covid,202417,202551,86,0.26,,,state,nssp
4117,ky,pct_ed_visits_covid,202417,202551,86,0.43,,,state,nssp
4118,la,pct_ed_visits_covid,202417,202551,86,0.32,,,state,nssp
4119,ma,pct_ed_visits_covid,202417,202551,86,0.39,,,state,nssp
4120,md,pct_ed_visits_covid,202417,202551,86,0.36,,,state,nssp
4121,me,pct_ed_visits_covid,202417,202551,86,0.37,,,state,nssp
4122,mi,pct_ed_visits_covid,202417,202551,86,0.36,,,state,nssp
4123,mn,pct_ed_visits_covid,202417,202551,86,0.4,,,state,nssp
4124,ms,pct_ed_visits_covid,202417,202551,86,0.39,,,state,nssp
4125,mt,pct_ed_visits_covid,202417,202551,86,0.26,,,state,nssp
4126,nc,pct_ed_visits_covid,202417,202551,86,0.39,,,state,nssp
4127,nd,pct_ed_visits_covid,202417,202551,86,0.33,,,state,nssp
4128,ne,pct_ed_visits_covid,202417,202551,86,0.19,,,state,nssp
4129,nh,pct_ed_visits_covid,202417,202551,86,0.44,,,state,nssp
4130,nj,pct_ed_visits_covid,202417,202551,86,0.35,,,state,nssp
4131,nm,pct_ed_visits_covid,202417,202551,86,0.7,,,state,nssp
4132,nv,pct_ed_visits_covid,202417,202551,86,0.3,,,state,nssp
4133,ny,pct_ed_visits_covid,202417,202551,86,0.32,,,state,nssp
4134,oh,pct_ed_visits_covid,202417,202551,86,0.3,,,state,nssp
4135,ok,pct_ed_visits_covid,202417,202551,86,0.26,,,state,nssp
4136,or,pct_ed_visits_covid,202417,202551,86,0.37,,,state,nssp
4137,pa,pct_ed_visits_covid,202417,202551,86,0.26,,,state,nssp
4138,ri,pct_ed_visits_covid,202417,202551,86,0.22,,,state,nssp
4139,sc,pct_ed_visits_covid,202417,202551,86,0.35,,,state,nssp
4140,sd,pct_ed_visits_covid,202417,202551,86,0.09,,,state,nssp
4141,tn,pct_ed_visits_covid,202417,202551,86,0.28,,,state,nssp
4142,tx,pct_ed_visits_covid,202417,202551,86,0.32,,,state,nssp
4143,ut,pct_ed_visits_covid,202417,202551,86,0.37,,,state,nssp
4144,va,pct_ed_visits_covid,202417,202551,86,0.39,,,state,nssp
4145,vt,pct_ed_visits_covid,202417,202551,86,0.37,,,state,nssp
4146,wa,pct_ed_visits_covid,202417,202551,86,0.49,,,state,nssp
4147,wi,pct_ed_visits_covid,202417,202551,86,0.39,,,state,nssp
4148,wv,pct_ed_visits_covid,202417,202551,86,0.38,,,state,nssp
4149,wy,pct_ed_visits_covid,202417,202551,86,0.36,,,state,nssp
4150,ak,pct_ed_visits_covid,202418,202551,85,0.3,,,state,nssp
4151,al,pct_ed_visits_covid,202418,202551,85,0.35,,,state,nssp
4152,ar,pct_ed_visits_covid,202418,202551,85,0.28,,,state,nssp
4153,az,pct_ed_visits_covid,202418,202551,85,0.58,,,state,nssp
4154,ca,pct_ed_visits_covid,202418,202551,85,0.36,,,state,nssp
4155,co,pct_ed_visits_covid,202418,202551,85,0.41,,,state,nssp
4156,ct,pct_ed_visits_covid,202418,202551,85,0.41,,,state,nssp
4157,dc,pct_ed_visits_covid,202418,202551,85,0.36,,,state,nssp
4158,de,pct_ed_visits_covid,202418,202551,85,0.46,,,state,nssp
4159,fl,pct_ed_visits_covid,202418,202551,85,0.41,,,state,nssp
4160,ga,pct_ed_visits_covid,202418,202551,85,0.18,,,state,nssp
4161,hi,pct_ed_visits_covid,202418,202551,85,1.08,,,state,nssp
4162,ia,pct_ed_visits_covid,202418,202551,85,0.35,,,state,nssp
4163,id,pct_ed_visits_covid,202418,202551,85,0.34,,,state,nssp
4164,il,pct_ed_visits_covid,202418,202551,85,0.36,,,state,nssp
4165,in,pct_ed_visits_covid,202418,202551,85,0.24,,,state,nssp
4166,ks,pct_ed_visits_covid,202418,202551,85,0.21,,,state,nssp
4167,ky,pct_ed_visits_covid,202418,202551,85,0.34,,,state,nssp
4168,la,pct_ed_visits_covid,202418,202551,85,0.24,,,state,nssp
4169,ma,pct_ed_visits_covid,202418,202551,85,0.4,,,state,nssp
4170,md,pct_ed_visits_covid,202418,202551,85,0.36,,,state,nssp
4171,me,pct_ed_visits_covid,202418,202551,85,0.52,,,state,nssp
4172,mi,pct_ed_visits_covid,202418,202551,85,0.37,,,state,nssp
4173,mn,pct_ed_visits_covid,202418,202551,85,0.37,,,state,nssp
4174,ms,pct_ed_visits_covid,202418,202551,85,0.26,,,state,nssp
4175,mt,pct_ed_visits_covid,202418,202551,85,0.42,,,state,nssp
4176,nc,pct_ed_visits_covid,202418,202551,85,0.37,,,state,nssp
4177,nd,pct_ed_visits_covid,202418,202551,85,0.3,,,state,nssp
4178,ne,pct_ed_visits_covid,202418,202551,85,0.12,,,state,nssp
4179,nh,pct_ed_visits_covid,202418,202551,85,0.28,,,state,nssp
4180,nj,pct_ed_visits_covid,202418,202551,85,0.34,,,state,nssp
4181,nm,pct_ed_visits_covid,202418,202551,85,0.58,,,state,nssp
4182,nv,pct_ed_visits_covid,202418,202551,85,0.36,,,state,nssp
4183,ny,pct_ed_visits_covid,202418,202551,85,0.36,,,state,nssp
4184,oh,pct_ed_visits_covid,202418,202551,85,0.25,,,state,nssp
4185,ok,pct_ed_visits_covid,202418,202551,85,0.27,,,state,nssp
4186,or,pct_ed_visits_covid,202418,202551,85,0.46,,,state,nssp
4187,pa,pct_ed_visits_covid,202418,202551,85,0.23,,,state,nssp
4188,ri,pct_ed_visits_covid,202418,202551,85,0.22,,,state,nssp
4189,sc,pct_ed_visits_covid,202418,202551,85,0.25,,,state,nssp
4190,sd,pct_ed_visits_covid,202418,202551,85,0.37,,,state,nssp
4191,tn,pct_ed_visits_covid,202418,202551,85,0.27,,,state,nssp
4192,tx,pct_ed_visits_covid,202418,202551,85,0.29,,,state,nssp
4193,ut,pct_ed_visits_covid,202418,202551,85,0.31,,,state,nssp
4194,va,pct_ed_visits_covid,202418,202551,85,0.34,,,state,nssp
4195,vt,pct_ed_visits_covid,202418,202551,85,0.41,,,state,nssp
4196,wa,pct_ed_visits_covid,202418,202551,85,0.54,,,state,nssp
4197,wi,pct_ed_visits_covid,202418,202551,85,0.4,,,state,nssp
4198,wv,pct_ed_visits_covid,202418,202551,85,0.37,,,state,nssp
4199,wy,pct_ed_visits_covid,202418,202551,85,0.24,,,state,nssp
4200,ak,pct_ed_visits_covid,202419,202551,84,0.29,,,state,nssp
4201,al,pct_ed_visits_covid,202419,202551,84,0.26,,,state,nssp
4202,ar,pct_ed_visits_covid,202419,202551,84,0.23,,,state,nssp
4203,az,pct_ed_visits_covid,202419,202551,84,0.56,,,state,nssp
4204,ca,pct_ed_visits_covid,202419,202551,84,0.4,,,state,nssp
4205,co,pct_ed_visits_covid,202419,202551,84,0.47,,,state,nssp
4206,ct,pct_ed_visits_covid,202419,202551,84,0.38,,,state,nssp
4207,dc,pct_ed_visits_covid,202419,202551,84,0.28,,,state,nssp
4208,de,pct_ed_visits_covid,202419,202551,84,0.29,,,state,nssp
4209,fl,pct_ed_visits_covid,202419,202551,84,0.41,,,state,nssp
4210,ga,pct_ed_visits_covid,202419,202551,84,0.16,,,state,nssp
4211,hi,pct_ed_visits_covid,202419,202551,84,1.36,,,state,nssp
4212,ia,pct_ed_visits_covid,202419,202551,84,0.26,,,state,nssp
4213,id,pct_ed_visits_covid,202419,202551,84,0.36,,,state,nssp
4214,il,pct_ed_visits_covid,202419,202551,84,0.4,,,state,nssp
4215,in,pct_ed_visits_covid,202419,202551,84,0.18,,,state,nssp
4216,ks,pct_ed_visits_covid,202419,202551,84,0.18,,,state,nssp
4217,ky,pct_ed_visits_covid,202419,202551,84,0.37,,,state,nssp
4218,la,pct_ed_visits_covid,202419,202551,84,0.19,,,state,nssp
4219,ma,pct_ed_visits_covid,202419,202551,84,0.44,,,state,nssp
4220,md,pct_ed_visits_covid,202419,202551,84,0.37,,,state,nssp
4221,me,pct_ed_visits_covid,202419,202551,84,0.46,,,state,nssp
4222,mi,pct_ed_visits_covid,202419,202551,84,0.33,,,state,nssp
4223,mn,pct_ed_visits_covid,202419,202551,84,0.49,,,state,nssp
4224,ms,pct_ed_visits_covid,202419,202551,84,0.19,,,state,nssp
4225,mt,pct_ed_visits_covid,202419,202551,84,0.45,,,state,nssp
4226,nc,pct_ed_visits_covid,202419,202551,84,0.31,,,state,nssp
4227,nd,pct_ed_visits_covid,202419,202551,84,0.34,,,state,nssp
4228,ne,pct_ed_visits_covid,202419,202551,84,0.18,,,state,nssp
4229,nh,pct_ed_visits_covid,202419,202551,84,0.43,,,state,nssp
4230,nj,pct_ed_visits_covid,202419,202551,84,0.34,,,state,nssp
4231,nm,pct_ed_visits_covid,202419,202551,84,0.66,,,state,nssp
4232,nv,pct_ed_visits_covid,202419,202551,84,0.38,,,state,nssp
4233,ny,pct_ed_visits_covid,202419,202551,84,0.36,,,state,nssp
4234,oh,pct_ed_visits_covid,202419,202551,84,0.19,,,state,nssp
4235,ok,pct_ed_visits_covid,202419,202551,84,0.19,,,state,nssp
4236,or,pct_ed_visits_covid,202419,202551,84,0.51,,,state,nssp
4237,pa,pct_ed_visits_covid,202419,202551,84,0.23,,,state,nssp
4238,ri,pct_ed_visits_covid,202419,202551,84,0.23,,,state,nssp
4239,sc,pct_ed_visits_covid,202419,202551,84,0.26,,,state,nssp
4240,sd,pct_ed_visits_covid,202419,202551,84,0.13,,,state,nssp
4241,tn,pct_ed_visits_covid,202419,202551,84,0.23,,,state,nssp
4242,tx,pct_ed_visits_covid,202419,202551,84,0.28,,,state,nssp
4243,ut,pct_ed_visits_covid,202419,202551,84,0.43,,,state,nssp
4244,va,pct_ed_visits_covid,202419,202551,84,0.33,,,state,nssp
4245,vt,pct_ed_visits_covid,202419,202551,84,0.4,,,state,nssp
4246,wa,pct_ed_visits_covid,202419,202551,84,0.55,,,state,nssp
4247,wi,pct_ed_visits_covid,202419,202551,84,0.33,,,state,nssp
4248,wv,pct_ed_visits_covid,202419,202551,84,0.35,,,state,nssp
4249,wy,pct_ed_visits_covid,202419,202551,84,0.37,,,state,nssp
4250,ak,pct_ed_visits_covid,202420,202551,83,0.26,,,state,nssp
4251,al,pct_ed_visits_covid,202420,202551,83,0.18,,,state,nssp
4252,ar,pct_ed_visits_covid,202420,202551,83,0.24,,,state,nssp
4253,az,pct_ed_visits_covid,202420,202551,83,0.71,,,state,nssp
4254,ca,pct_ed_visits_covid,202420,202551,83,0.48,,,state,nssp
4255,co,pct_ed_visits_covid,202420,202551,83,0.45,,,state,nssp
4256,ct,pct_ed_visits_covid,202420,202551,83,0.47,,,state,nssp
4257,dc,pct_ed_visits_covid,202420,202551,83,0.35,,,state,nssp
4258,de,pct_ed_visits_covid,202420,202551,83,0.39,,,state,nssp
4259,fl,pct_ed_visits_covid,202420,202551,83,0.52,,,state,nssp
4260,ga,pct_ed_visits_covid,202420,202551,83,0.17,,,state,nssp
4261,hi,pct_ed_visits_covid,202420,202551,83,1.69,,,state,nssp
4262,ia,pct_ed_visits_covid,202420,202551,83,0.22,,,state,nssp
4263,id,pct_ed_visits_covid,202420,202551,83,0.35,,,state,nssp
4264,il,pct_ed_visits_covid,202420,202551,83,0.34,,,state,nssp
4265,in,pct_ed_visits_covid,202420,202551,83,0.15,,,state,nssp
4266,ks,pct_ed_visits_covid,202420,202551,83,0.23,,,state,nssp
4267,ky,pct_ed_visits_covid,202420,202551,83,0.32,,,state,nssp
4268,la,pct_ed_visits_covid,202420,202551,83,0.25,,,state,nssp
4269,ma,pct_ed_visits_covid,202420,202551,83,0.5,,,state,nssp
4270,md,pct_ed_visits_covid,202420,202551,83,0.39,,,state,nssp
4271,me,pct_ed_visits_covid,202420,202551,83,0.58,,,state,nssp
4272,mi,pct_ed_visits_covid,202420,202551,83,0.3,,,state,nssp
4273,mn,pct_ed_visits_covid,202420,202551,83,0.49,,,state,nssp
4274,ms,pct_ed_visits_covid,202420,202551,83,0.24,,,state,nssp
4275,mt,pct_ed_visits_covid,202420,202551,83,0.6,,,state,nssp
4276,nc,pct_ed_visits_covid,202420,202551,83,0.37,,,state,nssp
4277,nd,pct_ed_visits_covid,202420,202551,83,0.28,,,state,nssp
4278,ne,pct_ed_visits_covid,202420,202551,83,0.13,,,state,nssp
4279,nh,pct_ed_visits_covid,202420,202551,83,0.29,,,state,nssp
4280,nj,pct_ed_visits_covid,202420,202551,83,0.44,,,state,nssp
4281,nm,pct_ed_visits_covid,202420,202551,83,0.66,,,state,nssp
4282,nv,pct_ed_visits_covid,202420,202551,83,0.52,,,state,nssp
4283,ny,pct_ed_visits_covid,202420,202551,83,0.42,,,state,nssp
4284,oh,pct_ed_visits_covid,202420,202551,83,0.2,,,state,nssp
4285,ok,pct_ed_visits_covid,202420,202551,83,0.24,,,state,nssp
4286,or,pct_ed_visits_covid,202420,202551,83,0.52,,,state,nssp
4287,pa,pct_ed_visits_covid,202420,202551,83,0.23,,,state,nssp
4288,ri,pct_ed_visits_covid,202420,202551,83,0.19,,,state,nssp
4289,sc,pct_ed_visits_covid,202420,202551,83,0.28,,,state,nssp
4290,sd,pct_ed_visits_covid,202420,202551,83,0.23,,,state,nssp
4291,tn,pct_ed_visits_covid,202420,202551,83,0.22,,,state,nssp
4292,tx,pct_ed_visits_covid,202420,202551,83,0.34,,,state,nssp
4293,ut,pct_ed_visits_covid,202420,202551,83,0.5,,,state,nssp
4294,va,pct_ed_visits_covid,202420,202551,83,0.39,,,state,nssp
4295,vt,pct_ed_visits_covid,202420,202551,83,0.38,,,state,nssp
4296,wa,pct_ed_visits_covid,202420,202551,83,0.61,,,state,nssp
4297,wi,pct_ed_visits_covid,202420,202551,83,0.32,,,state,nssp
4298,wv,pct_ed_visits_covid,202420,202551,83,0.43,,,state,nssp
4299,wy,pct_ed_visits_covid,202420,202551,83,0.39,,,state,nssp
4300,ak,pct_ed_visits_covid,202421,202551,82,0.46,,,state,nssp
4301,al,pct_ed_visits_covid,202421,202551,82,0.27,,,state,nssp
4302,ar,pct_ed_visits_covid,202421,202551,82,0.2,,,state,nssp
4303,az,pct_ed_visits_covid,202421,202551,82,0.86,,,state,nssp
4304,ca,pct_ed_visits_covid,202421,202551,82,0.51,,,state,nssp
4305,co,pct_ed_visits_covid,202421,202551,82,0.47,,,state,nssp
4306,ct,pct_ed_visits_covid,202421,202551,82,0.49,,,state,nssp
4307,dc,pct_ed_visits_covid,202421,202551,82,0.39,,,state,nssp
4308,de,pct_ed_visits_covid,202421,202551,82,0.3,,,state,nssp
4309,fl,pct_ed_visits_covid,202421,202551,82,0.65,,,state,nssp
4310,ga,pct_ed_visits_covid,202421,202551,82,0.2,,,state,nssp
4311,hi,pct_ed_visits_covid,202421,202551,82,2.56,,,state,nssp
4312,ia,pct_ed_visits_covid,202421,202551,82,0.19,,,state,nssp
4313,id,pct_ed_visits_covid,202421,202551,82,0.31,,,state,nssp
4314,il,pct_ed_visits_covid,202421,202551,82,0.37,,,state,nssp
4315,in,pct_ed_visits_covid,202421,202551,82,0.22,,,state,nssp
4316,ks,pct_ed_visits_covid,202421,202551,82,0.18,,,state,nssp
4317,ky,pct_ed_visits_covid,202421,202551,82,0.33,,,state,nssp
4318,la,pct_ed_visits_covid,202421,202551,82,0.32,,,state,nssp
4319,ma,pct_ed_visits_covid,202421,202551,82,0.55,,,state,nssp
4320,md,pct_ed_visits_covid,202421,202551,82,0.39,,,state,nssp
4321,me,pct_ed_visits_covid,202421,202551,82,0.38,,,state,nssp
4322,mi,pct_ed_visits_covid,202421,202551,82,0.23,,,state,nssp
4323,mn,pct_ed_visits_covid,202421,202551,82,0.4,,,state,nssp
4324,ms,pct_ed_visits_covid,202421,202551,82,0.21,,,state,nssp
4325,mt,pct_ed_visits_covid,202421,202551,82,0.52,,,state,nssp
4326,nc,pct_ed_visits_covid,202421,202551,82,0.33,,,state,nssp
4327,nd,pct_ed_visits_covid,202421,202551,82,0.1,,,state,nssp
4328,ne,pct_ed_visits_covid,202421,202551,82,0.21,,,state,nssp
4329,nh,pct_ed_visits_covid,202421,202551,82,0.37,,,state,nssp
4330,nj,pct_ed_visits_covid,202421,202551,82,0.43,,,state,nssp
4331,nm,pct_ed_visits_covid,202421,202551,82,0.94,,,state,nssp
4332,nv,pct_ed_visits_covid,202421,202551,82,0.58,,,state,nssp
4333,ny,pct_ed_visits_covid,202421,202551,82,0.49,,,state,nssp
4334,oh,pct_ed_visits_covid,202421,202551,82,0.22,,,state,nssp
4335,ok,pct_ed_visits_covid,202421,202551,82,0.2,,,state,nssp
4336,or,pct_ed_visits_covid,202421,202551,82,0.61,,,state,nssp
4337,pa,pct_ed_visits_covid,202421,202551,82,0.18,,,state,nssp
4338,ri,pct_ed_visits_covid,202421,202551,82,0.32,,,state,nssp
4339,sc,pct_ed_visits_covid,202421,202551,82,0.36,,,state,nssp
4340,sd,pct_ed_visits_covid,202421,202551,82,0.2,,,state,nssp
4341,tn,pct_ed_visits_covid,202421,202551,82,0.24,,,state,nssp
4342,tx,pct_ed_visits_covid,202421,202551,82,0.39,,,state,nssp
4343,ut,pct_ed_visits_covid,202421,202551,82,0.47,,,state,nssp
4344,va,pct_ed_visits_covid,202421,202551,82,0.39,,,state,nssp
4345,vt,pct_ed_visits_covid,202421,202551,82,0.34,,,state,nssp
4346,wa,pct_ed_visits_covid,202421,202551,82,0.67,,,state,nssp
4347,wi,pct_ed_visits_covid,202421,202551,82,0.27,,,state,nssp
4348,wv,pct_ed_visits_covid,202421,202551,82,0.32,,,state,nssp
4349,wy,pct_ed_visits_covid,202421,202551,82,0.47,,,state,nssp
4350,ak,pct_ed_visits_covid,202422,202551,81,1.1,,,state,nssp
4351,al,pct_ed_visits_covid,202422,202551,81,0.28,,,state,nssp
4352,ar,pct_ed_visits_covid,202422,202551,81,0.31,,,state,nssp
4353,az,pct_ed_visits_covid,202422,202551,81,0.99,,,state,nssp
4354,ca,pct_ed_visits_covid,202422,202551,81,0.68,,,state,nssp
4355,co,pct_ed_visits_covid,202422,202551,81,0.61,,,state,nssp
4356,ct,pct_ed_visits_covid,202422,202551,81,0.65,,,state,nssp
4357,dc,pct_ed_visits_covid,202422,202551,81,0.53,,,state,nssp
4358,de,pct_ed_visits_covid,202422,202551,81,0.34,,,state,nssp
4359,fl,pct_ed_visits_covid,202422,202551,81,0.87,,,state,nssp
4360,ga,pct_ed_visits_covid,202422,202551,81,0.24,,,state,nssp
4361,hi,pct_ed_visits_covid,202422,202551,81,3.83,,,state,nssp
4362,ia,pct_ed_visits_covid,202422,202551,81,0.22,,,state,nssp
4363,id,pct_ed_visits_covid,202422,202551,81,0.61,,,state,nssp
4364,il,pct_ed_visits_covid,202422,202551,81,0.37,,,state,nssp
4365,in,pct_ed_visits_covid,202422,202551,81,0.2,,,state,nssp
4366,ks,pct_ed_visits_covid,202422,202551,81,0.24,,,state,nssp
4367,ky,pct_ed_visits_covid,202422,202551,81,0.35,,,state,nssp
4368,la,pct_ed_visits_covid,202422,202551,81,0.43,,,state,nssp
4369,ma,pct_ed_visits_covid,202422,202551,81,0.48,,,state,nssp
4370,md,pct_ed_visits_covid,202422,202551,81,0.46,,,state,nssp
4371,me,pct_ed_visits_covid,202422,202551,81,0.44,,,state,nssp
4372,mi,pct_ed_visits_covid,202422,202551,81,0.29,,,state,nssp
4373,mn,pct_ed_visits_covid,202422,202551,81,0.4,,,state,nssp
4374,ms,pct_ed_visits_covid,202422,202551,81,0.22,,,state,nssp
4375,mt,pct_ed_visits_covid,202422,202551,81,0.5,,,state,nssp
4376,nc,pct_ed_visits_covid,202422,202551,81,0.37,,,state,nssp
4377,nd,pct_ed_visits_covid,202422,202551,81,0.27,,,state,nssp
4378,ne,pct_ed_visits_covid,202422,202551,81,0.15,,,state,nssp
4379,nh,pct_ed_visits_covid,202422,202551,81,0.41,,,state,nssp
4380,nj,pct_ed_visits_covid,202422,202551,81,0.45,,,state,nssp
4381,nm,pct_ed_visits_covid,202422,202551,81,1.04,,,state,nssp
4382,nv,pct_ed_visits_covid,202422,202551,81,0.71,,,state,nssp
4383,ny,pct_ed_visits_covid,202422,202551,81,0.53,,,state,nssp
4384,oh,pct_ed_visits_covid,202422,202551,81,0.23,,,state,nssp
4385,ok,pct_ed_visits_covid,202422,202551,81,0.16,,,state,nssp
4386,or,pct_ed_visits_covid,202422,202551,81,0.8,,,state,nssp
4387,pa,pct_ed_visits_covid,202422,202551,81,0.24,,,state,nssp
4388,ri,pct_ed_visits_covid,202422,202551,81,0.25,,,state,nssp
4389,sc,pct_ed_visits_covid,202422,202551,81,0.36,,,state,nssp
4390,sd,pct_ed_visits_covid,202422,202551,81,0.34,,,state,nssp
4391,tn,pct_ed_visits_covid,202422,202551,81,0.27,,,state,nssp
4392,tx,pct_ed_visits_covid,202422,202551,81,0.49,,,state,nssp
4393,ut,pct_ed_visits_covid,202422,202551,81,0.66,,,state,nssp
4394,va,pct_ed_visits_covid,202422,202551,81,0.43,,,state,nssp
4395,vt,pct_ed_visits_covid,202422,202551,81,0.3,,,state,nssp
4396,wa,pct_ed_visits_covid,202422,202551,81,0.92,,,state,nssp
4397,wi,pct_ed_visits_covid,202422,202551,81,0.29,,,state,nssp
4398,wv,pct_ed_visits_covid,202422,202551,81,0.22,,,state,nssp
4399,wy,pct_ed_visits_covid,202422,202551,81,0.72,,,state,nssp
4400,ak,pct_ed_visits_covid,202423,202551,80,1.25,,,state,nssp
4401,al,pct_ed_visits_covid,202423,202551,80,0.35,,,state,nssp
4402,ar,pct_ed_visits_covid,202423,202551,80,0.32,,,state,nssp
4403,az,pct_ed_visits_covid,202423,202551,80,1.15,,,state,nssp
4404,ca,pct_ed_visits_covid,202423,202551,80,0.78,,,state,nssp
4405,co,pct_ed_visits_covid,202423,202551,80,0.71,,,state,nssp
4406,ct,pct_ed_visits_covid,202423,202551,80,0.56,,,state,nssp
4407,dc,pct_ed_visits_covid,202423,202551,80,0.5,,,state,nssp
4408,de,pct_ed_visits_covid,202423,202551,80,0.41,,,state,nssp
4409,fl,pct_ed_visits_covid,202423,202551,80,1.06,,,state,nssp
4410,ga,pct_ed_visits_covid,202423,202551,80,0.28,,,state,nssp
4411,hi,pct_ed_visits_covid,202423,202551,80,4.44,,,state,nssp
4412,ia,pct_ed_visits_covid,202423,202551,80,0.31,,,state,nssp
4413,id,pct_ed_visits_covid,202423,202551,80,0.6,,,state,nssp
4414,il,pct_ed_visits_covid,202423,202551,80,0.48,,,state,nssp
4415,in,pct_ed_visits_covid,202423,202551,80,0.26,,,state,nssp
4416,ks,pct_ed_visits_covid,202423,202551,80,0.22,,,state,nssp
4417,ky,pct_ed_visits_covid,202423,202551,80,0.41,,,state,nssp
4418,la,pct_ed_visits_covid,202423,202551,80,0.5,,,state,nssp
4419,ma,pct_ed_visits_covid,202423,202551,80,0.6,,,state,nssp
4420,md,pct_ed_visits_covid,202423,202551,80,0.54,,,state,nssp
4421,me,pct_ed_visits_covid,202423,202551,80,0.46,,,state,nssp
4422,mi,pct_ed_visits_covid,202423,202551,80,0.3,,,state,nssp
4423,mn,pct_ed_visits_covid,202423,202551,80,0.54,,,state,nssp
4424,ms,pct_ed_visits_covid,202423,202551,80,0.26,,,state,nssp
4425,mt,pct_ed_visits_covid,202423,202551,80,0.68,,,state,nssp
4426,nc,pct_ed_visits_covid,202423,202551,80,0.45,,,state,nssp
4427,nd,pct_ed_visits_covid,202423,202551,80,0.23,,,state,nssp
4428,ne,pct_ed_visits_covid,202423,202551,80,0.27,,,state,nssp
4429,nh,pct_ed_visits_covid,202423,202551,80,0.34,,,state,nssp
4430,nj,pct_ed_visits_covid,202423,202551,80,0.58,,,state,nssp
4431,nm,pct_ed_visits_covid,202423,202551,80,1.21,,,state,nssp
4432,nv,pct_ed_visits_covid,202423,202551,80,0.76,,,state,nssp
4433,ny,pct_ed_visits_covid,202423,202551,80,0.58,,,state,nssp
4434,oh,pct_ed_visits_covid,202423,202551,80,0.28,,,state,nssp
4435,ok,pct_ed_visits_covid,202423,202551,80,0.2,,,state,nssp
4436,or,pct_ed_visits_covid,202423,202551,80,0.87,,,state,nssp
4437,pa,pct_ed_visits_covid,202423,202551,80,0.28,,,state,nssp
4438,ri,pct_ed_visits_covid,202423,202551,80,0.47,,,state,nssp
4439,sc,pct_ed_visits_covid,202423,202551,80,0.42,,,state,nssp
4440,sd,pct_ed_visits_covid,202423,202551,80,0.35,,,state,nssp
4441,tn,pct_ed_visits_covid,202423,202551,80,0.31,,,state,nssp
4442,tx,pct_ed_visits_covid,202423,202551,80,0.58,,,state,nssp
4443,ut,pct_ed_visits_covid,202423,202551,80,0.74,,,state,nssp
4444,va,pct_ed_visits_covid,202423,202551,80,0.56,,,state,nssp
4445,vt,pct_ed_visits_covid,202423,202551,80,0.52,,,state,nssp
4446,wa,pct_ed_visits_covid,202423,202551,80,1.09,,,state,nssp
4447,wi,pct_ed_visits_covid,202423,202551,80,0.32,,,state,nssp
4448,wv,pct_ed_visits_covid,202423,202551,80,0.39,,,state,nssp
4449,wy,pct_ed_visits_covid,202423,202551,80,0.83,,,state,nssp
4450,ak,pct_ed_visits_covid,202424,202551,79,1.34,,,state,nssp
4451,al,pct_ed_visits_covid,202424,202551,79,0.5,,,state,nssp
4452,ar,pct_ed_visits_covid,202424,202551,79,0.38,,,state,nssp
4453,az,pct_ed_visits_covid,202424,202551,79,1.39,,,state,nssp
4454,ca,pct_ed_visits_covid,202424,202551,79,0.94,,,state,nssp
4455,co,pct_ed_visits_covid,202424,202551,79,0.71,,,state,nssp
4456,ct,pct_ed_visits_covid,202424,202551,79,0.71,,,state,nssp
4457,dc,pct_ed_visits_covid,202424,202551,79,0.68,,,state,nssp
4458,de,pct_ed_visits_covid,202424,202551,79,0.47,,,state,nssp
4459,fl,pct_ed_visits_covid,202424,202551,79,1.39,,,state,nssp
4460,ga,pct_ed_visits_covid,202424,202551,79,0.26,,,state,nssp
4461,hi,pct_ed_visits_covid,202424,202551,79,4.69,,,state,nssp
4462,ia,pct_ed_visits_covid,202424,202551,79,0.29,,,state,nssp
4463,id,pct_ed_visits_covid,202424,202551,79,0.54,,,state,nssp
4464,il,pct_ed_visits_covid,202424,202551,79,0.52,,,state,nssp
4465,in,pct_ed_visits_covid,202424,202551,79,0.33,,,state,nssp
4466,ks,pct_ed_visits_covid,202424,202551,79,0.29,,,state,nssp
4467,ky,pct_ed_visits_covid,202424,202551,79,0.47,,,state,nssp
4468,la,pct_ed_visits_covid,202424,202551,79,0.61,,,state,nssp
4469,ma,pct_ed_visits_covid,202424,202551,79,0.68,,,state,nssp
4470,md,pct_ed_visits_covid,202424,202551,79,0.61,,,state,nssp
4471,me,pct_ed_visits_covid,202424,202551,79,0.66,,,state,nssp
4472,mi,pct_ed_visits_covid,202424,202551,79,0.35,,,state,nssp
4473,mn,pct_ed_visits_covid,202424,202551,79,0.66,,,state,nssp
4474,ms,pct_ed_visits_covid,202424,202551,79,0.44,,,state,nssp
4475,mt,pct_ed_visits_covid,202424,202551,79,0.77,,,state,nssp
4476,nc,pct_ed_visits_covid,202424,202551,79,0.54,,,state,nssp
4477,nd,pct_ed_visits_covid,202424,202551,79,0.37,,,state,nssp
4478,ne,pct_ed_visits_covid,202424,202551,79,0.18,,,state,nssp
4479,nh,pct_ed_visits_covid,202424,202551,79,0.44,,,state,nssp
4480,nj,pct_ed_visits_covid,202424,202551,79,0.64,,,state,nssp
4481,nm,pct_ed_visits_covid,202424,202551,79,1.4,,,state,nssp
4482,nv,pct_ed_visits_covid,202424,202551,79,0.79,,,state,nssp
4483,ny,pct_ed_visits_covid,202424,202551,79,0.68,,,state,nssp
4484,oh,pct_ed_visits_covid,202424,202551,79,0.34,,,state,nssp
4485,ok,pct_ed_visits_covid,202424,202551,79,0.33,,,state,nssp
4486,or,pct_ed_visits_covid,202424,202551,79,1.24,,,state,nssp
4487,pa,pct_ed_visits_covid,202424,202551,79,0.33,,,state,nssp
4488,ri,pct_ed_visits_covid,202424,202551,79,0.44,,,state,nssp
4489,sc,pct_ed_visits_covid,202424,202551,79,0.54,,,state,nssp
4490,sd,pct_ed_visits_covid,202424,202551,79,0.55,,,state,nssp
4491,tn,pct_ed_visits_covid,202424,202551,79,0.38,,,state,nssp
4492,tx,pct_ed_visits_covid,202424,202551,79,0.74,,,state,nssp
4493,ut,pct_ed_visits_covid,202424,202551,79,0.81,,,state,nssp
4494,va,pct_ed_visits_covid,202424,202551,79,0.57,,,state,nssp
4495,vt,pct_ed_visits_covid,202424,202551,79,0.55,,,state,nssp
4496,wa,pct_ed_visits_covid,202424,202551,79,1.37,,,state,nssp
4497,wi,pct_ed_visits_covid,202424,202551,79,0.44,,,state,nssp
4498,wv,pct_ed_visits_covid,202424,202551,79,0.39,,,state,nssp
4499,wy,pct_ed_visits_covid,202424,202551,79,0.68,,,state,nssp
4500,ak,pct_ed_visits_covid,202425,202551,78,1.62,,,state,nssp
4501,al,pct_ed_visits_covid,202425,202551,78,0.65,,,state,nssp
4502,ar,pct_ed_visits_covid,202425,202551,78,0.48,,,state,nssp
4503,az,pct_ed_visits_covid,202425,202551,78,1.76,,,state,nssp
4504,ca,pct_ed_visits_covid,202425,202551,78,1.17,,,state,nssp
4505,co,pct_ed_visits_covid,202425,202551,78,0.88,,,state,nssp
4506,ct,pct_ed_visits_covid,202425,202551,78,0.86,,,state,nssp
4507,dc,pct_ed_visits_covid,202425,202551,78,0.67,,,state,nssp
4508,de,pct_ed_visits_covid,202425,202551,78,0.62,,,state,nssp
4509,fl,pct_ed_visits_covid,202425,202551,78,1.93,,,state,nssp
4510,ga,pct_ed_visits_covid,202425,202551,78,0.4,,,state,nssp
4511,hi,pct_ed_visits_covid,202425,202551,78,5.08,,,state,nssp
4512,ia,pct_ed_visits_covid,202425,202551,78,0.39,,,state,nssp
4513,id,pct_ed_visits_covid,202425,202551,78,0.88,,,state,nssp
4514,il,pct_ed_visits_covid,202425,202551,78,0.61,,,state,nssp
4515,in,pct_ed_visits_covid,202425,202551,78,0.43,,,state,nssp
4516,ks,pct_ed_visits_covid,202425,202551,78,0.34,,,state,nssp
4517,ky,pct_ed_visits_covid,202425,202551,78,0.6,,,state,nssp
4518,la,pct_ed_visits_covid,202425,202551,78,0.91,,,state,nssp
4519,ma,pct_ed_visits_covid,202425,202551,78,0.86,,,state,nssp
4520,md,pct_ed_visits_covid,202425,202551,78,0.8,,,state,nssp
4521,me,pct_ed_visits_covid,202425,202551,78,0.62,,,state,nssp
4522,mi,pct_ed_visits_covid,202425,202551,78,0.44,,,state,nssp
4523,mn,pct_ed_visits_covid,202425,202551,78,0.76,,,state,nssp
4524,ms,pct_ed_visits_covid,202425,202551,78,0.51,,,state,nssp
4525,mt,pct_ed_visits_covid,202425,202551,78,0.82,,,state,nssp
4526,nc,pct_ed_visits_covid,202425,202551,78,0.67,,,state,nssp
4527,nd,pct_ed_visits_covid,202425,202551,78,0.2,,,state,nssp
4528,ne,pct_ed_visits_covid,202425,202551,78,0.35,,,state,nssp
4529,nh,pct_ed_visits_covid,202425,202551,78,0.55,,,state,nssp
4530,nj,pct_ed_visits_covid,202425,202551,78,0.75,,,state,nssp
4531,nm,pct_ed_visits_covid,202425,202551,78,1.8,,,state,nssp
4532,nv,pct_ed_visits_covid,202425,202551,78,1.01,,,state,nssp
4533,ny,pct_ed_visits_covid,202425,202551,78,0.89,,,state,nssp
4534,oh,pct_ed_visits_covid,202425,202551,78,0.43,,,state,nssp
4535,ok,pct_ed_visits_covid,202425,202551,78,0.45,,,state,nssp
4536,or,pct_ed_visits_covid,202425,202551,78,1.5,,,state,nssp
4537,pa,pct_ed_visits_covid,202425,202551,78,0.43,,,state,nssp
4538,ri,pct_ed_visits_covid,202425,202551,78,0.63,,,state,nssp
4539,sc,pct_ed_visits_covid,202425,202551,78,0.65,,,state,nssp
4540,sd,pct_ed_visits_covid,202425,202551,78,0.6,,,state,nssp
4541,tn,pct_ed_visits_covid,202425,202551,78,0.47,,,state,nssp
4542,tx,pct_ed_visits_covid,202425,202551,78,0.98,,,state,nssp
4543,ut,pct_ed_visits_covid,202425,202551,78,0.93,,,state,nssp
4544,va,pct_ed_visits_covid,202425,202551,78,0.79,,,state,nssp
4545,vt,pct_ed_visits_covid,202425,202551,78,0.53,,,state,nssp
4546,wa,pct_ed_visits_covid,202425,202551,78,1.65,,,state,nssp
4547,wi,pct_ed_visits_covid,202425,202551,78,0.62,,,state,nssp
4548,wv,pct_ed_visits_covid,202425,202551,78,0.54,,,state,nssp
4549,wy,pct_ed_visits_covid,202425,202551,78,0.71,,,state,nssp
4550,ak,pct_ed_visits_covid,202426,202551,77,1.51,,,state,nssp
4551,al,pct_ed_visits_covid,202426,202551,77,0.87,,,state,nssp
4552,ar,pct_ed_visits_covid,202426,202551,77,0.58,,,state,nssp
4553,az,pct_ed_visits_covid,202426,202551,77,1.81,,,state,nssp
4554,ca,pct_ed_visits_covid,202426,202551,77,1.46,,,state,nssp
4555,co,pct_ed_visits_covid,202426,202551,77,0.95,,,state,nssp
4556,ct,pct_ed_visits_covid,202426,202551,77,0.92,,,state,nssp
4557,dc,pct_ed_visits_covid,202426,202551,77,1.06,,,state,nssp
4558,de,pct_ed_visits_covid,202426,202551,77,0.84,,,state,nssp
4559,fl,pct_ed_visits_covid,202426,202551,77,2.45,,,state,nssp
4560,ga,pct_ed_visits_covid,202426,202551,77,0.57,,,state,nssp
4561,hi,pct_ed_visits_covid,202426,202551,77,4.36,,,state,nssp
4562,ia,pct_ed_visits_covid,202426,202551,77,0.45,,,state,nssp
4563,id,pct_ed_visits_covid,202426,202551,77,0.94,,,state,nssp
4564,il,pct_ed_visits_covid,202426,202551,77,0.81,,,state,nssp
4565,in,pct_ed_visits_covid,202426,202551,77,0.57,,,state,nssp
4566,ks,pct_ed_visits_covid,202426,202551,77,0.47,,,state,nssp
4567,ky,pct_ed_visits_covid,202426,202551,77,0.82,,,state,nssp
4568,la,pct_ed_visits_covid,202426,202551,77,1.2,,,state,nssp
4569,ma,pct_ed_visits_covid,202426,202551,77,0.99,,,state,nssp
4570,md,pct_ed_visits_covid,202426,202551,77,0.87,,,state,nssp
4571,me,pct_ed_visits_covid,202426,202551,77,0.63,,,state,nssp
4572,mi,pct_ed_visits_covid,202426,202551,77,0.53,,,state,nssp
4573,mn,pct_ed_visits_covid,202426,202551,77,0.97,,,state,nssp
4574,ms,pct_ed_visits_covid,202426,202551,77,0.67,,,state,nssp
4575,mt,pct_ed_visits_covid,202426,202551,77,0.92,,,state,nssp
4576,nc,pct_ed_visits_covid,202426,202551,77,0.91,,,state,nssp
4577,nd,pct_ed_visits_covid,202426,202551,77,0.55,,,state,nssp
4578,ne,pct_ed_visits_covid,202426,202551,77,0.53,,,state,nssp
4579,nh,pct_ed_visits_covid,202426,202551,77,0.8,,,state,nssp
4580,nj,pct_ed_visits_covid,202426,202551,77,0.83,,,state,nssp
4581,nm,pct_ed_visits_covid,202426,202551,77,1.62,,,state,nssp
4582,nv,pct_ed_visits_covid,202426,202551,77,1.15,,,state,nssp
4583,ny,pct_ed_visits_covid,202426,202551,77,0.93,,,state,nssp
4584,oh,pct_ed_visits_covid,202426,202551,77,0.52,,,state,nssp
4585,ok,pct_ed_visits_covid,202426,202551,77,0.49,,,state,nssp
4586,or,pct_ed_visits_covid,202426,202551,77,1.69,,,state,nssp
4587,pa,pct_ed_visits_covid,202426,202551,77,0.49,,,state,nssp
4588,ri,pct_ed_visits_covid,202426,202551,77,0.53,,,state,nssp
4589,sc,pct_ed_visits_covid,202426,202551,77,0.86,,,state,nssp
4590,sd,pct_ed_visits_covid,202426,202551,77,0.75,,,state,nssp
4591,tn,pct_ed_visits_covid,202426,202551,77,0.66,,,state,nssp
4592,tx,pct_ed_visits_covid,202426,202551,77,1.34,,,state,nssp
4593,ut,pct_ed_visits_covid,202426,202551,77,0.93,,,state,nssp
4594,va,pct_ed_visits_covid,202426,202551,77,0.96,,,state,nssp
4595,vt,pct_ed_visits_covid,202426,202551,77,0.85,,,state,nssp
4596,wa,pct_ed_visits_covid,202426,202551,77,1.81,,,state,nssp
4597,wi,pct_ed_visits_covid,202426,202551,77,0.69,,,state,nssp
4598,wv,pct_ed_visits_covid,202426,202551,77,0.58,,,state,nssp
4599,wy,pct_ed_visits_covid,202426,202551,77,1.08,,,state,nssp
4600,ak,pct_ed_visits_covid,202427,202551,76,1.81,,,state,nssp
4601,al,pct_ed_visits_covid,202427,202551,76,1.15,,,state,nssp
4602,ar,pct_ed_visits_covid,202427,202551,76,0.8,,,state,nssp
4603,az,pct_ed_visits_covid,202427,202551,76,1.79,,,state,nssp
4604,ca,pct_ed_visits_covid,202427,202551,76,1.73,,,state,nssp
4605,co,pct_ed_visits_covid,202427,202551,76,1.17,,,state,nssp
4606,ct,pct_ed_visits_covid,202427,202551,76,1.25,,,state,nssp
4607,dc,pct_ed_visits_covid,202427,202551,76,1.49,,,state,nssp
4608,de,pct_ed_visits_covid,202427,202551,76,0.86,,,state,nssp
4609,fl,pct_ed_visits_covid,202427,202551,76,3.23,,,state,nssp
4610,ga,pct_ed_visits_covid,202427,202551,76,0.78,,,state,nssp
4611,hi,pct_ed_visits_covid,202427,202551,76,4.03,,,state,nssp
4612,ia,pct_ed_visits_covid,202427,202551,76,0.7,,,state,nssp
4613,id,pct_ed_visits_covid,202427,202551,76,1.37,,,state,nssp
4614,il,pct_ed_visits_covid,202427,202551,76,1.11,,,state,nssp
4615,in,pct_ed_visits_covid,202427,202551,76,0.78,,,state,nssp
4616,ks,pct_ed_visits_covid,202427,202551,76,0.6,,,state,nssp
4617,ky,pct_ed_visits_covid,202427,202551,76,1.12,,,state,nssp
4618,la,pct_ed_visits_covid,202427,202551,76,1.77,,,state,nssp
4619,ma,pct_ed_visits_covid,202427,202551,76,1.35,,,state,nssp
4620,md,pct_ed_visits_covid,202427,202551,76,1.17,,,state,nssp
4621,me,pct_ed_visits_covid,202427,202551,76,0.9,,,state,nssp
4622,mi,pct_ed_visits_covid,202427,202551,76,0.76,,,state,nssp
4623,mn,pct_ed_visits_covid,202427,202551,76,1.18,,,state,nssp
4624,ms,pct_ed_visits_covid,202427,202551,76,1.32,,,state,nssp
4625,mt,pct_ed_visits_covid,202427,202551,76,1.45,,,state,nssp
4626,nc,pct_ed_visits_covid,202427,202551,76,1.14,,,state,nssp
4627,nd,pct_ed_visits_covid,202427,202551,76,0.6,,,state,nssp
4628,ne,pct_ed_visits_covid,202427,202551,76,0.49,,,state,nssp
4629,nh,pct_ed_visits_covid,202427,202551,76,1.04,,,state,nssp
4630,nj,pct_ed_visits_covid,202427,202551,76,0.97,,,state,nssp
4631,nm,pct_ed_visits_covid,202427,202551,76,1.68,,,state,nssp
4632,nv,pct_ed_visits_covid,202427,202551,76,1.3,,,state,nssp
4633,ny,pct_ed_visits_covid,202427,202551,76,1.12,,,state,nssp
4634,oh,pct_ed_visits_covid,202427,202551,76,0.69,,,state,nssp
4635,ok,pct_ed_visits_covid,202427,202551,76,0.7,,,state,nssp
4636,or,pct_ed_visits_covid,202427,202551,76,1.76,,,state,nssp
4637,pa,pct_ed_visits_covid,202427,202551,76,0.6,,,state,nssp
4638,ri,pct_ed_visits_covid,202427,202551,76,0.91,,,state,nssp
4639,sc,pct_ed_visits_covid,202427,202551,76,1.23,,,state,nssp
4640,sd,pct_ed_visits_covid,202427,202551,76,1.01,,,state,nssp
4641,tn,pct_ed_visits_covid,202427,202551,76,0.84,,,state,nssp
4642,tx,pct_ed_visits_covid,202427,202551,76,1.89,,,state,nssp
4643,ut,pct_ed_visits_covid,202427,202551,76,1.21,,,state,nssp
4644,va,pct_ed_visits_covid,202427,202551,76,1.32,,,state,nssp
4645,vt,pct_ed_visits_covid,202427,202551,76,0.96,,,state,nssp
4646,wa,pct_ed_visits_covid,202427,202551,76,1.91,,,state,nssp
4647,wi,pct_ed_visits_covid,202427,202551,76,0.94,,,state,nssp
4648,wv,pct_ed_visits_covid,202427,202551,76,0.72,,,state,nssp
4649,wy,pct_ed_visits_covid,202427,202551,76,0.0,,,state,nssp
4650,ak,pct_ed_visits_covid,202428,202551,75,2.15,,,state,nssp
4651,al,pct_ed_visits_covid,202428,202551,75,1.59,,,state,nssp
4652,ar,pct_ed_visits_covid,202428,202551,75,1.21,,,state,nssp
4653,az,pct_ed_visits_covid,202428,202551,75,1.91,,,state,nssp
4654,ca,pct_ed_visits_covid,202428,202551,75,2.03,,,state,nssp
4655,co,pct_ed_visits_covid,202428,202551,75,1.46,,,state,nssp
4656,ct,pct_ed_visits_covid,202428,202551,75,1.35,,,state,nssp
4657,dc,pct_ed_visits_covid,202428,202551,75,1.57,,,state,nssp
4658,de,pct_ed_visits_covid,202428,202551,75,1.04,,,state,nssp
4659,fl,pct_ed_visits_covid,202428,202551,75,3.89,,,state,nssp
4660,ga,pct_ed_visits_covid,202428,202551,75,1.1,,,state,nssp
4661,hi,pct_ed_visits_covid,202428,202551,75,3.44,,,state,nssp
4662,ia,pct_ed_visits_covid,202428,202551,75,0.81,,,state,nssp
4663,id,pct_ed_visits_covid,202428,202551,75,1.54,,,state,nssp
4664,il,pct_ed_visits_covid,202428,202551,75,1.2,,,state,nssp
4665,in,pct_ed_visits_covid,202428,202551,75,0.95,,,state,nssp
4666,ks,pct_ed_visits_covid,202428,202551,75,0.72,,,state,nssp
4667,ky,pct_ed_visits_covid,202428,202551,75,1.38,,,state,nssp
4668,la,pct_ed_visits_covid,202428,202551,75,2.32,,,state,nssp
4669,ma,pct_ed_visits_covid,202428,202551,75,1.58,,,state,nssp
4670,md,pct_ed_visits_covid,202428,202551,75,1.44,,,state,nssp
4671,me,pct_ed_visits_covid,202428,202551,75,1.1,,,state,nssp
4672,mi,pct_ed_visits_covid,202428,202551,75,0.83,,,state,nssp
4673,mn,pct_ed_visits_covid,202428,202551,75,1.43,,,state,nssp
4674,ms,pct_ed_visits_covid,202428,202551,75,1.74,,,state,nssp
4675,mt,pct_ed_visits_covid,202428,202551,75,1.77,,,state,nssp
4676,nc,pct_ed_visits_covid,202428,202551,75,1.51,,,state,nssp
4677,nd,pct_ed_visits_covid,202428,202551,75,0.65,,,state,nssp
4678,ne,pct_ed_visits_covid,202428,202551,75,0.74,,,state,nssp
4679,nh,pct_ed_visits_covid,202428,202551,75,1.14,,,state,nssp
4680,nj,pct_ed_visits_covid,202428,202551,75,1.25,,,state,nssp
4681,nm,pct_ed_visits_covid,202428,202551,75,1.92,,,state,nssp
4682,nv,pct_ed_visits_covid,202428,202551,75,1.62,,,state,nssp
4683,ny,pct_ed_visits_covid,202428,202551,75,1.18,,,state,nssp
4684,oh,pct_ed_visits_covid,202428,202551,75,0.9,,,state,nssp
4685,ok,pct_ed_visits_covid,202428,202551,75,0.99,,,state,nssp
4686,or,pct_ed_visits_covid,202428,202551,75,1.91,,,state,nssp
4687,pa,pct_ed_visits_covid,202428,202551,75,0.78,,,state,nssp
4688,ri,pct_ed_visits_covid,202428,202551,75,0.98,,,state,nssp
4689,sc,pct_ed_visits_covid,202428,202551,75,1.56,,,state,nssp
4690,sd,pct_ed_visits_covid,202428,202551,75,0.91,,,state,nssp
4691,tn,pct_ed_visits_covid,202428,202551,75,1.12,,,state,nssp
4692,tx,pct_ed_visits_covid,202428,202551,75,2.39,,,state,nssp
4693,ut,pct_ed_visits_covid,202428,202551,75,1.47,,,state,nssp
4694,va,pct_ed_visits_covid,202428,202551,75,1.5,,,state,nssp
4695,vt,pct_ed_visits_covid,202428,202551,75,0.97,,,state,nssp
4696,wa,pct_ed_visits_covid,202428,202551,75,1.94,,,state,nssp
4697,wi,pct_ed_visits_covid,202428,202551,75,1.02,,,state,nssp
4698,wv,pct_ed_visits_covid,202428,202551,75,0.89,,,state,nssp
4699,wy,pct_ed_visits_covid,202428,202551,75,0.0,,,state,nssp
4700,ak,pct_ed_visits_covid,202429,202551,74,2.57,,,state,nssp
4701,al,pct_ed_visits_covid,202429,202551,74,2.1,,,state,nssp
4702,ar,pct_ed_visits_covid,202429,202551,74,1.45,,,state,nssp
4703,az,pct_ed_visits_covid,202429,202551,74,2.09,,,state,nssp
4704,ca,pct_ed_visits_covid,202429,202551,74,2.26,,,state,nssp
4705,co,pct_ed_visits_covid,202429,202551,74,1.61,,,state,nssp
4706,ct,pct_ed_visits_covid,202429,202551,74,1.66,,,state,nssp
4707,dc,pct_ed_visits_covid,202429,202551,74,2.01,,,state,nssp
4708,de,pct_ed_visits_covid,202429,202551,74,1.56,,,state,nssp
4709,fl,pct_ed_visits_covid,202429,202551,74,4.32,,,state,nssp
4710,ga,pct_ed_visits_covid,202429,202551,74,1.45,,,state,nssp
4711,hi,pct_ed_visits_covid,202429,202551,74,3.65,,,state,nssp
4712,ia,pct_ed_visits_covid,202429,202551,74,1.17,,,state,nssp
4713,id,pct_ed_visits_covid,202429,202551,74,1.51,,,state,nssp
4714,il,pct_ed_visits_covid,202429,202551,74,1.51,,,state,nssp
4715,in,pct_ed_visits_covid,202429,202551,74,1.19,,,state,nssp
4716,ks,pct_ed_visits_covid,202429,202551,74,1.11,,,state,nssp
4717,ky,pct_ed_visits_covid,202429,202551,74,1.78,,,state,nssp
4718,la,pct_ed_visits_covid,202429,202551,74,2.92,,,state,nssp
4719,ma,pct_ed_visits_covid,202429,202551,74,1.57,,,state,nssp
4720,md,pct_ed_visits_covid,202429,202551,74,1.66,,,state,nssp
4721,me,pct_ed_visits_covid,202429,202551,74,1.43,,,state,nssp
4722,mi,pct_ed_visits_covid,202429,202551,74,1.06,,,state,nssp
4723,mn,pct_ed_visits_covid,202429,202551,74,1.63,,,state,nssp
4724,ms,pct_ed_visits_covid,202429,202551,74,2.17,,,state,nssp
4725,mt,pct_ed_visits_covid,202429,202551,74,1.56,,,state,nssp
4726,nc,pct_ed_visits_covid,202429,202551,74,1.92,,,state,nssp
4727,nd,pct_ed_visits_covid,202429,202551,74,0.77,,,state,nssp
4728,ne,pct_ed_visits_covid,202429,202551,74,0.9,,,state,nssp
4729,nh,pct_ed_visits_covid,202429,202551,74,1.3,,,state,nssp
4730,nj,pct_ed_visits_covid,202429,202551,74,1.41,,,state,nssp
4731,nm,pct_ed_visits_covid,202429,202551,74,2.31,,,state,nssp
4732,nv,pct_ed_visits_covid,202429,202551,74,1.63,,,state,nssp
4733,ny,pct_ed_visits_covid,202429,202551,74,1.26,,,state,nssp
4734,oh,pct_ed_visits_covid,202429,202551,74,1.1,,,state,nssp
4735,ok,pct_ed_visits_covid,202429,202551,74,1.32,,,state,nssp
4736,or,pct_ed_visits_covid,202429,202551,74,2.04,,,state,nssp
4737,pa,pct_ed_visits_covid,202429,202551,74,0.97,,,state,nssp
4738,ri,pct_ed_visits_covid,202429,202551,74,1.18,,,state,nssp
4739,sc,pct_ed_visits_covid,202429,202551,74,2.06,,,state,nssp
4740,sd,pct_ed_visits_covid,202429,202551,74,1.04,,,state,nssp
4741,tn,pct_ed_visits_covid,202429,202551,74,1.42,,,state,nssp
4742,tx,pct_ed_visits_covid,202429,202551,74,3.25,,,state,nssp
4743,ut,pct_ed_visits_covid,202429,202551,74,1.62,,,state,nssp
4744,va,pct_ed_visits_covid,202429,202551,74,1.89,,,state,nssp
4745,vt,pct_ed_visits_covid,202429,202551,74,1.07,,,state,nssp
4746,wa,pct_ed_visits_covid,202429,202551,74,2.04,,,state,nssp
4747,wi,pct_ed_visits_covid,202429,202551,74,1.46,,,state,nssp
4748,wv,pct_ed_visits_covid,202429,202551,74,1.04,,,state,nssp
4749,wy,pct_ed_visits_covid,202429,202551,74,0.0,,,state,nssp
4750,ak,pct_ed_visits_covid,202430,202551,73,2.87,,,state,nssp
4751,al,pct_ed_visits_covid,202430,202551,73,2.82,,,state,nssp
4752,ar,pct_ed_visits_covid,202430,202551,73,2.08,,,state,nssp
4753,az,pct_ed_visits_covid,202430,202551,73,2.04,,,state,nssp
4754,ca,pct_ed_visits_covid,202430,202551,73,2.4,,,state,nssp
4755,co,pct_ed_visits_covid,202430,202551,73,1.91,,,state,nssp
4756,ct,pct_ed_visits_covid,202430,202551,73,2.11,,,state,nssp
4757,dc,pct_ed_visits_covid,202430,202551,73,2.41,,,state,nssp
4758,de,pct_ed_visits_covid,202430,202551,73,1.95,,,state,nssp
4759,fl,pct_ed_visits_covid,202430,202551,73,4.25,,,state,nssp
4760,ga,pct_ed_visits_covid,202430,202551,73,1.86,,,state,nssp
4761,hi,pct_ed_visits_covid,202430,202551,73,3.37,,,state,nssp
4762,ia,pct_ed_visits_covid,202430,202551,73,1.73,,,state,nssp
4763,id,pct_ed_visits_covid,202430,202551,73,1.73,,,state,nssp
4764,il,pct_ed_visits_covid,202430,202551,73,1.85,,,state,nssp
4765,in,pct_ed_visits_covid,202430,202551,73,1.7,,,state,nssp
4766,ks,pct_ed_visits_covid,202430,202551,73,1.38,,,state,nssp
4767,ky,pct_ed_visits_covid,202430,202551,73,2.17,,,state,nssp
4768,la,pct_ed_visits_covid,202430,202551,73,3.88,,,state,nssp
4769,ma,pct_ed_visits_covid,202430,202551,73,1.82,,,state,nssp
4770,md,pct_ed_visits_covid,202430,202551,73,2.09,,,state,nssp
4771,me,pct_ed_visits_covid,202430,202551,73,1.52,,,state,nssp
4772,mi,pct_ed_visits_covid,202430,202551,73,1.33,,,state,nssp
4773,mn,pct_ed_visits_covid,202430,202551,73,1.72,,,state,nssp
4774,ms,pct_ed_visits_covid,202430,202551,73,3.05,,,state,nssp
4775,mt,pct_ed_visits_covid,202430,202551,73,1.83,,,state,nssp
4776,nc,pct_ed_visits_covid,202430,202551,73,2.63,,,state,nssp
4777,nd,pct_ed_visits_covid,202430,202551,73,0.91,,,state,nssp
4778,ne,pct_ed_visits_covid,202430,202551,73,1.16,,,state,nssp
4779,nh,pct_ed_visits_covid,202430,202551,73,1.55,,,state,nssp
4780,nj,pct_ed_visits_covid,202430,202551,73,1.79,,,state,nssp
4781,nm,pct_ed_visits_covid,202430,202551,73,2.53,,,state,nssp
4782,nv,pct_ed_visits_covid,202430,202551,73,1.65,,,state,nssp
4783,ny,pct_ed_visits_covid,202430,202551,73,1.38,,,state,nssp
4784,oh,pct_ed_visits_covid,202430,202551,73,1.43,,,state,nssp
4785,ok,pct_ed_visits_covid,202430,202551,73,1.75,,,state,nssp
4786,or,pct_ed_visits_covid,202430,202551,73,2.47,,,state,nssp
4787,pa,pct_ed_visits_covid,202430,202551,73,1.23,,,state,nssp
4788,ri,pct_ed_visits_covid,202430,202551,73,1.2,,,state,nssp
4789,sc,pct_ed_visits_covid,202430,202551,73,2.7,,,state,nssp
4790,sd,pct_ed_visits_covid,202430,202551,73,1.21,,,state,nssp
4791,tn,pct_ed_visits_covid,202430,202551,73,1.92,,,state,nssp
4792,tx,pct_ed_visits_covid,202430,202551,73,3.69,,,state,nssp
4793,ut,pct_ed_visits_covid,202430,202551,73,1.66,,,state,nssp
4794,va,pct_ed_visits_covid,202430,202551,73,2.39,,,state,nssp
4795,vt,pct_ed_visits_covid,202430,202551,73,1.45,,,state,nssp
4796,wa,pct_ed_visits_covid,202430,202551,73,2.21,,,state,nssp
4797,wi,pct_ed_visits_covid,202430,202551,73,1.8,,,state,nssp
4798,wv,pct_ed_visits_covid,202430,202551,73,1.42,,,state,nssp
4799,wy,pct_ed_visits_covid,202430,202551,73,0.0,,,state,nssp
4800,ak,pct_ed_visits_covid,202431,202551,72,2.44,,,state,nssp
4801,al,pct_ed_visits_covid,202431,202551,72,3.47,,,state,nssp
4802,ar,pct_ed_visits_covid,202431,202551,72,2.57,,,state,nssp
4803,az,pct_ed_visits_covid,202431,202551,72,1.93,,,state,nssp
4804,ca,pct_ed_visits_covid,202431,202551,72,2.66,,,state,nssp
4805,co,pct_ed_visits_covid,202431,202551,72,2.01,,,state,nssp
4806,ct,pct_ed_visits_covid,202431,202551,72,2.11,,,state,nssp
4807,dc,pct_ed_visits_covid,202431,202551,72,2.43,,,state,nssp
4808,de,pct_ed_visits_covid,202431,202551,72,2.31,,,state,nssp
4809,fl,pct_ed_visits_covid,202431,202551,72,3.93,,,state,nssp
4810,ga,pct_ed_visits_covid,202431,202551,72,2.21,,,state,nssp
4811,hi,pct_ed_visits_covid,202431,202551,72,2.58,,,state,nssp
4812,ia,pct_ed_visits_covid,202431,202551,72,2.05,,,state,nssp
4813,id,pct_ed_visits_covid,202431,202551,72,2.08,,,state,nssp
4814,il,pct_ed_visits_covid,202431,202551,72,2.06,,,state,nssp
4815,in,pct_ed_visits_covid,202431,202551,72,2.01,,,state,nssp
4816,ks,pct_ed_visits_covid,202431,202551,72,1.71,,,state,nssp
4817,ky,pct_ed_visits_covid,202431,202551,72,2.85,,,state,nssp
4818,la,pct_ed_visits_covid,202431,202551,72,4.1,,,state,nssp
4819,ma,pct_ed_visits_covid,202431,202551,72,2.04,,,state,nssp
4820,md,pct_ed_visits_covid,202431,202551,72,2.43,,,state,nssp
4821,me,pct_ed_visits_covid,202431,202551,72,1.81,,,state,nssp
4822,mi,pct_ed_visits_covid,202431,202551,72,1.53,,,state,nssp
4823,mn,pct_ed_visits_covid,202431,202551,72,1.9,,,state,nssp
4824,ms,pct_ed_visits_covid,202431,202551,72,3.99,,,state,nssp
4825,mt,pct_ed_visits_covid,202431,202551,72,1.79,,,state,nssp
4826,nc,pct_ed_visits_covid,202431,202551,72,3.47,,,state,nssp
4827,nd,pct_ed_visits_covid,202431,202551,72,1.02,,,state,nssp
4828,ne,pct_ed_visits_covid,202431,202551,72,1.28,,,state,nssp
4829,nh,pct_ed_visits_covid,202431,202551,72,1.71,,,state,nssp
4830,nj,pct_ed_visits_covid,202431,202551,72,1.84,,,state,nssp
4831,nm,pct_ed_visits_covid,202431,202551,72,2.8,,,state,nssp
4832,nv,pct_ed_visits_covid,202431,202551,72,1.53,,,state,nssp
4833,ny,pct_ed_visits_covid,202431,202551,72,1.58,,,state,nssp
4834,oh,pct_ed_visits_covid,202431,202551,72,1.73,,,state,nssp
4835,ok,pct_ed_visits_covid,202431,202551,72,2.02,,,state,nssp
4836,or,pct_ed_visits_covid,202431,202551,72,2.56,,,state,nssp
4837,pa,pct_ed_visits_covid,202431,202551,72,1.46,,,state,nssp
4838,ri,pct_ed_visits_covid,202431,202551,72,1.54,,,state,nssp
4839,sc,pct_ed_visits_covid,202431,202551,72,3.42,,,state,nssp
4840,sd,pct_ed_visits_covid,202431,202551,72,1.07,,,state,nssp
4841,tn,pct_ed_visits_covid,202431,202551,72,2.3,,,state,nssp
4842,tx,pct_ed_visits_covid,202431,202551,72,3.86,,,state,nssp
4843,ut,pct_ed_visits_covid,202431,202551,72,1.83,,,state,nssp
4844,va,pct_ed_visits_covid,202431,202551,72,2.85,,,state,nssp
4845,vt,pct_ed_visits_covid,202431,202551,72,1.72,,,state,nssp
4846,wa,pct_ed_visits_covid,202431,202551,72,2.51,,,state,nssp
4847,wi,pct_ed_visits_covid,202431,202551,72,2.0,,,state,nssp
4848,wv,pct_ed_visits_covid,202431,202551,72,2.0,,,state,nssp
4849,wy,pct_ed_visits_covid,202431,202551,72,0.0,,,state,nssp
4850,ak,pct_ed_visits_covid,202432,202551,71,2.37,,,state,nssp
4851,al,pct_ed_visits_covid,202432,202551,71,4.21,,,state,nssp
4852,ar,pct_ed_visits_covid,202432,202551,71,2.81,,,state,nssp
4853,az,pct_ed_visits_covid,202432,202551,71,2.08,,,state,nssp
4854,ca,pct_ed_visits_covid,202432,202551,71,2.73,,,state,nssp
4855,co,pct_ed_visits_covid,202432,202551,71,2.04,,,state,nssp
4856,ct,pct_ed_visits_covid,202432,202551,71,2.21,,,state,nssp
4857,dc,pct_ed_visits_covid,202432,202551,71,2.22,,,state,nssp
4858,de,pct_ed_visits_covid,202432,202551,71,2.38,,,state,nssp
4859,fl,pct_ed_visits_covid,202432,202551,71,3.32,,,state,nssp
4860,ga,pct_ed_visits_covid,202432,202551,71,2.54,,,state,nssp
4861,hi,pct_ed_visits_covid,202432,202551,71,2.57,,,state,nssp
4862,ia,pct_ed_visits_covid,202432,202551,71,2.26,,,state,nssp
4863,id,pct_ed_visits_covid,202432,202551,71,1.94,,,state,nssp
4864,il,pct_ed_visits_covid,202432,202551,71,2.16,,,state,nssp
4865,in,pct_ed_visits_covid,202432,202551,71,2.34,,,state,nssp
4866,ks,pct_ed_visits_covid,202432,202551,71,2.0,,,state,nssp
4867,ky,pct_ed_visits_covid,202432,202551,71,3.13,,,state,nssp
4868,la,pct_ed_visits_covid,202432,202551,71,4.22,,,state,nssp
4869,ma,pct_ed_visits_covid,202432,202551,71,1.94,,,state,nssp
4870,md,pct_ed_visits_covid,202432,202551,71,2.38,,,state,nssp
4871,me,pct_ed_visits_covid,202432,202551,71,1.97,,,state,nssp
4872,mi,pct_ed_visits_covid,202432,202551,71,1.62,,,state,nssp
4873,mn,pct_ed_visits_covid,202432,202551,71,1.94,,,state,nssp
4874,ms,pct_ed_visits_covid,202432,202551,71,4.47,,,state,nssp
4875,mt,pct_ed_visits_covid,202432,202551,71,1.95,,,state,nssp
4876,nc,pct_ed_visits_covid,202432,202551,71,3.95,,,state,nssp
4877,nd,pct_ed_visits_covid,202432,202551,71,1.61,,,state,nssp
4878,ne,pct_ed_visits_covid,202432,202551,71,1.53,,,state,nssp
4879,nh,pct_ed_visits_covid,202432,202551,71,1.81,,,state,nssp
4880,nj,pct_ed_visits_covid,202432,202551,71,1.77,,,state,nssp
4881,nm,pct_ed_visits_covid,202432,202551,71,2.67,,,state,nssp
4882,nv,pct_ed_visits_covid,202432,202551,71,1.54,,,state,nssp
4883,ny,pct_ed_visits_covid,202432,202551,71,1.45,,,state,nssp
4884,oh,pct_ed_visits_covid,202432,202551,71,1.84,,,state,nssp
4885,ok,pct_ed_visits_covid,202432,202551,71,2.12,,,state,nssp
4886,or,pct_ed_visits_covid,202432,202551,71,2.69,,,state,nssp
4887,pa,pct_ed_visits_covid,202432,202551,71,1.6,,,state,nssp
4888,ri,pct_ed_visits_covid,202432,202551,71,1.58,,,state,nssp
4889,sc,pct_ed_visits_covid,202432,202551,71,3.87,,,state,nssp
4890,sd,pct_ed_visits_covid,202432,202551,71,1.63,,,state,nssp
4891,tn,pct_ed_visits_covid,202432,202551,71,2.56,,,state,nssp
4892,tx,pct_ed_visits_covid,202432,202551,71,3.78,,,state,nssp
4893,ut,pct_ed_visits_covid,202432,202551,71,2.06,,,state,nssp
4894,va,pct_ed_visits_covid,202432,202551,71,3.26,,,state,nssp
4895,vt,pct_ed_visits_covid,202432,202551,71,2.14,,,state,nssp
4896,wa,pct_ed_visits_covid,202432,202551,71,2.36,,,state,nssp
4897,wi,pct_ed_visits_covid,202432,202551,71,2.14,,,state,nssp
4898,wv,pct_ed_visits_covid,202432,202551,71,2.26,,,state,nssp
4899,wy,pct_ed_visits_covid,202432,202551,71,0.0,,,state,nssp
4900,ak,pct_ed_visits_covid,202433,202551,70,2.27,,,state,nssp
4901,al,pct_ed_visits_covid,202433,202551,70,4.5,,,state,nssp
4902,ar,pct_ed_visits_covid,202433,202551,70,2.78,,,state,nssp
4903,az,pct_ed_visits_covid,202433,202551,70,1.99,,,state,nssp
4904,ca,pct_ed_visits_covid,202433,202551,70,2.65,,,state,nssp
4905,co,pct_ed_visits_covid,202433,202551,70,2.0,,,state,nssp
4906,ct,pct_ed_visits_covid,202433,202551,70,2.34,,,state,nssp
4907,dc,pct_ed_visits_covid,202433,202551,70,2.27,,,state,nssp
4908,de,pct_ed_visits_covid,202433,202551,70,2.52,,,state,nssp
4909,fl,pct_ed_visits_covid,202433,202551,70,2.82,,,state,nssp
4910,ga,pct_ed_visits_covid,202433,202551,70,2.72,,,state,nssp
4911,hi,pct_ed_visits_covid,202433,202551,70,2.33,,,state,nssp
4912,ia,pct_ed_visits_covid,202433,202551,70,2.61,,,state,nssp
4913,id,pct_ed_visits_covid,202433,202551,70,2.28,,,state,nssp
4914,il,pct_ed_visits_covid,202433,202551,70,2.62,,,state,nssp
4915,in,pct_ed_visits_covid,202433,202551,70,2.75,,,state,nssp
4916,ks,pct_ed_visits_covid,202433,202551,70,2.09,,,state,nssp
4917,ky,pct_ed_visits_covid,202433,202551,70,3.78,,,state,nssp
4918,la,pct_ed_visits_covid,202433,202551,70,3.99,,,state,nssp
4919,ma,pct_ed_visits_covid,202433,202551,70,2.23,,,state,nssp
4920,md,pct_ed_visits_covid,202433,202551,70,2.39,,,state,nssp
4921,me,pct_ed_visits_covid,202433,202551,70,2.32,,,state,nssp
4922,mi,pct_ed_visits_covid,202433,202551,70,1.84,,,state,nssp
4923,mn,pct_ed_visits_covid,202433,202551,70,2.19,,,state,nssp
4924,ms,pct_ed_visits_covid,202433,202551,70,4.37,,,state,nssp
4925,mt,pct_ed_visits_covid,202433,202551,70,1.87,,,state,nssp
4926,nc,pct_ed_visits_covid,202433,202551,70,3.98,,,state,nssp
4927,nd,pct_ed_visits_covid,202433,202551,70,1.4,,,state,nssp
4928,ne,pct_ed_visits_covid,202433,202551,70,1.73,,,state,nssp
4929,nh,pct_ed_visits_covid,202433,202551,70,1.95,,,state,nssp
4930,nj,pct_ed_visits_covid,202433,202551,70,1.81,,,state,nssp
4931,nm,pct_ed_visits_covid,202433,202551,70,3.19,,,state,nssp
4932,nv,pct_ed_visits_covid,202433,202551,70,1.41,,,state,nssp
4933,ny,pct_ed_visits_covid,202433,202551,70,1.49,,,state,nssp
4934,oh,pct_ed_visits_covid,202433,202551,70,2.11,,,state,nssp
4935,ok,pct_ed_visits_covid,202433,202551,70,2.28,,,state,nssp
4936,or,pct_ed_visits_covid,202433,202551,70,2.58,,,state,nssp
4937,pa,pct_ed_visits_covid,202433,202551,70,1.71,,,state,nssp
4938,ri,pct_ed_visits_covid,202433,202551,70,2.04,,,state,nssp
4939,sc,pct_ed_visits_covid,202433,202551,70,4.14,,,state,nssp
4940,sd,pct_ed_visits_covid,202433,202551,70,1.89,,,state,nssp
4941,tn,pct_ed_visits_covid,202433,202551,70,3.03,,,state,nssp
4942,tx,pct_ed_visits_covid,202433,202551,70,3.34,,,state,nssp
4943,ut,pct_ed_visits_covid,202433,202551,70,1.84,,,state,nssp
4944,va,pct_ed_visits_covid,202433,202551,70,3.32,,,state,nssp
4945,vt,pct_ed_visits_covid,202433,202551,70,2.42,,,state,nssp
4946,wa,pct_ed_visits_covid,202433,202551,70,2.31,,,state,nssp
4947,wi,pct_ed_visits_covid,202433,202551,70,2.55,,,state,nssp
4948,wv,pct_ed_visits_covid,202433,202551,70,2.92,,,state,nssp
4949,wy,pct_ed_visits_covid,202433,202551,70,0.0,,,state,nssp
4950,ak,pct_ed_visits_covid,202434,202551,69,1.89,,,state,nssp
4951,al,pct_ed_visits_covid,202434,202551,69,4.43,,,state,nssp
4952,ar,pct_ed_visits_covid,202434,202551,69,2.72,,,state,nssp
4953,az,pct_ed_visits_covid,202434,202551,69,1.97,,,state,nssp
4954,ca,pct_ed_visits_covid,202434,202551,69,2.43,,,state,nssp
4955,co,pct_ed_visits_covid,202434,202551,69,1.91,,,state,nssp
4956,ct,pct_ed_visits_covid,202434,202551,69,2.4,,,state,nssp
4957,dc,pct_ed_visits_covid,202434,202551,69,2.32,,,state,nssp
4958,de,pct_ed_visits_covid,202434,202551,69,2.45,,,state,nssp
4959,fl,pct_ed_visits_covid,202434,202551,69,2.66,,,state,nssp
4960,ga,pct_ed_visits_covid,202434,202551,69,3.25,,,state,nssp
4961,hi,pct_ed_visits_covid,202434,202551,69,2.69,,,state,nssp
4962,ia,pct_ed_visits_covid,202434,202551,69,2.73,,,state,nssp
4963,id,pct_ed_visits_covid,202434,202551,69,2.15,,,state,nssp
4964,il,pct_ed_visits_covid,202434,202551,69,2.65,,,state,nssp
4965,in,pct_ed_visits_covid,202434,202551,69,2.99,,,state,nssp
4966,ks,pct_ed_visits_covid,202434,202551,69,2.12,,,state,nssp
4967,ky,pct_ed_visits_covid,202434,202551,69,4.37,,,state,nssp
4968,la,pct_ed_visits_covid,202434,202551,69,3.88,,,state,nssp
4969,ma,pct_ed_visits_covid,202434,202551,69,2.18,,,state,nssp
4970,md,pct_ed_visits_covid,202434,202551,69,2.21,,,state,nssp
4971,me,pct_ed_visits_covid,202434,202551,69,2.52,,,state,nssp
4972,mi,pct_ed_visits_covid,202434,202551,69,1.96,,,state,nssp
4973,mn,pct_ed_visits_covid,202434,202551,69,2.1,,,state,nssp
4974,ms,pct_ed_visits_covid,202434,202551,69,3.5,,,state,nssp
4975,mt,pct_ed_visits_covid,202434,202551,69,2.09,,,state,nssp
4976,nc,pct_ed_visits_covid,202434,202551,69,3.78,,,state,nssp
4977,nd,pct_ed_visits_covid,202434,202551,69,1.55,,,state,nssp
4978,ne,pct_ed_visits_covid,202434,202551,69,1.61,,,state,nssp
4979,nh,pct_ed_visits_covid,202434,202551,69,2.47,,,state,nssp
4980,nj,pct_ed_visits_covid,202434,202551,69,1.71,,,state,nssp
4981,nm,pct_ed_visits_covid,202434,202551,69,2.94,,,state,nssp
4982,nv,pct_ed_visits_covid,202434,202551,69,1.72,,,state,nssp
4983,ny,pct_ed_visits_covid,202434,202551,69,1.5,,,state,nssp
4984,oh,pct_ed_visits_covid,202434,202551,69,2.26,,,state,nssp
4985,ok,pct_ed_visits_covid,202434,202551,69,2.62,,,state,nssp
4986,or,pct_ed_visits_covid,202434,202551,69,2.56,,,state,nssp
4987,pa,pct_ed_visits_covid,202434,202551,69,1.91,,,state,nssp
4988,ri,pct_ed_visits_covid,202434,202551,69,1.65,,,state,nssp
4989,sc,pct_ed_visits_covid,202434,202551,69,4.36,,,state,nssp
4990,sd,pct_ed_visits_covid,202434,202551,69,2.01,,,state,nssp
4991,tn,pct_ed_visits_covid,202434,202551,69,3.02,,,state,nssp
4992,tx,pct_ed_visits_covid,202434,202551,69,3.36,,,state,nssp
4993,ut,pct_ed_visits_covid,202434,202551,69,2.12,,,state,nssp
4994,va,pct_ed_visits_covid,202434,202551,69,3.31,,,state,nssp
4995,vt,pct_ed_visits_covid,202434,202551,69,2.77,,,state,nssp
4996,wa,pct_ed_visits_covid,202434,202551,69,2.13,,,state,nssp
4997,wi,pct_ed_visits_covid,202434,202551,69,2.47,,,state,nssp
4998,wv,pct_ed_visits_covid,202434,202551,69,3.31,,,state,nssp
4999,wy,pct_ed_visits_covid,202434,202551,69,0.0,,,state,nssp
5000,ak,pct_ed_visits_covid,202435,202551,68,2.04,,,state,nssp
5001,al,pct_ed_visits_covid,202435,202551,68,3.55,,,state,nssp
5002,ar,pct_ed_visits_covid,202435,202551,68,2.78,,,state,nssp
5003,az,pct_ed_visits_covid,202435,202551,68,1.76,,,state,nssp
5004,ca,pct_ed_visits_covid,202435,202551,68,2.24,,,state,nssp
5005,co,pct_ed_visits_covid,202435,202551,68,1.79,,,state,nssp
5006,ct,pct_ed_visits_covid,202435,202551,68,2.18,,,state,nssp
5007,dc,pct_ed_visits_covid,202435,202551,68,2.23,,,state,nssp
5008,de,pct_ed_visits_covid,202435,202551,68,2.39,,,state,nssp
5009,fl,pct_ed_visits_covid,202435,202551,68,2.46,,,state,nssp
5010,ga,pct_ed_visits_covid,202435,202551,68,2.28,,,state,nssp
5011,hi,pct_ed_visits_covid,202435,202551,68,2.0,,,state,nssp
5012,ia,pct_ed_visits_covid,202435,202551,68,2.47,,,state,nssp
5013,id,pct_ed_visits_covid,202435,202551,68,2.47,,,state,nssp
5014,il,pct_ed_visits_covid,202435,202551,68,2.67,,,state,nssp
5015,in,pct_ed_visits_covid,202435,202551,68,2.84,,,state,nssp
5016,ks,pct_ed_visits_covid,202435,202551,68,1.94,,,state,nssp
5017,ky,pct_ed_visits_covid,202435,202551,68,4.24,,,state,nssp
5018,la,pct_ed_visits_covid,202435,202551,68,2.77,,,state,nssp
5019,ma,pct_ed_visits_covid,202435,202551,68,2.04,,,state,nssp
5020,md,pct_ed_visits_covid,202435,202551,68,2.51,,,state,nssp
5021,me,pct_ed_visits_covid,202435,202551,68,2.18,,,state,nssp
5022,mi,pct_ed_visits_covid,202435,202551,68,2.18,,,state,nssp
5023,mn,pct_ed_visits_covid,202435,202551,68,1.99,,,state,nssp
5024,ms,pct_ed_visits_covid,202435,202551,68,2.6,,,state,nssp
5025,mt,pct_ed_visits_covid,202435,202551,68,1.92,,,state,nssp
5026,nc,pct_ed_visits_covid,202435,202551,68,3.61,,,state,nssp
5027,nd,pct_ed_visits_covid,202435,202551,68,1.48,,,state,nssp
5028,ne,pct_ed_visits_covid,202435,202551,68,1.56,,,state,nssp
5029,nh,pct_ed_visits_covid,202435,202551,68,2.26,,,state,nssp
5030,nj,pct_ed_visits_covid,202435,202551,68,1.56,,,state,nssp
5031,nm,pct_ed_visits_covid,202435,202551,68,2.58,,,state,nssp
5032,nv,pct_ed_visits_covid,202435,202551,68,1.76,,,state,nssp
5033,ny,pct_ed_visits_covid,202435,202551,68,1.45,,,state,nssp
5034,oh,pct_ed_visits_covid,202435,202551,68,2.62,,,state,nssp
5035,ok,pct_ed_visits_covid,202435,202551,68,2.47,,,state,nssp
5036,or,pct_ed_visits_covid,202435,202551,68,2.4,,,state,nssp
5037,pa,pct_ed_visits_covid,202435,202551,68,1.95,,,state,nssp
5038,ri,pct_ed_visits_covid,202435,202551,68,1.58,,,state,nssp
5039,sc,pct_ed_visits_covid,202435,202551,68,3.73,,,state,nssp
5040,sd,pct_ed_visits_covid,202435,202551,68,1.78,,,state,nssp
5041,tn,pct_ed_visits_covid,202435,202551,68,2.69,,,state,nssp
5042,tx,pct_ed_visits_covid,202435,202551,68,2.86,,,state,nssp
5043,ut,pct_ed_visits_covid,202435,202551,68,2.17,,,state,nssp
5044,va,pct_ed_visits_covid,202435,202551,68,3.44,,,state,nssp
5045,vt,pct_ed_visits_covid,202435,202551,68,2.65,,,state,nssp
5046,wa,pct_ed_visits_covid,202435,202551,68,2.38,,,state,nssp
5047,wi,pct_ed_visits_covid,202435,202551,68,2.51,,,state,nssp
5048,wv,pct_ed_visits_covid,202435,202551,68,4.26,,,state,nssp
5049,wy,pct_ed_visits_covid,202435,202551,68,0.0,,,state,nssp
5050,ak,pct_ed_visits_covid,202436,202551,67,2.23,,,state,nssp
5051,al,pct_ed_visits_covid,202436,202551,67,2.47,,,state,nssp
5052,ar,pct_ed_visits_covid,202436,202551,67,2.44,,,state,nssp
5053,az,pct_ed_visits_covid,202436,202551,67,1.65,,,state,nssp
5054,ca,pct_ed_visits_covid,202436,202551,67,1.9,,,state,nssp
5055,co,pct_ed_visits_covid,202436,202551,67,1.83,,,state,nssp
5056,ct,pct_ed_visits_covid,202436,202551,67,2.11,,,state,nssp
5057,dc,pct_ed_visits_covid,202436,202551,67,1.7,,,state,nssp
5058,de,pct_ed_visits_covid,202436,202551,67,2.19,,,state,nssp
5059,fl,pct_ed_visits_covid,202436,202551,67,2.02,,,state,nssp
5060,ga,pct_ed_visits_covid,202436,202551,67,1.3,,,state,nssp
5061,hi,pct_ed_visits_covid,202436,202551,67,1.92,,,state,nssp
5062,ia,pct_ed_visits_covid,202436,202551,67,2.69,,,state,nssp
5063,id,pct_ed_visits_covid,202436,202551,67,2.49,,,state,nssp
5064,il,pct_ed_visits_covid,202436,202551,67,2.27,,,state,nssp
5065,in,pct_ed_visits_covid,202436,202551,67,2.07,,,state,nssp
5066,ks,pct_ed_visits_covid,202436,202551,67,2.04,,,state,nssp
5067,ky,pct_ed_visits_covid,202436,202551,67,3.66,,,state,nssp
5068,la,pct_ed_visits_covid,202436,202551,67,2.1,,,state,nssp
5069,ma,pct_ed_visits_covid,202436,202551,67,1.89,,,state,nssp
5070,md,pct_ed_visits_covid,202436,202551,67,2.14,,,state,nssp
5071,me,pct_ed_visits_covid,202436,202551,67,2.38,,,state,nssp
5072,mi,pct_ed_visits_covid,202436,202551,67,2.11,,,state,nssp
5073,mn,pct_ed_visits_covid,202436,202551,67,2.04,,,state,nssp
5074,ms,pct_ed_visits_covid,202436,202551,67,1.91,,,state,nssp
5075,mt,pct_ed_visits_covid,202436,202551,67,2.15,,,state,nssp
5076,nc,pct_ed_visits_covid,202436,202551,67,3.28,,,state,nssp
5077,nd,pct_ed_visits_covid,202436,202551,67,1.67,,,state,nssp
5078,ne,pct_ed_visits_covid,202436,202551,67,1.62,,,state,nssp
5079,nh,pct_ed_visits_covid,202436,202551,67,2.22,,,state,nssp
5080,nj,pct_ed_visits_covid,202436,202551,67,1.4,,,state,nssp
5081,nm,pct_ed_visits_covid,202436,202551,67,2.12,,,state,nssp
5082,nv,pct_ed_visits_covid,202436,202551,67,1.73,,,state,nssp
5083,ny,pct_ed_visits_covid,202436,202551,67,1.43,,,state,nssp
5084,oh,pct_ed_visits_covid,202436,202551,67,2.55,,,state,nssp
5085,ok,pct_ed_visits_covid,202436,202551,67,1.98,,,state,nssp
5086,or,pct_ed_visits_covid,202436,202551,67,2.67,,,state,nssp
5087,pa,pct_ed_visits_covid,202436,202551,67,1.95,,,state,nssp
5088,ri,pct_ed_visits_covid,202436,202551,67,1.37,,,state,nssp
5089,sc,pct_ed_visits_covid,202436,202551,67,2.89,,,state,nssp
5090,sd,pct_ed_visits_covid,202436,202551,67,2.21,,,state,nssp
5091,tn,pct_ed_visits_covid,202436,202551,67,2.04,,,state,nssp
5092,tx,pct_ed_visits_covid,202436,202551,67,2.21,,,state,nssp
5093,ut,pct_ed_visits_covid,202436,202551,67,2.23,,,state,nssp
5094,va,pct_ed_visits_covid,202436,202551,67,2.89,,,state,nssp
5095,vt,pct_ed_visits_covid,202436,202551,67,2.6,,,state,nssp
5096,wa,pct_ed_visits_covid,202436,202551,67,2.39,,,state,nssp
5097,wi,pct_ed_visits_covid,202436,202551,67,2.14,,,state,nssp
5098,wv,pct_ed_visits_covid,202436,202551,67,4.91,,,state,nssp
5099,wy,pct_ed_visits_covid,202436,202551,67,0.0,,,state,nssp
5100,ak,pct_ed_visits_covid,202437,202551,66,1.59,,,state,nssp
5101,al,pct_ed_visits_covid,202437,202551,66,1.79,,,state,nssp
5102,ar,pct_ed_visits_covid,202437,202551,66,1.97,,,state,nssp
5103,az,pct_ed_visits_covid,202437,202551,66,1.35,,,state,nssp
5104,ca,pct_ed_visits_covid,202437,202551,66,1.45,,,state,nssp
5105,co,pct_ed_visits_covid,202437,202551,66,1.62,,,state,nssp
5106,ct,pct_ed_visits_covid,202437,202551,66,2.23,,,state,nssp
5107,dc,pct_ed_visits_covid,202437,202551,66,1.47,,,state,nssp
5108,de,pct_ed_visits_covid,202437,202551,66,1.87,,,state,nssp
5109,fl,pct_ed_visits_covid,202437,202551,66,1.48,,,state,nssp
5110,ga,pct_ed_visits_covid,202437,202551,66,0.87,,,state,nssp
5111,hi,pct_ed_visits_covid,202437,202551,66,1.57,,,state,nssp
5112,ia,pct_ed_visits_covid,202437,202551,66,2.53,,,state,nssp
5113,id,pct_ed_visits_covid,202437,202551,66,2.4,,,state,nssp
5114,il,pct_ed_visits_covid,202437,202551,66,1.95,,,state,nssp
5115,in,pct_ed_visits_covid,202437,202551,66,1.61,,,state,nssp
5116,ks,pct_ed_visits_covid,202437,202551,66,1.61,,,state,nssp
5117,ky,pct_ed_visits_covid,202437,202551,66,2.82,,,state,nssp
5118,la,pct_ed_visits_covid,202437,202551,66,1.28,,,state,nssp
5119,ma,pct_ed_visits_covid,202437,202551,66,1.87,,,state,nssp
5120,md,pct_ed_visits_covid,202437,202551,66,1.82,,,state,nssp
5121,me,pct_ed_visits_covid,202437,202551,66,2.25,,,state,nssp
5122,mi,pct_ed_visits_covid,202437,202551,66,2.22,,,state,nssp
5123,mn,pct_ed_visits_covid,202437,202551,66,1.95,,,state,nssp
5124,ms,pct_ed_visits_covid,202437,202551,66,1.49,,,state,nssp
5125,mt,pct_ed_visits_covid,202437,202551,66,2.38,,,state,nssp
5126,nc,pct_ed_visits_covid,202437,202551,66,2.8,,,state,nssp
5127,nd,pct_ed_visits_covid,202437,202551,66,1.34,,,state,nssp
5128,ne,pct_ed_visits_covid,202437,202551,66,1.24,,,state,nssp
5129,nh,pct_ed_visits_covid,202437,202551,66,2.13,,,state,nssp
5130,nj,pct_ed_visits_covid,202437,202551,66,1.24,,,state,nssp
5131,nm,pct_ed_visits_covid,202437,202551,66,1.78,,,state,nssp
5132,nv,pct_ed_visits_covid,202437,202551,66,1.56,,,state,nssp
5133,ny,pct_ed_visits_covid,202437,202551,66,1.47,,,state,nssp
5134,oh,pct_ed_visits_covid,202437,202551,66,2.38,,,state,nssp
5135,ok,pct_ed_visits_covid,202437,202551,66,1.88,,,state,nssp
5136,or,pct_ed_visits_covid,202437,202551,66,2.37,,,state,nssp
5137,pa,pct_ed_visits_covid,202437,202551,66,1.98,,,state,nssp
5138,ri,pct_ed_visits_covid,202437,202551,66,1.24,,,state,nssp
5139,sc,pct_ed_visits_covid,202437,202551,66,2.07,,,state,nssp
5140,sd,pct_ed_visits_covid,202437,202551,66,2.17,,,state,nssp
5141,tn,pct_ed_visits_covid,202437,202551,66,1.34,,,state,nssp
5142,tx,pct_ed_visits_covid,202437,202551,66,1.46,,,state,nssp
5143,ut,pct_ed_visits_covid,202437,202551,66,1.87,,,state,nssp
5144,va,pct_ed_visits_covid,202437,202551,66,2.25,,,state,nssp
5145,vt,pct_ed_visits_covid,202437,202551,66,3.1,,,state,nssp
5146,wa,pct_ed_visits_covid,202437,202551,66,2.15,,,state,nssp
5147,wi,pct_ed_visits_covid,202437,202551,66,2.25,,,state,nssp
5148,wv,pct_ed_visits_covid,202437,202551,66,4.31,,,state,nssp
5149,wy,pct_ed_visits_covid,202437,202551,66,0.0,,,state,nssp
5150,ak,pct_ed_visits_covid,202438,202551,65,1.46,,,state,nssp
5151,al,pct_ed_visits_covid,202438,202551,65,1.29,,,state,nssp
5152,ar,pct_ed_visits_covid,202438,202551,65,1.18,,,state,nssp
5153,az,pct_ed_visits_covid,202438,202551,65,1.22,,,state,nssp
5154,ca,pct_ed_visits_covid,202438,202551,65,1.03,,,state,nssp
5155,co,pct_ed_visits_covid,202438,202551,65,1.33,,,state,nssp
5156,ct,pct_ed_visits_covid,202438,202551,65,2.29,,,state,nssp
5157,dc,pct_ed_visits_covid,202438,202551,65,1.08,,,state,nssp
5158,de,pct_ed_visits_covid,202438,202551,65,1.85,,,state,nssp
5159,fl,pct_ed_visits_covid,202438,202551,65,1.16,,,state,nssp
5160,ga,pct_ed_visits_covid,202438,202551,65,0.57,,,state,nssp
5161,hi,pct_ed_visits_covid,202438,202551,65,1.59,,,state,nssp
5162,ia,pct_ed_visits_covid,202438,202551,65,2.06,,,state,nssp
5163,id,pct_ed_visits_covid,202438,202551,65,2.13,,,state,nssp
5164,il,pct_ed_visits_covid,202438,202551,65,1.45,,,state,nssp
5165,in,pct_ed_visits_covid,202438,202551,65,1.16,,,state,nssp
5166,ks,pct_ed_visits_covid,202438,202551,65,1.42,,,state,nssp
5167,ky,pct_ed_visits_covid,202438,202551,65,2.15,,,state,nssp
5168,la,pct_ed_visits_covid,202438,202551,65,0.95,,,state,nssp
5169,ma,pct_ed_visits_covid,202438,202551,65,1.77,,,state,nssp
5170,md,pct_ed_visits_covid,202438,202551,65,1.61,,,state,nssp
5171,me,pct_ed_visits_covid,202438,202551,65,2.65,,,state,nssp
5172,mi,pct_ed_visits_covid,202438,202551,65,1.97,,,state,nssp
5173,mn,pct_ed_visits_covid,202438,202551,65,1.87,,,state,nssp
5174,ms,pct_ed_visits_covid,202438,202551,65,1.01,,,state,nssp
5175,mt,pct_ed_visits_covid,202438,202551,65,2.18,,,state,nssp
5176,nc,pct_ed_visits_covid,202438,202551,65,1.97,,,state,nssp
5177,nd,pct_ed_visits_covid,202438,202551,65,1.12,,,state,nssp
5178,ne,pct_ed_visits_covid,202438,202551,65,1.1,,,state,nssp
5179,nh,pct_ed_visits_covid,202438,202551,65,1.94,,,state,nssp
5180,nj,pct_ed_visits_covid,202438,202551,65,1.34,,,state,nssp
5181,nm,pct_ed_visits_covid,202438,202551,65,1.42,,,state,nssp
5182,nv,pct_ed_visits_covid,202438,202551,65,1.29,,,state,nssp
5183,ny,pct_ed_visits_covid,202438,202551,65,1.33,,,state,nssp
5184,oh,pct_ed_visits_covid,202438,202551,65,1.8,,,state,nssp
5185,ok,pct_ed_visits_covid,202438,202551,65,1.47,,,state,nssp
5186,or,pct_ed_visits_covid,202438,202551,65,2.35,,,state,nssp
5187,pa,pct_ed_visits_covid,202438,202551,65,1.7,,,state,nssp
5188,ri,pct_ed_visits_covid,202438,202551,65,1.23,,,state,nssp
5189,sc,pct_ed_visits_covid,202438,202551,65,1.45,,,state,nssp
5190,sd,pct_ed_visits_covid,202438,202551,65,1.63,,,state,nssp
5191,tn,pct_ed_visits_covid,202438,202551,65,1.08,,,state,nssp
5192,tx,pct_ed_visits_covid,202438,202551,65,0.96,,,state,nssp
5193,ut,pct_ed_visits_covid,202438,202551,65,1.73,,,state,nssp
5194,va,pct_ed_visits_covid,202438,202551,65,1.74,,,state,nssp
5195,vt,pct_ed_visits_covid,202438,202551,65,2.74,,,state,nssp
5196,wa,pct_ed_visits_covid,202438,202551,65,2.3,,,state,nssp
5197,wi,pct_ed_visits_covid,202438,202551,65,2.01,,,state,nssp
5198,wv,pct_ed_visits_covid,202438,202551,65,3.23,,,state,nssp
5199,wy,pct_ed_visits_covid,202438,202551,65,0.0,,,state,nssp
5200,ak,pct_ed_visits_covid,202439,202551,64,1.17,,,state,nssp
5201,al,pct_ed_visits_covid,202439,202551,64,0.8,,,state,nssp
5202,ar,pct_ed_visits_covid,202439,202551,64,0.99,,,state,nssp
5203,az,pct_ed_visits_covid,202439,202551,64,1.16,,,state,nssp
5204,ca,pct_ed_visits_covid,202439,202551,64,0.79,,,state,nssp
5205,co,pct_ed_visits_covid,202439,202551,64,1.17,,,state,nssp
5206,ct,pct_ed_visits_covid,202439,202551,64,1.73,,,state,nssp
5207,dc,pct_ed_visits_covid,202439,202551,64,0.7,,,state,nssp
5208,de,pct_ed_visits_covid,202439,202551,64,1.3,,,state,nssp
5209,fl,pct_ed_visits_covid,202439,202551,64,0.94,,,state,nssp
5210,ga,pct_ed_visits_covid,202439,202551,64,0.48,,,state,nssp
5211,hi,pct_ed_visits_covid,202439,202551,64,1.03,,,state,nssp
5212,ia,pct_ed_visits_covid,202439,202551,64,1.7,,,state,nssp
5213,id,pct_ed_visits_covid,202439,202551,64,1.39,,,state,nssp
5214,il,pct_ed_visits_covid,202439,202551,64,1.03,,,state,nssp
5215,in,pct_ed_visits_covid,202439,202551,64,0.83,,,state,nssp
5216,ks,pct_ed_visits_covid,202439,202551,64,0.93,,,state,nssp
5217,ky,pct_ed_visits_covid,202439,202551,64,1.46,,,state,nssp
5218,la,pct_ed_visits_covid,202439,202551,64,0.71,,,state,nssp
5219,ma,pct_ed_visits_covid,202439,202551,64,1.31,,,state,nssp
5220,md,pct_ed_visits_covid,202439,202551,64,1.09,,,state,nssp
5221,me,pct_ed_visits_covid,202439,202551,64,2.16,,,state,nssp
5222,mi,pct_ed_visits_covid,202439,202551,64,1.48,,,state,nssp
5223,mn,pct_ed_visits_covid,202439,202551,64,1.57,,,state,nssp
5224,ms,pct_ed_visits_covid,202439,202551,64,0.82,,,state,nssp
5225,mt,pct_ed_visits_covid,202439,202551,64,2.02,,,state,nssp
5226,nc,pct_ed_visits_covid,202439,202551,64,1.51,,,state,nssp
5227,nd,pct_ed_visits_covid,202439,202551,64,0.82,,,state,nssp
5228,ne,pct_ed_visits_covid,202439,202551,64,0.73,,,state,nssp
5229,nh,pct_ed_visits_covid,202439,202551,64,1.83,,,state,nssp
5230,nj,pct_ed_visits_covid,202439,202551,64,0.99,,,state,nssp
5231,nm,pct_ed_visits_covid,202439,202551,64,1.17,,,state,nssp
5232,nv,pct_ed_visits_covid,202439,202551,64,0.99,,,state,nssp
5233,ny,pct_ed_visits_covid,202439,202551,64,1.17,,,state,nssp
5234,oh,pct_ed_visits_covid,202439,202551,64,1.35,,,state,nssp
5235,ok,pct_ed_visits_covid,202439,202551,64,1.06,,,state,nssp
5236,or,pct_ed_visits_covid,202439,202551,64,2.23,,,state,nssp
5237,pa,pct_ed_visits_covid,202439,202551,64,1.31,,,state,nssp
5238,ri,pct_ed_visits_covid,202439,202551,64,1.01,,,state,nssp
5239,sc,pct_ed_visits_covid,202439,202551,64,1.03,,,state,nssp
5240,sd,pct_ed_visits_covid,202439,202551,64,1.27,,,state,nssp
5241,tn,pct_ed_visits_covid,202439,202551,64,0.88,,,state,nssp
5242,tx,pct_ed_visits_covid,202439,202551,64,0.69,,,state,nssp
5243,ut,pct_ed_visits_covid,202439,202551,64,1.4,,,state,nssp
5244,va,pct_ed_visits_covid,202439,202551,64,1.23,,,state,nssp
5245,vt,pct_ed_visits_covid,202439,202551,64,2.47,,,state,nssp
5246,wa,pct_ed_visits_covid,202439,202551,64,2.01,,,state,nssp
5247,wi,pct_ed_visits_covid,202439,202551,64,1.6,,,state,nssp
5248,wv,pct_ed_visits_covid,202439,202551,64,2.51,,,state,nssp
5249,wy,pct_ed_visits_covid,202439,202551,64,0.0,,,state,nssp
5250,ak,pct_ed_visits_covid,202440,202551,63,0.65,,,state,nssp
5251,al,pct_ed_visits_covid,202440,202551,63,0.58,,,state,nssp
5252,ar,pct_ed_visits_covid,202440,202551,63,0.61,,,state,nssp
5253,az,pct_ed_visits_covid,202440,202551,63,1.16,,,state,nssp
5254,ca,pct_ed_visits_covid,202440,202551,63,0.69,,,state,nssp
5255,co,pct_ed_visits_covid,202440,202551,63,1.06,,,state,nssp
5256,ct,pct_ed_visits_covid,202440,202551,63,1.33,,,state,nssp
5257,dc,pct_ed_visits_covid,202440,202551,63,0.55,,,state,nssp
5258,de,pct_ed_visits_covid,202440,202551,63,1.14,,,state,nssp
5259,fl,pct_ed_visits_covid,202440,202551,63,0.64,,,state,nssp
5260,ga,pct_ed_visits_covid,202440,202551,63,0.32,,,state,nssp
5261,hi,pct_ed_visits_covid,202440,202551,63,1.04,,,state,nssp
5262,ia,pct_ed_visits_covid,202440,202551,63,1.07,,,state,nssp
5263,id,pct_ed_visits_covid,202440,202551,63,1.22,,,state,nssp
5264,il,pct_ed_visits_covid,202440,202551,63,0.83,,,state,nssp
5265,in,pct_ed_visits_covid,202440,202551,63,0.71,,,state,nssp
5266,ks,pct_ed_visits_covid,202440,202551,63,0.9,,,state,nssp
5267,ky,pct_ed_visits_covid,202440,202551,63,1.12,,,state,nssp
5268,la,pct_ed_visits_covid,202440,202551,63,0.57,,,state,nssp
5269,ma,pct_ed_visits_covid,202440,202551,63,1.13,,,state,nssp
5270,md,pct_ed_visits_covid,202440,202551,63,0.82,,,state,nssp
5271,me,pct_ed_visits_covid,202440,202551,63,1.64,,,state,nssp
5272,mi,pct_ed_visits_covid,202440,202551,63,1.12,,,state,nssp
5273,mn,pct_ed_visits_covid,202440,202551,63,1.29,,,state,nssp
5274,ms,pct_ed_visits_covid,202440,202551,63,0.69,,,state,nssp
5275,mt,pct_ed_visits_covid,202440,202551,63,2.06,,,state,nssp
5276,nc,pct_ed_visits_covid,202440,202551,63,0.98,,,state,nssp
5277,nd,pct_ed_visits_covid,202440,202551,63,0.66,,,state,nssp
5278,ne,pct_ed_visits_covid,202440,202551,63,0.8,,,state,nssp
5279,nh,pct_ed_visits_covid,202440,202551,63,1.41,,,state,nssp
5280,nj,pct_ed_visits_covid,202440,202551,63,0.75,,,state,nssp
5281,nm,pct_ed_visits_covid,202440,202551,63,1.29,,,state,nssp
5282,nv,pct_ed_visits_covid,202440,202551,63,0.77,,,state,nssp
5283,ny,pct_ed_visits_covid,202440,202551,63,0.89,,,state,nssp
5284,oh,pct_ed_visits_covid,202440,202551,63,0.85,,,state,nssp
5285,ok,pct_ed_visits_covid,202440,202551,63,0.81,,,state,nssp
5286,or,pct_ed_visits_covid,202440,202551,63,1.71,,,state,nssp
5287,pa,pct_ed_visits_covid,202440,202551,63,0.89,,,state,nssp
5288,ri,pct_ed_visits_covid,202440,202551,63,0.87,,,state,nssp
5289,sc,pct_ed_visits_covid,202440,202551,63,0.71,,,state,nssp
5290,sd,pct_ed_visits_covid,202440,202551,63,1.07,,,state,nssp
5291,tn,pct_ed_visits_covid,202440,202551,63,0.66,,,state,nssp
5292,tx,pct_ed_visits_covid,202440,202551,63,0.54,,,state,nssp
5293,ut,pct_ed_visits_covid,202440,202551,63,1.22,,,state,nssp
5294,va,pct_ed_visits_covid,202440,202551,63,0.92,,,state,nssp
5295,vt,pct_ed_visits_covid,202440,202551,63,1.8,,,state,nssp
5296,wa,pct_ed_visits_covid,202440,202551,63,1.66,,,state,nssp
5297,wi,pct_ed_visits_covid,202440,202551,63,1.22,,,state,nssp
5298,wv,pct_ed_visits_covid,202440,202551,63,1.67,,,state,nssp
5299,wy,pct_ed_visits_covid,202440,202551,63,0.0,,,state,nssp
5300,ak,pct_ed_visits_covid,202441,202551,62,0.51,,,state,nssp
5301,al,pct_ed_visits_covid,202441,202551,62,0.69,,,state,nssp
5302,ar,pct_ed_visits_covid,202441,202551,62,0.54,,,state,nssp
5303,az,pct_ed_visits_covid,202441,202551,62,1.1,,,state,nssp
5304,ca,pct_ed_visits_covid,202441,202551,62,0.54,,,state,nssp
5305,co,pct_ed_visits_covid,202441,202551,62,1.0,,,state,nssp
5306,ct,pct_ed_visits_covid,202441,202551,62,1.03,,,state,nssp
5307,dc,pct_ed_visits_covid,202441,202551,62,0.43,,,state,nssp
5308,de,pct_ed_visits_covid,202441,202551,62,0.67,,,state,nssp
5309,fl,pct_ed_visits_covid,202441,202551,62,0.54,,,state,nssp
5310,ga,pct_ed_visits_covid,202441,202551,62,0.29,,,state,nssp
5311,hi,pct_ed_visits_covid,202441,202551,62,0.64,,,state,nssp
5312,ia,pct_ed_visits_covid,202441,202551,62,0.86,,,state,nssp
5313,id,pct_ed_visits_covid,202441,202551,62,0.92,,,state,nssp
5314,il,pct_ed_visits_covid,202441,202551,62,0.64,,,state,nssp
5315,in,pct_ed_visits_covid,202441,202551,62,0.58,,,state,nssp
5316,ks,pct_ed_visits_covid,202441,202551,62,0.68,,,state,nssp
5317,ky,pct_ed_visits_covid,202441,202551,62,0.96,,,state,nssp
5318,la,pct_ed_visits_covid,202441,202551,62,0.48,,,state,nssp
5319,ma,pct_ed_visits_covid,202441,202551,62,0.84,,,state,nssp
5320,md,pct_ed_visits_covid,202441,202551,62,0.59,,,state,nssp
5321,me,pct_ed_visits_covid,202441,202551,62,1.44,,,state,nssp
5322,mi,pct_ed_visits_covid,202441,202551,62,0.96,,,state,nssp
5323,mn,pct_ed_visits_covid,202441,202551,62,1.18,,,state,nssp
5324,ms,pct_ed_visits_covid,202441,202551,62,0.57,,,state,nssp
5325,mt,pct_ed_visits_covid,202441,202551,62,1.61,,,state,nssp
5326,nc,pct_ed_visits_covid,202441,202551,62,0.8,,,state,nssp
5327,nd,pct_ed_visits_covid,202441,202551,62,0.76,,,state,nssp
5328,ne,pct_ed_visits_covid,202441,202551,62,0.52,,,state,nssp
5329,nh,pct_ed_visits_covid,202441,202551,62,1.35,,,state,nssp
5330,nj,pct_ed_visits_covid,202441,202551,62,0.56,,,state,nssp
5331,nm,pct_ed_visits_covid,202441,202551,62,1.36,,,state,nssp
5332,nv,pct_ed_visits_covid,202441,202551,62,0.7,,,state,nssp
5333,ny,pct_ed_visits_covid,202441,202551,62,0.65,,,state,nssp
5334,oh,pct_ed_visits_covid,202441,202551,62,0.73,,,state,nssp
5335,ok,pct_ed_visits_covid,202441,202551,62,0.76,,,state,nssp
5336,or,pct_ed_visits_covid,202441,202551,62,1.37,,,state,nssp
5337,pa,pct_ed_visits_covid,202441,202551,62,0.74,,,state,nssp
5338,ri,pct_ed_visits_covid,202441,202551,62,0.7,,,state,nssp
5339,sc,pct_ed_visits_covid,202441,202551,62,0.58,,,state,nssp
5340,sd,pct_ed_visits_covid,202441,202551,62,0.85,,,state,nssp
5341,tn,pct_ed_visits_covid,202441,202551,62,0.54,,,state,nssp
5342,tx,pct_ed_visits_covid,202441,202551,62,0.43,,,state,nssp
5343,ut,pct_ed_visits_covid,202441,202551,62,0.94,,,state,nssp
5344,va,pct_ed_visits_covid,202441,202551,62,0.71,,,state,nssp
5345,vt,pct_ed_visits_covid,202441,202551,62,1.44,,,state,nssp
5346,wa,pct_ed_visits_covid,202441,202551,62,1.33,,,state,nssp
5347,wi,pct_ed_visits_covid,202441,202551,62,1.14,,,state,nssp
5348,wv,pct_ed_visits_covid,202441,202551,62,1.25,,,state,nssp
5349,wy,pct_ed_visits_covid,202441,202551,62,0.0,,,state,nssp
5350,ak,pct_ed_visits_covid,202442,202551,61,0.51,,,state,nssp
5351,al,pct_ed_visits_covid,202442,202551,61,0.5,,,state,nssp
5352,ar,pct_ed_visits_covid,202442,202551,61,0.57,,,state,nssp
5353,az,pct_ed_visits_covid,202442,202551,61,0.95,,,state,nssp
5354,ca,pct_ed_visits_covid,202442,202551,61,0.42,,,state,nssp
5355,co,pct_ed_visits_covid,202442,202551,61,0.8,,,state,nssp
5356,ct,pct_ed_visits_covid,202442,202551,61,1.04,,,state,nssp
5357,dc,pct_ed_visits_covid,202442,202551,61,0.26,,,state,nssp
5358,de,pct_ed_visits_covid,202442,202551,61,0.52,,,state,nssp
5359,fl,pct_ed_visits_covid,202442,202551,61,0.45,,,state,nssp
5360,ga,pct_ed_visits_covid,202442,202551,61,0.3,,,state,nssp
5361,hi,pct_ed_visits_covid,202442,202551,61,0.63,,,state,nssp
5362,ia,pct_ed_visits_covid,202442,202551,61,0.77,,,state,nssp
5363,id,pct_ed_visits_covid,202442,202551,61,0.72,,,state,nssp
5364,il,pct_ed_visits_covid,202442,202551,61,0.59,,,state,nssp
5365,in,pct_ed_visits_covid,202442,202551,61,0.55,,,state,nssp
5366,ks,pct_ed_visits_covid,202442,202551,61,0.63,,,state,nssp
5367,ky,pct_ed_visits_covid,202442,202551,61,1.02,,,state,nssp
5368,la,pct_ed_visits_covid,202442,202551,61,0.42,,,state,nssp
5369,ma,pct_ed_visits_covid,202442,202551,61,0.81,,,state,nssp
5370,md,pct_ed_visits_covid,202442,202551,61,0.61,,,state,nssp
5371,me,pct_ed_visits_covid,202442,202551,61,1.18,,,state,nssp
5372,mi,pct_ed_visits_covid,202442,202551,61,0.85,,,state,nssp
5373,mn,pct_ed_visits_covid,202442,202551,61,1.09,,,state,nssp
5374,ms,pct_ed_visits_covid,202442,202551,61,0.49,,,state,nssp
5375,mt,pct_ed_visits_covid,202442,202551,61,1.37,,,state,nssp
5376,nc,pct_ed_visits_covid,202442,202551,61,0.69,,,state,nssp
5377,nd,pct_ed_visits_covid,202442,202551,61,0.66,,,state,nssp
5378,ne,pct_ed_visits_covid,202442,202551,61,0.54,,,state,nssp
5379,nh,pct_ed_visits_covid,202442,202551,61,1.12,,,state,nssp
5380,nj,pct_ed_visits_covid,202442,202551,61,0.46,,,state,nssp
5381,nm,pct_ed_visits_covid,202442,202551,61,1.29,,,state,nssp
5382,nv,pct_ed_visits_covid,202442,202551,61,0.46,,,state,nssp
5383,ny,pct_ed_visits_covid,202442,202551,61,0.58,,,state,nssp
5384,oh,pct_ed_visits_covid,202442,202551,61,0.64,,,state,nssp
5385,ok,pct_ed_visits_covid,202442,202551,61,0.66,,,state,nssp
5386,or,pct_ed_visits_covid,202442,202551,61,1.11,,,state,nssp
5387,pa,pct_ed_visits_covid,202442,202551,61,0.67,,,state,nssp
5388,ri,pct_ed_visits_covid,202442,202551,61,0.71,,,state,nssp
5389,sc,pct_ed_visits_covid,202442,202551,61,0.49,,,state,nssp
5390,sd,pct_ed_visits_covid,202442,202551,61,0.99,,,state,nssp
5391,tn,pct_ed_visits_covid,202442,202551,61,0.54,,,state,nssp
5392,tx,pct_ed_visits_covid,202442,202551,61,0.35,,,state,nssp
5393,ut,pct_ed_visits_covid,202442,202551,61,0.86,,,state,nssp
5394,va,pct_ed_visits_covid,202442,202551,61,0.65,,,state,nssp
5395,vt,pct_ed_visits_covid,202442,202551,61,1.29,,,state,nssp
5396,wa,pct_ed_visits_covid,202442,202551,61,0.97,,,state,nssp
5397,wi,pct_ed_visits_covid,202442,202551,61,0.95,,,state,nssp
5398,wv,pct_ed_visits_covid,202442,202551,61,1.12,,,state,nssp
5399,wy,pct_ed_visits_covid,202442,202551,61,0.0,,,state,nssp
5400,ak,pct_ed_visits_covid,202443,202551,60,0.78,,,state,nssp
5401,al,pct_ed_visits_covid,202443,202551,60,0.51,,,state,nssp
5402,ar,pct_ed_visits_covid,202443,202551,60,0.75,,,state,nssp
5403,az,pct_ed_visits_covid,202443,202551,60,1.13,,,state,nssp
5404,ca,pct_ed_visits_covid,202443,202551,60,0.39,,,state,nssp
5405,co,pct_ed_visits_covid,202443,202551,60,0.81,,,state,nssp
5406,ct,pct_ed_visits_covid,202443,202551,60,0.83,,,state,nssp
5407,dc,pct_ed_visits_covid,202443,202551,60,0.32,,,state,nssp
5408,de,pct_ed_visits_covid,202443,202551,60,0.63,,,state,nssp
5409,fl,pct_ed_visits_covid,202443,202551,60,0.4,,,state,nssp
5410,ga,pct_ed_visits_covid,202443,202551,60,0.33,,,state,nssp
5411,hi,pct_ed_visits_covid,202443,202551,60,0.57,,,state,nssp
5412,ia,pct_ed_visits_covid,202443,202551,60,0.59,,,state,nssp
5413,id,pct_ed_visits_covid,202443,202551,60,0.62,,,state,nssp
5414,il,pct_ed_visits_covid,202443,202551,60,0.62,,,state,nssp
5415,in,pct_ed_visits_covid,202443,202551,60,0.58,,,state,nssp
5416,ks,pct_ed_visits_covid,202443,202551,60,0.67,,,state,nssp
5417,ky,pct_ed_visits_covid,202443,202551,60,1.03,,,state,nssp
5418,la,pct_ed_visits_covid,202443,202551,60,0.43,,,state,nssp
5419,ma,pct_ed_visits_covid,202443,202551,60,0.76,,,state,nssp
5420,md,pct_ed_visits_covid,202443,202551,60,0.57,,,state,nssp
5421,me,pct_ed_visits_covid,202443,202551,60,1.22,,,state,nssp
5422,mi,pct_ed_visits_covid,202443,202551,60,0.89,,,state,nssp
5423,mn,pct_ed_visits_covid,202443,202551,60,0.94,,,state,nssp
5424,ms,pct_ed_visits_covid,202443,202551,60,0.54,,,state,nssp
5425,mt,pct_ed_visits_covid,202443,202551,60,1.26,,,state,nssp
5426,nc,pct_ed_visits_covid,202443,202551,60,0.64,,,state,nssp
5427,nd,pct_ed_visits_covid,202443,202551,60,0.57,,,state,nssp
5428,ne,pct_ed_visits_covid,202443,202551,60,0.5,,,state,nssp
5429,nh,pct_ed_visits_covid,202443,202551,60,0.95,,,state,nssp
5430,nj,pct_ed_visits_covid,202443,202551,60,0.48,,,state,nssp
5431,nm,pct_ed_visits_covid,202443,202551,60,1.21,,,state,nssp
5432,nv,pct_ed_visits_covid,202443,202551,60,0.49,,,state,nssp
5433,ny,pct_ed_visits_covid,202443,202551,60,0.52,,,state,nssp
5434,oh,pct_ed_visits_covid,202443,202551,60,0.68,,,state,nssp
5435,ok,pct_ed_visits_covid,202443,202551,60,0.51,,,state,nssp
5436,or,pct_ed_visits_covid,202443,202551,60,0.89,,,state,nssp
5437,pa,pct_ed_visits_covid,202443,202551,60,0.65,,,state,nssp
5438,ri,pct_ed_visits_covid,202443,202551,60,0.73,,,state,nssp
5439,sc,pct_ed_visits_covid,202443,202551,60,0.55,,,state,nssp
5440,sd,pct_ed_visits_covid,202443,202551,60,0.98,,,state,nssp
5441,tn,pct_ed_visits_covid,202443,202551,60,0.54,,,state,nssp
5442,tx,pct_ed_visits_covid,202443,202551,60,0.35,,,state,nssp
5443,ut,pct_ed_visits_covid,202443,202551,60,0.74,,,state,nssp
5444,va,pct_ed_visits_covid,202443,202551,60,0.6,,,state,nssp
5445,vt,pct_ed_visits_covid,202443,202551,60,0.95,,,state,nssp
5446,wa,pct_ed_visits_covid,202443,202551,60,0.82,,,state,nssp
5447,wi,pct_ed_visits_covid,202443,202551,60,0.85,,,state,nssp
5448,wv,pct_ed_visits_covid,202443,202551,60,0.94,,,state,nssp
5449,wy,pct_ed_visits_covid,202443,202551,60,0.0,,,state,nssp
5450,ak,pct_ed_visits_covid,202444,202551,59,0.48,,,state,nssp
5451,al,pct_ed_visits_covid,202444,202551,59,0.45,,,state,nssp
5452,ar,pct_ed_visits_covid,202444,202551,59,0.59,,,state,nssp
5453,az,pct_ed_visits_covid,202444,202551,59,1.16,,,state,nssp
5454,ca,pct_ed_visits_covid,202444,202551,59,0.37,,,state,nssp
5455,co,pct_ed_visits_covid,202444,202551,59,0.84,,,state,nssp
5456,ct,pct_ed_visits_covid,202444,202551,59,0.79,,,state,nssp
5457,dc,pct_ed_visits_covid,202444,202551,59,0.28,,,state,nssp
5458,de,pct_ed_visits_covid,202444,202551,59,0.52,,,state,nssp
5459,fl,pct_ed_visits_covid,202444,202551,59,0.35,,,state,nssp
5460,ga,pct_ed_visits_covid,202444,202551,59,0.31,,,state,nssp
5461,hi,pct_ed_visits_covid,202444,202551,59,0.55,,,state,nssp
5462,ia,pct_ed_visits_covid,202444,202551,59,0.59,,,state,nssp
5463,id,pct_ed_visits_covid,202444,202551,59,0.64,,,state,nssp
5464,il,pct_ed_visits_covid,202444,202551,59,0.64,,,state,nssp
5465,in,pct_ed_visits_covid,202444,202551,59,0.58,,,state,nssp
5466,ks,pct_ed_visits_covid,202444,202551,59,0.52,,,state,nssp
5467,ky,pct_ed_visits_covid,202444,202551,59,1.01,,,state,nssp
5468,la,pct_ed_visits_covid,202444,202551,59,0.46,,,state,nssp
5469,ma,pct_ed_visits_covid,202444,202551,59,0.73,,,state,nssp
5470,md,pct_ed_visits_covid,202444,202551,59,0.42,,,state,nssp
5471,me,pct_ed_visits_covid,202444,202551,59,1.06,,,state,nssp
5472,mi,pct_ed_visits_covid,202444,202551,59,0.88,,,state,nssp
5473,mn,pct_ed_visits_covid,202444,202551,59,0.83,,,state,nssp
5474,ms,pct_ed_visits_covid,202444,202551,59,0.52,,,state,nssp
5475,mt,pct_ed_visits_covid,202444,202551,59,1.02,,,state,nssp
5476,nc,pct_ed_visits_covid,202444,202551,59,0.66,,,state,nssp
5477,nd,pct_ed_visits_covid,202444,202551,59,0.53,,,state,nssp
5478,ne,pct_ed_visits_covid,202444,202551,59,0.57,,,state,nssp
5479,nh,pct_ed_visits_covid,202444,202551,59,0.79,,,state,nssp
5480,nj,pct_ed_visits_covid,202444,202551,59,0.44,,,state,nssp
5481,nm,pct_ed_visits_covid,202444,202551,59,1.27,,,state,nssp
5482,nv,pct_ed_visits_covid,202444,202551,59,0.47,,,state,nssp
5483,ny,pct_ed_visits_covid,202444,202551,59,0.43,,,state,nssp
5484,oh,pct_ed_visits_covid,202444,202551,59,0.62,,,state,nssp
5485,ok,pct_ed_visits_covid,202444,202551,59,0.48,,,state,nssp
5486,or,pct_ed_visits_covid,202444,202551,59,0.67,,,state,nssp
5487,pa,pct_ed_visits_covid,202444,202551,59,0.57,,,state,nssp
5488,ri,pct_ed_visits_covid,202444,202551,59,0.59,,,state,nssp
5489,sc,pct_ed_visits_covid,202444,202551,59,0.5,,,state,nssp
5490,sd,pct_ed_visits_covid,202444,202551,59,0.86,,,state,nssp
5491,tn,pct_ed_visits_covid,202444,202551,59,0.54,,,state,nssp
5492,tx,pct_ed_visits_covid,202444,202551,59,0.3,,,state,nssp
5493,ut,pct_ed_visits_covid,202444,202551,59,0.79,,,state,nssp
5494,va,pct_ed_visits_covid,202444,202551,59,0.6,,,state,nssp
5495,vt,pct_ed_visits_covid,202444,202551,59,0.99,,,state,nssp
5496,wa,pct_ed_visits_covid,202444,202551,59,0.67,,,state,nssp
5497,wi,pct_ed_visits_covid,202444,202551,59,0.88,,,state,nssp
5498,wv,pct_ed_visits_covid,202444,202551,59,1.03,,,state,nssp
5499,wy,pct_ed_visits_covid,202444,202551,59,0.0,,,state,nssp
5500,ak,pct_ed_visits_covid,202445,202551,58,0.62,,,state,nssp
5501,al,pct_ed_visits_covid,202445,202551,58,0.44,,,state,nssp
5502,ar,pct_ed_visits_covid,202445,202551,58,0.49,,,state,nssp
5503,az,pct_ed_visits_covid,202445,202551,58,1.28,,,state,nssp
5504,ca,pct_ed_visits_covid,202445,202551,58,0.37,,,state,nssp
5505,co,pct_ed_visits_covid,202445,202551,58,0.84,,,state,nssp
5506,ct,pct_ed_visits_covid,202445,202551,58,0.92,,,state,nssp
5507,dc,pct_ed_visits_covid,202445,202551,58,0.31,,,state,nssp
5508,de,pct_ed_visits_covid,202445,202551,58,0.52,,,state,nssp
5509,fl,pct_ed_visits_covid,202445,202551,58,0.36,,,state,nssp
5510,ga,pct_ed_visits_covid,202445,202551,58,0.3,,,state,nssp
5511,hi,pct_ed_visits_covid,202445,202551,58,0.51,,,state,nssp
5512,ia,pct_ed_visits_covid,202445,202551,58,0.48,,,state,nssp
5513,id,pct_ed_visits_covid,202445,202551,58,0.67,,,state,nssp
5514,il,pct_ed_visits_covid,202445,202551,58,0.55,,,state,nssp
5515,in,pct_ed_visits_covid,202445,202551,58,0.62,,,state,nssp
5516,ks,pct_ed_visits_covid,202445,202551,58,0.4,,,state,nssp
5517,ky,pct_ed_visits_covid,202445,202551,58,0.87,,,state,nssp
5518,la,pct_ed_visits_covid,202445,202551,58,0.35,,,state,nssp
5519,ma,pct_ed_visits_covid,202445,202551,58,0.58,,,state,nssp
5520,md,pct_ed_visits_covid,202445,202551,58,0.45,,,state,nssp
5521,me,pct_ed_visits_covid,202445,202551,58,0.79,,,state,nssp
5522,mi,pct_ed_visits_covid,202445,202551,58,0.79,,,state,nssp
5523,mn,pct_ed_visits_covid,202445,202551,58,1.03,,,state,nssp
5524,ms,pct_ed_visits_covid,202445,202551,58,0.53,,,state,nssp
5525,mt,pct_ed_visits_covid,202445,202551,58,1.12,,,state,nssp
5526,nc,pct_ed_visits_covid,202445,202551,58,0.52,,,state,nssp
5527,nd,pct_ed_visits_covid,202445,202551,58,0.76,,,state,nssp
5528,ne,pct_ed_visits_covid,202445,202551,58,0.48,,,state,nssp
5529,nh,pct_ed_visits_covid,202445,202551,58,0.7,,,state,nssp
5530,nj,pct_ed_visits_covid,202445,202551,58,0.43,,,state,nssp
5531,nm,pct_ed_visits_covid,202445,202551,58,1.59,,,state,nssp
5532,nv,pct_ed_visits_covid,202445,202551,58,0.54,,,state,nssp
5533,ny,pct_ed_visits_covid,202445,202551,58,0.4,,,state,nssp
5534,oh,pct_ed_visits_covid,202445,202551,58,0.57,,,state,nssp
5535,ok,pct_ed_visits_covid,202445,202551,58,0.52,,,state,nssp
5536,or,pct_ed_visits_covid,202445,202551,58,0.5,,,state,nssp
5537,pa,pct_ed_visits_covid,202445,202551,58,0.56,,,state,nssp
5538,ri,pct_ed_visits_covid,202445,202551,58,0.55,,,state,nssp
5539,sc,pct_ed_visits_covid,202445,202551,58,0.42,,,state,nssp
5540,sd,pct_ed_visits_covid,202445,202551,58,0.85,,,state,nssp
5541,tn,pct_ed_visits_covid,202445,202551,58,0.46,,,state,nssp
5542,tx,pct_ed_visits_covid,202445,202551,58,0.29,,,state,nssp
5543,ut,pct_ed_visits_covid,202445,202551,58,0.71,,,state,nssp
5544,va,pct_ed_visits_covid,202445,202551,58,0.48,,,state,nssp
5545,vt,pct_ed_visits_covid,202445,202551,58,0.85,,,state,nssp
5546,wa,pct_ed_visits_covid,202445,202551,58,0.48,,,state,nssp
5547,wi,pct_ed_visits_covid,202445,202551,58,0.77,,,state,nssp
5548,wv,pct_ed_visits_covid,202445,202551,58,0.89,,,state,nssp
5549,wy,pct_ed_visits_covid,202445,202551,58,0.0,,,state,nssp
5550,ak,pct_ed_visits_covid,202446,202551,57,0.66,,,state,nssp
5551,al,pct_ed_visits_covid,202446,202551,57,0.37,,,state,nssp
5552,ar,pct_ed_visits_covid,202446,202551,57,0.4,,,state,nssp
5553,az,pct_ed_visits_covid,202446,202551,57,1.41,,,state,nssp
5554,ca,pct_ed_visits_covid,202446,202551,57,0.37,,,state,nssp
5555,co,pct_ed_visits_covid,202446,202551,57,0.9,,,state,nssp
5556,ct,pct_ed_visits_covid,202446,202551,57,0.73,,,state,nssp
5557,dc,pct_ed_visits_covid,202446,202551,57,0.28,,,state,nssp
5558,de,pct_ed_visits_covid,202446,202551,57,0.51,,,state,nssp
5559,fl,pct_ed_visits_covid,202446,202551,57,0.28,,,state,nssp
5560,ga,pct_ed_visits_covid,202446,202551,57,0.2,,,state,nssp
5561,hi,pct_ed_visits_covid,202446,202551,57,0.51,,,state,nssp
5562,ia,pct_ed_visits_covid,202446,202551,57,0.47,,,state,nssp
5563,id,pct_ed_visits_covid,202446,202551,57,0.58,,,state,nssp
5564,il,pct_ed_visits_covid,202446,202551,57,0.56,,,state,nssp
5565,in,pct_ed_visits_covid,202446,202551,57,0.55,,,state,nssp
5566,ks,pct_ed_visits_covid,202446,202551,57,0.55,,,state,nssp
5567,ky,pct_ed_visits_covid,202446,202551,57,0.87,,,state,nssp
5568,la,pct_ed_visits_covid,202446,202551,57,0.34,,,state,nssp
5569,ma,pct_ed_visits_covid,202446,202551,57,0.65,,,state,nssp
5570,md,pct_ed_visits_covid,202446,202551,57,0.34,,,state,nssp
5571,me,pct_ed_visits_covid,202446,202551,57,1.02,,,state,nssp
5572,mi,pct_ed_visits_covid,202446,202551,57,0.77,,,state,nssp
5573,mn,pct_ed_visits_covid,202446,202551,57,1.0,,,state,nssp
5574,ms,pct_ed_visits_covid,202446,202551,57,0.48,,,state,nssp
5575,mt,pct_ed_visits_covid,202446,202551,57,0.99,,,state,nssp
5576,nc,pct_ed_visits_covid,202446,202551,57,0.47,,,state,nssp
5577,nd,pct_ed_visits_covid,202446,202551,57,0.49,,,state,nssp
5578,ne,pct_ed_visits_covid,202446,202551,57,0.44,,,state,nssp
5579,nh,pct_ed_visits_covid,202446,202551,57,0.76,,,state,nssp
5580,nj,pct_ed_visits_covid,202446,202551,57,0.35,,,state,nssp
5581,nm,pct_ed_visits_covid,202446,202551,57,1.75,,,state,nssp
5582,nv,pct_ed_visits_covid,202446,202551,57,0.51,,,state,nssp
5583,ny,pct_ed_visits_covid,202446,202551,57,0.34,,,state,nssp
5584,oh,pct_ed_visits_covid,202446,202551,57,0.52,,,state,nssp
5585,ok,pct_ed_visits_covid,202446,202551,57,0.4,,,state,nssp
5586,or,pct_ed_visits_covid,202446,202551,57,0.54,,,state,nssp
5587,pa,pct_ed_visits_covid,202446,202551,57,0.47,,,state,nssp
5588,ri,pct_ed_visits_covid,202446,202551,57,0.42,,,state,nssp
5589,sc,pct_ed_visits_covid,202446,202551,57,0.42,,,state,nssp
5590,sd,pct_ed_visits_covid,202446,202551,57,0.97,,,state,nssp
5591,tn,pct_ed_visits_covid,202446,202551,57,0.44,,,state,nssp
5592,tx,pct_ed_visits_covid,202446,202551,57,0.32,,,state,nssp
5593,ut,pct_ed_visits_covid,202446,202551,57,0.78,,,state,nssp
5594,va,pct_ed_visits_covid,202446,202551,57,0.41,,,state,nssp
5595,vt,pct_ed_visits_covid,202446,202551,57,0.61,,,state,nssp
5596,wa,pct_ed_visits_covid,202446,202551,57,0.42,,,state,nssp
5597,wi,pct_ed_visits_covid,202446,202551,57,0.72,,,state,nssp
5598,wv,pct_ed_visits_covid,202446,202551,57,0.79,,,state,nssp
5599,wy,pct_ed_visits_covid,202446,202551,57,0.0,,,state,nssp
5600,ak,pct_ed_visits_covid,202447,202551,56,0.46,,,state,nssp
5601,al,pct_ed_visits_covid,202447,202551,56,0.4,,,state,nssp
5602,ar,pct_ed_visits_covid,202447,202551,56,0.41,,,state,nssp
5603,az,pct_ed_visits_covid,202447,202551,56,1.66,,,state,nssp
5604,ca,pct_ed_visits_covid,202447,202551,56,0.38,,,state,nssp
5605,co,pct_ed_visits_covid,202447,202551,56,0.9,,,state,nssp
5606,ct,pct_ed_visits_covid,202447,202551,56,0.79,,,state,nssp
5607,dc,pct_ed_visits_covid,202447,202551,56,0.13,,,state,nssp
5608,de,pct_ed_visits_covid,202447,202551,56,0.47,,,state,nssp
5609,fl,pct_ed_visits_covid,202447,202551,56,0.29,,,state,nssp
5610,ga,pct_ed_visits_covid,202447,202551,56,0.23,,,state,nssp
5611,hi,pct_ed_visits_covid,202447,202551,56,0.39,,,state,nssp
5612,ia,pct_ed_visits_covid,202447,202551,56,0.49,,,state,nssp
5613,id,pct_ed_visits_covid,202447,202551,56,0.72,,,state,nssp
5614,il,pct_ed_visits_covid,202447,202551,56,0.62,,,state,nssp
5615,in,pct_ed_visits_covid,202447,202551,56,0.69,,,state,nssp
5616,ks,pct_ed_visits_covid,202447,202551,56,0.56,,,state,nssp
5617,ky,pct_ed_visits_covid,202447,202551,56,0.76,,,state,nssp
5618,la,pct_ed_visits_covid,202447,202551,56,0.28,,,state,nssp
5619,ma,pct_ed_visits_covid,202447,202551,56,0.66,,,state,nssp
5620,md,pct_ed_visits_covid,202447,202551,56,0.43,,,state,nssp
5621,me,pct_ed_visits_covid,202447,202551,56,0.88,,,state,nssp
5622,mi,pct_ed_visits_covid,202447,202551,56,0.72,,,state,nssp
5623,mn,pct_ed_visits_covid,202447,202551,56,0.97,,,state,nssp
5624,ms,pct_ed_visits_covid,202447,202551,56,0.44,,,state,nssp
5625,mt,pct_ed_visits_covid,202447,202551,56,0.99,,,state,nssp
5626,nc,pct_ed_visits_covid,202447,202551,56,0.42,,,state,nssp
5627,nd,pct_ed_visits_covid,202447,202551,56,1.02,,,state,nssp
5628,ne,pct_ed_visits_covid,202447,202551,56,0.44,,,state,nssp
5629,nh,pct_ed_visits_covid,202447,202551,56,0.67,,,state,nssp
5630,nj,pct_ed_visits_covid,202447,202551,56,0.43,,,state,nssp
5631,nm,pct_ed_visits_covid,202447,202551,56,1.9,,,state,nssp
5632,nv,pct_ed_visits_covid,202447,202551,56,0.47,,,state,nssp
5633,ny,pct_ed_visits_covid,202447,202551,56,0.36,,,state,nssp
5634,oh,pct_ed_visits_covid,202447,202551,56,0.56,,,state,nssp
5635,ok,pct_ed_visits_covid,202447,202551,56,0.48,,,state,nssp
5636,or,pct_ed_visits_covid,202447,202551,56,0.48,,,state,nssp
5637,pa,pct_ed_visits_covid,202447,202551,56,0.54,,,state,nssp
5638,ri,pct_ed_visits_covid,202447,202551,56,0.45,,,state,nssp
5639,sc,pct_ed_visits_covid,202447,202551,56,0.33,,,state,nssp
5640,sd,pct_ed_visits_covid,202447,202551,56,1.13,,,state,nssp
5641,tn,pct_ed_visits_covid,202447,202551,56,0.48,,,state,nssp
5642,tx,pct_ed_visits_covid,202447,202551,56,0.34,,,state,nssp
5643,ut,pct_ed_visits_covid,202447,202551,56,0.83,,,state,nssp
5644,va,pct_ed_visits_covid,202447,202551,56,0.44,,,state,nssp
5645,vt,pct_ed_visits_covid,202447,202551,56,0.62,,,state,nssp
5646,wa,pct_ed_visits_covid,202447,202551,56,0.42,,,state,nssp
5647,wi,pct_ed_visits_covid,202447,202551,56,0.65,,,state,nssp
5648,wv,pct_ed_visits_covid,202447,202551,56,0.84,,,state,nssp
5649,wy,pct_ed_visits_covid,202447,202551,56,0.0,,,state,nssp
5650,ak,pct_ed_visits_covid,202448,202551,55,0.45,,,state,nssp
5651,al,pct_ed_visits_covid,202448,202551,55,0.48,,,state,nssp
5652,ar,pct_ed_visits_covid,202448,202551,55,0.54,,,state,nssp
5653,az,pct_ed_visits_covid,202448,202551,55,1.84,,,state,nssp
5654,ca,pct_ed_visits_covid,202448,202551,55,0.41,,,state,nssp
5655,co,pct_ed_visits_covid,202448,202551,55,1.13,,,state,nssp
5656,ct,pct_ed_visits_covid,202448,202551,55,0.79,,,state,nssp
5657,dc,pct_ed_visits_covid,202448,202551,55,0.24,,,state,nssp
5658,de,pct_ed_visits_covid,202448,202551,55,0.6,,,state,nssp
5659,fl,pct_ed_visits_covid,202448,202551,55,0.34,,,state,nssp
5660,ga,pct_ed_visits_covid,202448,202551,55,0.26,,,state,nssp
5661,hi,pct_ed_visits_covid,202448,202551,55,0.35,,,state,nssp
5662,ia,pct_ed_visits_covid,202448,202551,55,0.74,,,state,nssp
5663,id,pct_ed_visits_covid,202448,202551,55,0.79,,,state,nssp
5664,il,pct_ed_visits_covid,202448,202551,55,0.76,,,state,nssp
5665,in,pct_ed_visits_covid,202448,202551,55,0.87,,,state,nssp
5666,ks,pct_ed_visits_covid,202448,202551,55,0.74,,,state,nssp
5667,ky,pct_ed_visits_covid,202448,202551,55,0.91,,,state,nssp
5668,la,pct_ed_visits_covid,202448,202551,55,0.4,,,state,nssp
5669,ma,pct_ed_visits_covid,202448,202551,55,0.81,,,state,nssp
5670,md,pct_ed_visits_covid,202448,202551,55,0.44,,,state,nssp
5671,me,pct_ed_visits_covid,202448,202551,55,0.86,,,state,nssp
5672,mi,pct_ed_visits_covid,202448,202551,55,0.9,,,state,nssp
5673,mn,pct_ed_visits_covid,202448,202551,55,1.16,,,state,nssp
5674,ms,pct_ed_visits_covid,202448,202551,55,0.44,,,state,nssp
5675,mt,pct_ed_visits_covid,202448,202551,55,0.97,,,state,nssp
5676,nc,pct_ed_visits_covid,202448,202551,55,0.42,,,state,nssp
5677,nd,pct_ed_visits_covid,202448,202551,55,0.86,,,state,nssp
5678,ne,pct_ed_visits_covid,202448,202551,55,0.69,,,state,nssp
5679,nh,pct_ed_visits_covid,202448,202551,55,0.75,,,state,nssp
5680,nj,pct_ed_visits_covid,202448,202551,55,0.44,,,state,nssp
5681,nm,pct_ed_visits_covid,202448,202551,55,2.23,,,state,nssp
5682,nv,pct_ed_visits_covid,202448,202551,55,0.45,,,state,nssp
5683,ny,pct_ed_visits_covid,202448,202551,55,0.38,,,state,nssp
5684,oh,pct_ed_visits_covid,202448,202551,55,0.65,,,state,nssp
5685,ok,pct_ed_visits_covid,202448,202551,55,0.65,,,state,nssp
5686,or,pct_ed_visits_covid,202448,202551,55,0.44,,,state,nssp
5687,pa,pct_ed_visits_covid,202448,202551,55,0.59,,,state,nssp
5688,ri,pct_ed_visits_covid,202448,202551,55,0.56,,,state,nssp
5689,sc,pct_ed_visits_covid,202448,202551,55,0.43,,,state,nssp
5690,sd,pct_ed_visits_covid,202448,202551,55,1.25,,,state,nssp
5691,tn,pct_ed_visits_covid,202448,202551,55,0.59,,,state,nssp
5692,tx,pct_ed_visits_covid,202448,202551,55,0.38,,,state,nssp
5693,ut,pct_ed_visits_covid,202448,202551,55,0.87,,,state,nssp
5694,va,pct_ed_visits_covid,202448,202551,55,0.53,,,state,nssp
5695,vt,pct_ed_visits_covid,202448,202551,55,0.99,,,state,nssp
5696,wa,pct_ed_visits_covid,202448,202551,55,0.43,,,state,nssp
5697,wi,pct_ed_visits_covid,202448,202551,55,0.81,,,state,nssp
5698,wv,pct_ed_visits_covid,202448,202551,55,0.96,,,state,nssp
5699,wy,pct_ed_visits_covid,202448,202551,55,0.0,,,state,nssp
5700,ak,pct_ed_visits_covid,202449,202551,54,0.46,,,state,nssp
5701,al,pct_ed_visits_covid,202449,202551,54,0.6,,,state,nssp
5702,ar,pct_ed_visits_covid,202449,202551,54,0.72,,,state,nssp
5703,az,pct_ed_visits_covid,202449,202551,54,1.63,,,state,nssp
5704,ca,pct_ed_visits_covid,202449,202551,54,0.44,,,state,nssp
5705,co,pct_ed_visits_covid,202449,202551,54,1.04,,,state,nssp
5706,ct,pct_ed_visits_covid,202449,202551,54,0.87,,,state,nssp
5707,dc,pct_ed_visits_covid,202449,202551,54,0.42,,,state,nssp
5708,de,pct_ed_visits_covid,202449,202551,54,0.91,,,state,nssp
5709,fl,pct_ed_visits_covid,202449,202551,54,0.39,,,state,nssp
5710,ga,pct_ed_visits_covid,202449,202551,54,0.29,,,state,nssp
5711,hi,pct_ed_visits_covid,202449,202551,54,0.42,,,state,nssp
5712,ia,pct_ed_visits_covid,202449,202551,54,0.91,,,state,nssp
5713,id,pct_ed_visits_covid,202449,202551,54,0.77,,,state,nssp
5714,il,pct_ed_visits_covid,202449,202551,54,0.89,,,state,nssp
5715,in,pct_ed_visits_covid,202449,202551,54,0.99,,,state,nssp
5716,ks,pct_ed_visits_covid,202449,202551,54,0.88,,,state,nssp
5717,ky,pct_ed_visits_covid,202449,202551,54,1.18,,,state,nssp
5718,la,pct_ed_visits_covid,202449,202551,54,0.44,,,state,nssp
5719,ma,pct_ed_visits_covid,202449,202551,54,0.87,,,state,nssp
5720,md,pct_ed_visits_covid,202449,202551,54,0.57,,,state,nssp
5721,me,pct_ed_visits_covid,202449,202551,54,1.14,,,state,nssp
5722,mi,pct_ed_visits_covid,202449,202551,54,1.07,,,state,nssp
5723,mn,pct_ed_visits_covid,202449,202551,54,1.5,,,state,nssp
5724,ms,pct_ed_visits_covid,202449,202551,54,0.54,,,state,nssp
5725,mt,pct_ed_visits_covid,202449,202551,54,1.15,,,state,nssp
5726,nc,pct_ed_visits_covid,202449,202551,54,0.59,,,state,nssp
5727,nd,pct_ed_visits_covid,202449,202551,54,0.9,,,state,nssp
5728,ne,pct_ed_visits_covid,202449,202551,54,0.68,,,state,nssp
5729,nh,pct_ed_visits_covid,202449,202551,54,1.04,,,state,nssp
5730,nj,pct_ed_visits_covid,202449,202551,54,0.56,,,state,nssp
5731,nm,pct_ed_visits_covid,202449,202551,54,2.01,,,state,nssp
5732,nv,pct_ed_visits_covid,202449,202551,54,0.46,,,state,nssp
5733,ny,pct_ed_visits_covid,202449,202551,54,0.47,,,state,nssp
5734,oh,pct_ed_visits_covid,202449,202551,54,0.85,,,state,nssp
5735,ok,pct_ed_visits_covid,202449,202551,54,0.93,,,state,nssp
5736,or,pct_ed_visits_covid,202449,202551,54,0.5,,,state,nssp
5737,pa,pct_ed_visits_covid,202449,202551,54,0.75,,,state,nssp
5738,ri,pct_ed_visits_covid,202449,202551,54,0.67,,,state,nssp
5739,sc,pct_ed_visits_covid,202449,202551,54,0.5,,,state,nssp
5740,sd,pct_ed_visits_covid,202449,202551,54,1.45,,,state,nssp
5741,tn,pct_ed_visits_covid,202449,202551,54,0.59,,,state,nssp
5742,tx,pct_ed_visits_covid,202449,202551,54,0.43,,,state,nssp
5743,ut,pct_ed_visits_covid,202449,202551,54,1.05,,,state,nssp
5744,va,pct_ed_visits_covid,202449,202551,54,0.62,,,state,nssp
5745,vt,pct_ed_visits_covid,202449,202551,54,0.97,,,state,nssp
5746,wa,pct_ed_visits_covid,202449,202551,54,0.4,,,state,nssp
5747,wi,pct_ed_visits_covid,202449,202551,54,1.0,,,state,nssp
5748,wv,pct_ed_visits_covid,202449,202551,54,0.94,,,state,nssp
5749,wy,pct_ed_visits_covid,202449,202551,54,0.0,,,state,nssp
5750,ak,pct_ed_visits_covid,202450,202551,53,0.56,,,state,nssp
5751,al,pct_ed_visits_covid,202450,202551,53,0.76,,,state,nssp
5752,ar,pct_ed_visits_covid,202450,202551,53,0.71,,,state,nssp
5753,az,pct_ed_visits_covid,202450,202551,53,1.31,,,state,nssp
5754,ca,pct_ed_visits_covid,202450,202551,53,0.46,,,state,nssp
5755,co,pct_ed_visits_covid,202450,202551,53,1.07,,,state,nssp
5756,ct,pct_ed_visits_covid,202450,202551,53,0.94,,,state,nssp
5757,dc,pct_ed_visits_covid,202450,202551,53,0.43,,,state,nssp
5758,de,pct_ed_visits_covid,202450,202551,53,1.0,,,state,nssp
5759,fl,pct_ed_visits_covid,202450,202551,53,0.41,,,state,nssp
5760,ga,pct_ed_visits_covid,202450,202551,53,0.37,,,state,nssp
5761,hi,pct_ed_visits_covid,202450,202551,53,0.4,,,state,nssp
5762,ia,pct_ed_visits_covid,202450,202551,53,0.95,,,state,nssp
5763,id,pct_ed_visits_covid,202450,202551,53,0.94,,,state,nssp
5764,il,pct_ed_visits_covid,202450,202551,53,1.13,,,state,nssp
5765,in,pct_ed_visits_covid,202450,202551,53,1.33,,,state,nssp
5766,ks,pct_ed_visits_covid,202450,202551,53,1.17,,,state,nssp
5767,ky,pct_ed_visits_covid,202450,202551,53,1.52,,,state,nssp
5768,la,pct_ed_visits_covid,202450,202551,53,0.52,,,state,nssp
5769,ma,pct_ed_visits_covid,202450,202551,53,1.08,,,state,nssp
5770,md,pct_ed_visits_covid,202450,202551,53,0.63,,,state,nssp
5771,me,pct_ed_visits_covid,202450,202551,53,1.46,,,state,nssp
5772,mi,pct_ed_visits_covid,202450,202551,53,1.09,,,state,nssp
5773,mn,pct_ed_visits_covid,202450,202551,53,1.58,,,state,nssp
5774,ms,pct_ed_visits_covid,202450,202551,53,0.74,,,state,nssp
5775,mt,pct_ed_visits_covid,202450,202551,53,1.15,,,state,nssp
5776,nc,pct_ed_visits_covid,202450,202551,53,0.66,,,state,nssp
5777,nd,pct_ed_visits_covid,202450,202551,53,1.11,,,state,nssp
5778,ne,pct_ed_visits_covid,202450,202551,53,0.76,,,state,nssp
5779,nh,pct_ed_visits_covid,202450,202551,53,1.24,,,state,nssp
5780,nj,pct_ed_visits_covid,202450,202551,53,0.72,,,state,nssp
5781,nm,pct_ed_visits_covid,202450,202551,53,2.23,,,state,nssp
5782,nv,pct_ed_visits_covid,202450,202551,53,0.48,,,state,nssp
5783,ny,pct_ed_visits_covid,202450,202551,53,0.51,,,state,nssp
5784,oh,pct_ed_visits_covid,202450,202551,53,1.03,,,state,nssp
5785,ok,pct_ed_visits_covid,202450,202551,53,0.86,,,state,nssp
5786,or,pct_ed_visits_covid,202450,202551,53,0.55,,,state,nssp
5787,pa,pct_ed_visits_covid,202450,202551,53,0.82,,,state,nssp
5788,ri,pct_ed_visits_covid,202450,202551,53,0.91,,,state,nssp
5789,sc,pct_ed_visits_covid,202450,202551,53,0.59,,,state,nssp
5790,sd,pct_ed_visits_covid,202450,202551,53,1.39,,,state,nssp
5791,tn,pct_ed_visits_covid,202450,202551,53,0.72,,,state,nssp
5792,tx,pct_ed_visits_covid,202450,202551,53,0.43,,,state,nssp
5793,ut,pct_ed_visits_covid,202450,202551,53,0.99,,,state,nssp
5794,va,pct_ed_visits_covid,202450,202551,53,0.8,,,state,nssp
5795,vt,pct_ed_visits_covid,202450,202551,53,1.21,,,state,nssp
5796,wa,pct_ed_visits_covid,202450,202551,53,0.4,,,state,nssp
5797,wi,pct_ed_visits_covid,202450,202551,53,1.14,,,state,nssp
5798,wv,pct_ed_visits_covid,202450,202551,53,1.2,,,state,nssp
5799,wy,pct_ed_visits_covid,202450,202551,53,0.0,,,state,nssp
5800,ak,pct_ed_visits_covid,202451,202551,52,0.52,,,state,nssp
5801,al,pct_ed_visits_covid,202451,202551,52,0.98,,,state,nssp
5802,ar,pct_ed_visits_covid,202451,202551,52,0.97,,,state,nssp
5803,az,pct_ed_visits_covid,202451,202551,52,1.31,,,state,nssp
5804,ca,pct_ed_visits_covid,202451,202551,52,0.5,,,state,nssp
5805,co,pct_ed_visits_covid,202451,202551,52,1.27,,,state,nssp
5806,ct,pct_ed_visits_covid,202451,202551,52,1.23,,,state,nssp
5807,dc,pct_ed_visits_covid,202451,202551,52,0.52,,,state,nssp
5808,de,pct_ed_visits_covid,202451,202551,52,1.16,,,state,nssp
5809,fl,pct_ed_visits_covid,202451,202551,52,0.48,,,state,nssp
5810,ga,pct_ed_visits_covid,202451,202551,52,0.48,,,state,nssp
5811,hi,pct_ed_visits_covid,202451,202551,52,0.35,,,state,nssp
5812,ia,pct_ed_visits_covid,202451,202551,52,1.07,,,state,nssp
5813,id,pct_ed_visits_covid,202451,202551,52,1.14,,,state,nssp
5814,il,pct_ed_visits_covid,202451,202551,52,1.53,,,state,nssp
5815,in,pct_ed_visits_covid,202451,202551,52,1.77,,,state,nssp
5816,ks,pct_ed_visits_covid,202451,202551,52,1.53,,,state,nssp
5817,ky,pct_ed_visits_covid,202451,202551,52,1.99,,,state,nssp
5818,la,pct_ed_visits_covid,202451,202551,52,0.67,,,state,nssp
5819,ma,pct_ed_visits_covid,202451,202551,52,1.41,,,state,nssp
5820,md,pct_ed_visits_covid,202451,202551,52,0.87,,,state,nssp
5821,me,pct_ed_visits_covid,202451,202551,52,1.86,,,state,nssp
5822,mi,pct_ed_visits_covid,202451,202551,52,1.57,,,state,nssp
5823,mn,pct_ed_visits_covid,202451,202551,52,1.74,,,state,nssp
5824,ms,pct_ed_visits_covid,202451,202551,52,0.87,,,state,nssp
5825,mt,pct_ed_visits_covid,202451,202551,52,1.14,,,state,nssp
5826,nc,pct_ed_visits_covid,202451,202551,52,0.91,,,state,nssp
5827,nd,pct_ed_visits_covid,202451,202551,52,1.24,,,state,nssp
5828,ne,pct_ed_visits_covid,202451,202551,52,0.92,,,state,nssp
5829,nh,pct_ed_visits_covid,202451,202551,52,2.12,,,state,nssp
5830,nj,pct_ed_visits_covid,202451,202551,52,0.85,,,state,nssp
5831,nm,pct_ed_visits_covid,202451,202551,52,2.42,,,state,nssp
5832,nv,pct_ed_visits_covid,202451,202551,52,0.61,,,state,nssp
5833,ny,pct_ed_visits_covid,202451,202551,52,0.63,,,state,nssp
5834,oh,pct_ed_visits_covid,202451,202551,52,1.37,,,state,nssp
5835,ok,pct_ed_visits_covid,202451,202551,52,1.26,,,state,nssp
5836,or,pct_ed_visits_covid,202451,202551,52,0.59,,,state,nssp
5837,pa,pct_ed_visits_covid,202451,202551,52,1.05,,,state,nssp
5838,ri,pct_ed_visits_covid,202451,202551,52,1.2,,,state,nssp
5839,sc,pct_ed_visits_covid,202451,202551,52,0.71,,,state,nssp
5840,sd,pct_ed_visits_covid,202451,202551,52,1.6,,,state,nssp
5841,tn,pct_ed_visits_covid,202451,202551,52,0.95,,,state,nssp
5842,tx,pct_ed_visits_covid,202451,202551,52,0.56,,,state,nssp
5843,ut,pct_ed_visits_covid,202451,202551,52,1.2,,,state,nssp
5844,va,pct_ed_visits_covid,202451,202551,52,0.96,,,state,nssp
5845,vt,pct_ed_visits_covid,202451,202551,52,1.47,,,state,nssp
5846,wa,pct_ed_visits_covid,202451,202551,52,0.52,,,state,nssp
5847,wi,pct_ed_visits_covid,202451,202551,52,1.55,,,state,nssp
5848,wv,pct_ed_visits_covid,202451,202551,52,1.58,,,state,nssp
5849,wy,pct_ed_visits_covid,202451,202551,52,0.0,,,state,nssp
5850,ak,pct_ed_visits_covid,202452,202551,51,0.52,,,state,nssp
5851,al,pct_ed_visits_covid,202452,202551,51,1.26,,,state,nssp
5852,ar,pct_ed_visits_covid,202452,202551,51,1.05,,,state,nssp
5853,az,pct_ed_visits_covid,202452,202551,51,1.56,,,state,nssp
5854,ca,pct_ed_visits_covid,202452,202551,51,0.65,,,state,nssp
5855,co,pct_ed_visits_covid,202452,202551,51,1.65,,,state,nssp
5856,ct,pct_ed_visits_covid,202452,202551,51,1.63,,,state,nssp
5857,dc,pct_ed_visits_covid,202452,202551,51,0.86,,,state,nssp
5858,de,pct_ed_visits_covid,202452,202551,51,1.61,,,state,nssp
5859,fl,pct_ed_visits_covid,202452,202551,51,0.61,,,state,nssp
5860,ga,pct_ed_visits_covid,202452,202551,51,0.72,,,state,nssp
5861,hi,pct_ed_visits_covid,202452,202551,51,0.53,,,state,nssp
5862,ia,pct_ed_visits_covid,202452,202551,51,1.62,,,state,nssp
5863,id,pct_ed_visits_covid,202452,202551,51,1.27,,,state,nssp
5864,il,pct_ed_visits_covid,202452,202551,51,2.13,,,state,nssp
5865,in,pct_ed_visits_covid,202452,202551,51,2.36,,,state,nssp
5866,ks,pct_ed_visits_covid,202452,202551,51,2.3,,,state,nssp
5867,ky,pct_ed_visits_covid,202452,202551,51,2.65,,,state,nssp
5868,la,pct_ed_visits_covid,202452,202551,51,0.9,,,state,nssp
5869,ma,pct_ed_visits_covid,202452,202551,51,1.79,,,state,nssp
5870,md,pct_ed_visits_covid,202452,202551,51,1.23,,,state,nssp
5871,me,pct_ed_visits_covid,202452,202551,51,2.85,,,state,nssp
5872,mi,pct_ed_visits_covid,202452,202551,51,2.31,,,state,nssp
5873,mn,pct_ed_visits_covid,202452,202551,51,2.11,,,state,nssp
5874,ms,pct_ed_visits_covid,202452,202551,51,1.25,,,state,nssp
5875,mt,pct_ed_visits_covid,202452,202551,51,1.49,,,state,nssp
5876,nc,pct_ed_visits_covid,202452,202551,51,1.21,,,state,nssp
5877,nd,pct_ed_visits_covid,202452,202551,51,1.47,,,state,nssp
5878,ne,pct_ed_visits_covid,202452,202551,51,1.17,,,state,nssp
5879,nh,pct_ed_visits_covid,202452,202551,51,2.79,,,state,nssp
5880,nj,pct_ed_visits_covid,202452,202551,51,1.29,,,state,nssp
5881,nm,pct_ed_visits_covid,202452,202551,51,3.01,,,state,nssp
5882,nv,pct_ed_visits_covid,202452,202551,51,0.75,,,state,nssp
5883,ny,pct_ed_visits_covid,202452,202551,51,0.91,,,state,nssp
5884,oh,pct_ed_visits_covid,202452,202551,51,2.03,,,state,nssp
5885,ok,pct_ed_visits_covid,202452,202551,51,1.74,,,state,nssp
5886,or,pct_ed_visits_covid,202452,202551,51,0.68,,,state,nssp
5887,pa,pct_ed_visits_covid,202452,202551,51,1.47,,,state,nssp
5888,ri,pct_ed_visits_covid,202452,202551,51,1.27,,,state,nssp
5889,sc,pct_ed_visits_covid,202452,202551,51,1.08,,,state,nssp
5890,sd,pct_ed_visits_covid,202452,202551,51,2.21,,,state,nssp
5891,tn,pct_ed_visits_covid,202452,202551,51,1.32,,,state,nssp
5892,tx,pct_ed_visits_covid,202452,202551,51,0.76,,,state,nssp
5893,ut,pct_ed_visits_covid,202452,202551,51,1.48,,,state,nssp
5894,va,pct_ed_visits_covid,202452,202551,51,1.41,,,state,nssp
5895,vt,pct_ed_visits_covid,202452,202551,51,1.95,,,state,nssp
5896,wa,pct_ed_visits_covid,202452,202551,51,0.68,,,state,nssp
5897,wi,pct_ed_visits_covid,202452,202551,51,2.0,,,state,nssp
5898,wv,pct_ed_visits_covid,202452,202551,51,2.59,,,state,nssp
5899,wy,pct_ed_visits_covid,202452,202551,51,0.0,,,state,nssp
5900,ak,pct_ed_visits_covid,202501,202551,50,0.35,,,state,nssp
5901,al,pct_ed_visits_covid,202501,202551,50,1.1,,,state,nssp
5902,ar,pct_ed_visits_covid,202501,202551,50,1.14,,,state,nssp
5903,az,pct_ed_visits_covid,202501,202551,50,1.5,,,state,nssp
5904,ca,pct_ed_visits_covid,202501,202551,50,0.63,,,state,nssp
5905,co,pct_ed_visits_covid,202501,202551,50,1.44,,,state,nssp
5906,ct,pct_ed_visits_covid,202501,202551,50,1.76,,,state,nssp
5907,dc,pct_ed_visits_covid,202501,202551,50,0.83,,,state,nssp
5908,de,pct_ed_visits_covid,202501,202551,50,1.51,,,state,nssp
5909,fl,pct_ed_visits_covid,202501,202551,50,0.69,,,state,nssp
5910,ga,pct_ed_visits_covid,202501,202551,50,0.75,,,state,nssp
5911,hi,pct_ed_visits_covid,202501,202551,50,0.52,,,state,nssp
5912,ia,pct_ed_visits_covid,202501,202551,50,2.07,,,state,nssp
5913,id,pct_ed_visits_covid,202501,202551,50,1.1,,,state,nssp
5914,il,pct_ed_visits_covid,202501,202551,50,2.25,,,state,nssp
5915,in,pct_ed_visits_covid,202501,202551,50,2.4,,,state,nssp
5916,ks,pct_ed_visits_covid,202501,202551,50,2.05,,,state,nssp
5917,ky,pct_ed_visits_covid,202501,202551,50,2.55,,,state,nssp
5918,la,pct_ed_visits_covid,202501,202551,50,0.92,,,state,nssp
5919,ma,pct_ed_visits_covid,202501,202551,50,1.98,,,state,nssp
5920,md,pct_ed_visits_covid,202501,202551,50,1.42,,,state,nssp
5921,me,pct_ed_visits_covid,202501,202551,50,3.26,,,state,nssp
5922,mi,pct_ed_visits_covid,202501,202551,50,2.56,,,state,nssp
5923,mn,pct_ed_visits_covid,202501,202551,50,2.43,,,state,nssp
5924,ms,pct_ed_visits_covid,202501,202551,50,1.22,,,state,nssp
5925,mt,pct_ed_visits_covid,202501,202551,50,1.65,,,state,nssp
5926,nc,pct_ed_visits_covid,202501,202551,50,1.4,,,state,nssp
5927,nd,pct_ed_visits_covid,202501,202551,50,1.29,,,state,nssp
5928,ne,pct_ed_visits_covid,202501,202551,50,1.21,,,state,nssp
5929,nh,pct_ed_visits_covid,202501,202551,50,2.92,,,state,nssp
5930,nj,pct_ed_visits_covid,202501,202551,50,1.38,,,state,nssp
5931,nm,pct_ed_visits_covid,202501,202551,50,2.5,,,state,nssp
5932,nv,pct_ed_visits_covid,202501,202551,50,0.57,,,state,nssp
5933,ny,pct_ed_visits_covid,202501,202551,50,1.12,,,state,nssp
5934,oh,pct_ed_visits_covid,202501,202551,50,2.06,,,state,nssp
5935,ok,pct_ed_visits_covid,202501,202551,50,1.69,,,state,nssp
5936,or,pct_ed_visits_covid,202501,202551,50,0.63,,,state,nssp
5937,pa,pct_ed_visits_covid,202501,202551,50,1.73,,,state,nssp
5938,ri,pct_ed_visits_covid,202501,202551,50,1.53,,,state,nssp
5939,sc,pct_ed_visits_covid,202501,202551,50,1.21,,,state,nssp
5940,sd,pct_ed_visits_covid,202501,202551,50,2.7,,,state,nssp
5941,tn,pct_ed_visits_covid,202501,202551,50,1.2,,,state,nssp
5942,tx,pct_ed_visits_covid,202501,202551,50,0.8,,,state,nssp
5943,ut,pct_ed_visits_covid,202501,202551,50,1.3,,,state,nssp
5944,va,pct_ed_visits_covid,202501,202551,50,1.61,,,state,nssp
5945,vt,pct_ed_visits_covid,202501,202551,50,2.58,,,state,nssp
5946,wa,pct_ed_visits_covid,202501,202551,50,0.7,,,state,nssp
5947,wi,pct_ed_visits_covid,202501,202551,50,2.09,,,state,nssp
5948,wv,pct_ed_visits_covid,202501,202551,50,2.53,,,state,nssp
5949,wy,pct_ed_visits_covid,202501,202551,50,0.0,,,state,nssp
5950,ak,pct_ed_visits_covid,202502,202551,49,0.36,,,state,nssp
5951,al,pct_ed_visits_covid,202502,202551,49,0.93,,,state,nssp
5952,ar,pct_ed_visits_covid,202502,202551,49,0.83,,,state,nssp
5953,az,pct_ed_visits_covid,202502,202551,49,1.22,,,state,nssp
5954,ca,pct_ed_visits_covid,202502,202551,49,0.55,,,state,nssp
5955,co,pct_ed_visits_covid,202502,202551,49,1.21,,,state,nssp
5956,ct,pct_ed_visits_covid,202502,202551,49,1.57,,,state,nssp
5957,dc,pct_ed_visits_covid,202502,202551,49,0.77,,,state,nssp
5958,de,pct_ed_visits_covid,202502,202551,49,1.58,,,state,nssp
5959,fl,pct_ed_visits_covid,202502,202551,49,0.64,,,state,nssp
5960,ga,pct_ed_visits_covid,202502,202551,49,0.66,,,state,nssp
5961,hi,pct_ed_visits_covid,202502,202551,49,0.73,,,state,nssp
5962,ia,pct_ed_visits_covid,202502,202551,49,1.83,,,state,nssp
5963,id,pct_ed_visits_covid,202502,202551,49,0.89,,,state,nssp
5964,il,pct_ed_visits_covid,202502,202551,49,1.88,,,state,nssp
5965,in,pct_ed_visits_covid,202502,202551,49,1.83,,,state,nssp
5966,ks,pct_ed_visits_covid,202502,202551,49,1.24,,,state,nssp
5967,ky,pct_ed_visits_covid,202502,202551,49,1.79,,,state,nssp
5968,la,pct_ed_visits_covid,202502,202551,49,0.69,,,state,nssp
5969,ma,pct_ed_visits_covid,202502,202551,49,1.62,,,state,nssp
5970,md,pct_ed_visits_covid,202502,202551,49,1.13,,,state,nssp
5971,me,pct_ed_visits_covid,202502,202551,49,2.66,,,state,nssp
5972,mi,pct_ed_visits_covid,202502,202551,49,2.27,,,state,nssp
5973,mn,pct_ed_visits_covid,202502,202551,49,2.03,,,state,nssp
5974,ms,pct_ed_visits_covid,202502,202551,49,1.0,,,state,nssp
5975,mt,pct_ed_visits_covid,202502,202551,49,1.0,,,state,nssp
5976,nc,pct_ed_visits_covid,202502,202551,49,1.27,,,state,nssp
5977,nd,pct_ed_visits_covid,202502,202551,49,1.2,,,state,nssp
5978,ne,pct_ed_visits_covid,202502,202551,49,1.18,,,state,nssp
5979,nh,pct_ed_visits_covid,202502,202551,49,2.22,,,state,nssp
5980,nj,pct_ed_visits_covid,202502,202551,49,1.25,,,state,nssp
5981,nm,pct_ed_visits_covid,202502,202551,49,1.76,,,state,nssp
5982,nv,pct_ed_visits_covid,202502,202551,49,0.64,,,state,nssp
5983,ny,pct_ed_visits_covid,202502,202551,49,0.93,,,state,nssp
5984,oh,pct_ed_visits_covid,202502,202551,49,1.65,,,state,nssp
5985,ok,pct_ed_visits_covid,202502,202551,49,1.4,,,state,nssp
5986,or,pct_ed_visits_covid,202502,202551,49,0.58,,,state,nssp
5987,pa,pct_ed_visits_covid,202502,202551,49,1.4,,,state,nssp
5988,ri,pct_ed_visits_covid,202502,202551,49,1.22,,,state,nssp
5989,sc,pct_ed_visits_covid,202502,202551,49,0.94,,,state,nssp
5990,sd,pct_ed_visits_covid,202502,202551,49,2.07,,,state,nssp
5991,tn,pct_ed_visits_covid,202502,202551,49,1.03,,,state,nssp
5992,tx,pct_ed_visits_covid,202502,202551,49,0.69,,,state,nssp
5993,ut,pct_ed_visits_covid,202502,202551,49,0.89,,,state,nssp
5994,va,pct_ed_visits_covid,202502,202551,49,1.24,,,state,nssp
5995,vt,pct_ed_visits_covid,202502,202551,49,1.62,,,state,nssp
5996,wa,pct_ed_visits_covid,202502,202551,49,0.57,,,state,nssp
5997,wi,pct_ed_visits_covid,202502,202551,49,1.98,,,state,nssp
5998,wv,pct_ed_visits_covid,202502,202551,49,1.84,,,state,nssp
5999,wy,pct_ed_visits_covid,202502,202551,49,0.0,,,state,nssp
6000,ak,pct_ed_visits_covid,202503,202551,48,0.27,,,state,nssp
6001,al,pct_ed_visits_covid,202503,202551,48,0.98,,,state,nssp
6002,ar,pct_ed_visits_covid,202503,202551,48,0.71,,,state,nssp
6003,az,pct_ed_visits_covid,202503,202551,48,0.93,,,state,nssp
6004,ca,pct_ed_visits_covid,202503,202551,48,0.52,,,state,nssp
6005,co,pct_ed_visits_covid,202503,202551,48,0.81,,,state,nssp
6006,ct,pct_ed_visits_covid,202503,202551,48,1.74,,,state,nssp
6007,dc,pct_ed_visits_covid,202503,202551,48,0.76,,,state,nssp
6008,de,pct_ed_visits_covid,202503,202551,48,1.23,,,state,nssp
6009,fl,pct_ed_visits_covid,202503,202551,48,0.62,,,state,nssp
6010,ga,pct_ed_visits_covid,202503,202551,48,0.6,,,state,nssp
6011,hi,pct_ed_visits_covid,202503,202551,48,0.55,,,state,nssp
6012,ia,pct_ed_visits_covid,202503,202551,48,1.5,,,state,nssp
6013,id,pct_ed_visits_covid,202503,202551,48,1.0,,,state,nssp
6014,il,pct_ed_visits_covid,202503,202551,48,1.57,,,state,nssp
6015,in,pct_ed_visits_covid,202503,202551,48,1.48,,,state,nssp
6016,ks,pct_ed_visits_covid,202503,202551,48,1.18,,,state,nssp
6017,ky,pct_ed_visits_covid,202503,202551,48,1.3,,,state,nssp
6018,la,pct_ed_visits_covid,202503,202551,48,0.74,,,state,nssp
6019,ma,pct_ed_visits_covid,202503,202551,48,1.37,,,state,nssp
6020,md,pct_ed_visits_covid,202503,202551,48,1.08,,,state,nssp
6021,me,pct_ed_visits_covid,202503,202551,48,1.93,,,state,nssp
6022,mi,pct_ed_visits_covid,202503,202551,48,1.89,,,state,nssp
6023,mn,pct_ed_visits_covid,202503,202551,48,1.57,,,state,nssp
6024,ms,pct_ed_visits_covid,202503,202551,48,1.04,,,state,nssp
6025,mt,pct_ed_visits_covid,202503,202551,48,0.83,,,state,nssp
6026,nc,pct_ed_visits_covid,202503,202551,48,1.14,,,state,nssp
6027,nd,pct_ed_visits_covid,202503,202551,48,1.09,,,state,nssp
6028,ne,pct_ed_visits_covid,202503,202551,48,0.71,,,state,nssp
6029,nh,pct_ed_visits_covid,202503,202551,48,2.0,,,state,nssp
6030,nj,pct_ed_visits_covid,202503,202551,48,1.24,,,state,nssp
6031,nm,pct_ed_visits_covid,202503,202551,48,1.28,,,state,nssp
6032,nv,pct_ed_visits_covid,202503,202551,48,0.5,,,state,nssp
6033,ny,pct_ed_visits_covid,202503,202551,48,0.85,,,state,nssp
6034,oh,pct_ed_visits_covid,202503,202551,48,1.26,,,state,nssp
6035,ok,pct_ed_visits_covid,202503,202551,48,1.21,,,state,nssp
6036,or,pct_ed_visits_covid,202503,202551,48,0.51,,,state,nssp
6037,pa,pct_ed_visits_covid,202503,202551,48,1.09,,,state,nssp
6038,ri,pct_ed_visits_covid,202503,202551,48,1.02,,,state,nssp
6039,sc,pct_ed_visits_covid,202503,202551,48,1.06,,,state,nssp
6040,sd,pct_ed_visits_covid,202503,202551,48,1.94,,,state,nssp
6041,tn,pct_ed_visits_covid,202503,202551,48,0.89,,,state,nssp
6042,tx,pct_ed_visits_covid,202503,202551,48,0.66,,,state,nssp
6043,ut,pct_ed_visits_covid,202503,202551,48,0.68,,,state,nssp
6044,va,pct_ed_visits_covid,202503,202551,48,1.02,,,state,nssp
6045,vt,pct_ed_visits_covid,202503,202551,48,1.7,,,state,nssp
6046,wa,pct_ed_visits_covid,202503,202551,48,0.48,,,state,nssp
6047,wi,pct_ed_visits_covid,202503,202551,48,1.7,,,state,nssp
6048,wv,pct_ed_visits_covid,202503,202551,48,1.2,,,state,nssp
6049,wy,pct_ed_visits_covid,202503,202551,48,0.0,,,state,nssp
6050,ak,pct_ed_visits_covid,202504,202551,47,0.28,,,state,nssp
6051,al,pct_ed_visits_covid,202504,202551,47,1.04,,,state,nssp
6052,ar,pct_ed_visits_covid,202504,202551,47,0.88,,,state,nssp
6053,az,pct_ed_visits_covid,202504,202551,47,0.87,,,state,nssp
6054,ca,pct_ed_visits_covid,202504,202551,47,0.64,,,state,nssp
6055,co,pct_ed_visits_covid,202504,202551,47,0.79,,,state,nssp
6056,ct,pct_ed_visits_covid,202504,202551,47,1.41,,,state,nssp
6057,dc,pct_ed_visits_covid,202504,202551,47,0.65,,,state,nssp
6058,de,pct_ed_visits_covid,202504,202551,47,1.07,,,state,nssp
6059,fl,pct_ed_visits_covid,202504,202551,47,0.68,,,state,nssp
6060,ga,pct_ed_visits_covid,202504,202551,47,0.72,,,state,nssp
6061,hi,pct_ed_visits_covid,202504,202551,47,0.44,,,state,nssp
6062,ia,pct_ed_visits_covid,202504,202551,47,1.83,,,state,nssp
6063,id,pct_ed_visits_covid,202504,202551,47,0.73,,,state,nssp
6064,il,pct_ed_visits_covid,202504,202551,47,1.61,,,state,nssp
6065,in,pct_ed_visits_covid,202504,202551,47,1.44,,,state,nssp
6066,ks,pct_ed_visits_covid,202504,202551,47,1.02,,,state,nssp
6067,ky,pct_ed_visits_covid,202504,202551,47,1.4,,,state,nssp
6068,la,pct_ed_visits_covid,202504,202551,47,0.89,,,state,nssp
6069,ma,pct_ed_visits_covid,202504,202551,47,1.32,,,state,nssp
6070,md,pct_ed_visits_covid,202504,202551,47,1.15,,,state,nssp
6071,me,pct_ed_visits_covid,202504,202551,47,1.62,,,state,nssp
6072,mi,pct_ed_visits_covid,202504,202551,47,1.75,,,state,nssp
6073,mn,pct_ed_visits_covid,202504,202551,47,1.51,,,state,nssp
6074,ms,pct_ed_visits_covid,202504,202551,47,1.21,,,state,nssp
6075,mt,pct_ed_visits_covid,202504,202551,47,0.74,,,state,nssp
6076,nc,pct_ed_visits_covid,202504,202551,47,1.26,,,state,nssp
6077,nd,pct_ed_visits_covid,202504,202551,47,0.76,,,state,nssp
6078,ne,pct_ed_visits_covid,202504,202551,47,0.75,,,state,nssp
6079,nh,pct_ed_visits_covid,202504,202551,47,1.65,,,state,nssp
6080,nj,pct_ed_visits_covid,202504,202551,47,1.2,,,state,nssp
6081,nm,pct_ed_visits_covid,202504,202551,47,0.98,,,state,nssp
6082,nv,pct_ed_visits_covid,202504,202551,47,0.42,,,state,nssp
6083,ny,pct_ed_visits_covid,202504,202551,47,0.95,,,state,nssp
6084,oh,pct_ed_visits_covid,202504,202551,47,1.28,,,state,nssp
6085,ok,pct_ed_visits_covid,202504,202551,47,1.05,,,state,nssp
6086,or,pct_ed_visits_covid,202504,202551,47,0.46,,,state,nssp
6087,pa,pct_ed_visits_covid,202504,202551,47,1.08,,,state,nssp
6088,ri,pct_ed_visits_covid,202504,202551,47,1.04,,,state,nssp
6089,sc,pct_ed_visits_covid,202504,202551,47,1.09,,,state,nssp
6090,sd,pct_ed_visits_covid,202504,202551,47,1.41,,,state,nssp
6091,tn,pct_ed_visits_covid,202504,202551,47,0.98,,,state,nssp
6092,tx,pct_ed_visits_covid,202504,202551,47,0.78,,,state,nssp
6093,ut,pct_ed_visits_covid,202504,202551,47,0.63,,,state,nssp
6094,va,pct_ed_visits_covid,202504,202551,47,1.13,,,state,nssp
6095,vt,pct_ed_visits_covid,202504,202551,47,1.37,,,state,nssp
6096,wa,pct_ed_visits_covid,202504,202551,47,0.53,,,state,nssp
6097,wi,pct_ed_visits_covid,202504,202551,47,1.69,,,state,nssp
6098,wv,pct_ed_visits_covid,202504,202551,47,1.27,,,state,nssp
6099,wy,pct_ed_visits_covid,202504,202551,47,0.0,,,state,nssp
6100,ak,pct_ed_visits_covid,202505,202551,46,0.21,,,state,nssp
6101,al,pct_ed_visits_covid,202505,202551,46,1.2,,,state,nssp
6102,ar,pct_ed_visits_covid,202505,202551,46,0.94,,,state,nssp
6103,az,pct_ed_visits_covid,202505,202551,46,0.77,,,state,nssp
6104,ca,pct_ed_visits_covid,202505,202551,46,0.62,,,state,nssp
6105,co,pct_ed_visits_covid,202505,202551,46,0.74,,,state,nssp
6106,ct,pct_ed_visits_covid,202505,202551,46,1.4,,,state,nssp
6107,dc,pct_ed_visits_covid,202505,202551,46,0.88,,,state,nssp
6108,de,pct_ed_visits_covid,202505,202551,46,1.18,,,state,nssp
6109,fl,pct_ed_visits_covid,202505,202551,46,0.68,,,state,nssp
6110,ga,pct_ed_visits_covid,202505,202551,46,0.74,,,state,nssp
6111,hi,pct_ed_visits_covid,202505,202551,46,0.48,,,state,nssp
6112,ia,pct_ed_visits_covid,202505,202551,46,1.43,,,state,nssp
6113,id,pct_ed_visits_covid,202505,202551,46,0.75,,,state,nssp
6114,il,pct_ed_visits_covid,202505,202551,46,1.53,,,state,nssp
6115,in,pct_ed_visits_covid,202505,202551,46,1.36,,,state,nssp
6116,ks,pct_ed_visits_covid,202505,202551,46,0.97,,,state,nssp
6117,ky,pct_ed_visits_covid,202505,202551,46,1.56,,,state,nssp
6118,la,pct_ed_visits_covid,202505,202551,46,0.91,,,state,nssp
6119,ma,pct_ed_visits_covid,202505,202551,46,1.17,,,state,nssp
6120,md,pct_ed_visits_covid,202505,202551,46,1.18,,,state,nssp
6121,me,pct_ed_visits_covid,202505,202551,46,1.43,,,state,nssp
6122,mi,pct_ed_visits_covid,202505,202551,46,1.63,,,state,nssp
6123,mn,pct_ed_visits_covid,202505,202551,46,1.24,,,state,nssp
6124,ms,pct_ed_visits_covid,202505,202551,46,1.15,,,state,nssp
6125,mt,pct_ed_visits_covid,202505,202551,46,0.82,,,state,nssp
6126,nc,pct_ed_visits_covid,202505,202551,46,1.15,,,state,nssp
6127,nd,pct_ed_visits_covid,202505,202551,46,0.75,,,state,nssp
6128,ne,pct_ed_visits_covid,202505,202551,46,0.74,,,state,nssp
6129,nh,pct_ed_visits_covid,202505,202551,46,1.24,,,state,nssp
6130,nj,pct_ed_visits_covid,202505,202551,46,1.27,,,state,nssp
6131,nm,pct_ed_visits_covid,202505,202551,46,0.94,,,state,nssp
6132,nv,pct_ed_visits_covid,202505,202551,46,0.45,,,state,nssp
6133,ny,pct_ed_visits_covid,202505,202551,46,0.92,,,state,nssp
6134,oh,pct_ed_visits_covid,202505,202551,46,1.23,,,state,nssp
6135,ok,pct_ed_visits_covid,202505,202551,46,1.15,,,state,nssp
6136,or,pct_ed_visits_covid,202505,202551,46,0.6,,,state,nssp
6137,pa,pct_ed_visits_covid,202505,202551,46,1.07,,,state,nssp
6138,ri,pct_ed_visits_covid,202505,202551,46,1.02,,,state,nssp
6139,sc,pct_ed_visits_covid,202505,202551,46,1.11,,,state,nssp
6140,sd,pct_ed_visits_covid,202505,202551,46,1.36,,,state,nssp
6141,tn,pct_ed_visits_covid,202505,202551,46,1.19,,,state,nssp
6142,tx,pct_ed_visits_covid,202505,202551,46,0.94,,,state,nssp
6143,ut,pct_ed_visits_covid,202505,202551,46,0.63,,,state,nssp
6144,va,pct_ed_visits_covid,202505,202551,46,1.31,,,state,nssp
6145,vt,pct_ed_visits_covid,202505,202551,46,1.62,,,state,nssp
6146,wa,pct_ed_visits_covid,202505,202551,46,0.64,,,state,nssp
6147,wi,pct_ed_visits_covid,202505,202551,46,1.39,,,state,nssp
6148,wv,pct_ed_visits_covid,202505,202551,46,1.25,,,state,nssp
6149,wy,pct_ed_visits_covid,202505,202551,46,0.0,,,state,nssp
6150,ak,pct_ed_visits_covid,202506,202551,45,0.25,,,state,nssp
6151,al,pct_ed_visits_covid,202506,202551,45,1.25,,,state,nssp
6152,ar,pct_ed_visits_covid,202506,202551,45,1.0,,,state,nssp
6153,az,pct_ed_visits_covid,202506,202551,45,0.77,,,state,nssp
6154,ca,pct_ed_visits_covid,202506,202551,45,0.56,,,state,nssp
6155,co,pct_ed_visits_covid,202506,202551,45,0.64,,,state,nssp
6156,ct,pct_ed_visits_covid,202506,202551,45,1.39,,,state,nssp
6157,dc,pct_ed_visits_covid,202506,202551,45,0.95,,,state,nssp
6158,de,pct_ed_visits_covid,202506,202551,45,1.5,,,state,nssp
6159,fl,pct_ed_visits_covid,202506,202551,45,0.61,,,state,nssp
6160,ga,pct_ed_visits_covid,202506,202551,45,0.9,,,state,nssp
6161,hi,pct_ed_visits_covid,202506,202551,45,0.43,,,state,nssp
6162,ia,pct_ed_visits_covid,202506,202551,45,1.4,,,state,nssp
6163,id,pct_ed_visits_covid,202506,202551,45,0.96,,,state,nssp
6164,il,pct_ed_visits_covid,202506,202551,45,1.58,,,state,nssp
6165,in,pct_ed_visits_covid,202506,202551,45,1.4,,,state,nssp
6166,ks,pct_ed_visits_covid,202506,202551,45,1.22,,,state,nssp
6167,ky,pct_ed_visits_covid,202506,202551,45,1.79,,,state,nssp
6168,la,pct_ed_visits_covid,202506,202551,45,0.97,,,state,nssp
6169,ma,pct_ed_visits_covid,202506,202551,45,0.94,,,state,nssp
6170,md,pct_ed_visits_covid,202506,202551,45,1.29,,,state,nssp
6171,me,pct_ed_visits_covid,202506,202551,45,1.14,,,state,nssp
6172,mi,pct_ed_visits_covid,202506,202551,45,1.41,,,state,nssp
6173,mn,pct_ed_visits_covid,202506,202551,45,1.28,,,state,nssp
6174,ms,pct_ed_visits_covid,202506,202551,45,1.17,,,state,nssp
6175,mt,pct_ed_visits_covid,202506,202551,45,0.95,,,state,nssp
6176,nc,pct_ed_visits_covid,202506,202551,45,1.22,,,state,nssp
6177,nd,pct_ed_visits_covid,202506,202551,45,0.91,,,state,nssp
6178,ne,pct_ed_visits_covid,202506,202551,45,0.66,,,state,nssp
6179,nh,pct_ed_visits_covid,202506,202551,45,0.97,,,state,nssp
6180,nj,pct_ed_visits_covid,202506,202551,45,1.35,,,state,nssp
6181,nm,pct_ed_visits_covid,202506,202551,45,0.83,,,state,nssp
6182,nv,pct_ed_visits_covid,202506,202551,45,0.43,,,state,nssp
6183,ny,pct_ed_visits_covid,202506,202551,45,0.9,,,state,nssp
6184,oh,pct_ed_visits_covid,202506,202551,45,1.22,,,state,nssp
6185,ok,pct_ed_visits_covid,202506,202551,45,1.19,,,state,nssp
6186,or,pct_ed_visits_covid,202506,202551,45,0.54,,,state,nssp
6187,pa,pct_ed_visits_covid,202506,202551,45,1.02,,,state,nssp
6188,ri,pct_ed_visits_covid,202506,202551,45,0.83,,,state,nssp
6189,sc,pct_ed_visits_covid,202506,202551,45,1.15,,,state,nssp
6190,sd,pct_ed_visits_covid,202506,202551,45,1.14,,,state,nssp
6191,tn,pct_ed_visits_covid,202506,202551,45,1.34,,,state,nssp
6192,tx,pct_ed_visits_covid,202506,202551,45,0.98,,,state,nssp
6193,ut,pct_ed_visits_covid,202506,202551,45,0.66,,,state,nssp
6194,va,pct_ed_visits_covid,202506,202551,45,1.41,,,state,nssp
6195,vt,pct_ed_visits_covid,202506,202551,45,1.38,,,state,nssp
6196,wa,pct_ed_visits_covid,202506,202551,45,0.67,,,state,nssp
6197,wi,pct_ed_visits_covid,202506,202551,45,1.35,,,state,nssp
6198,wv,pct_ed_visits_covid,202506,202551,45,1.34,,,state,nssp
6199,wy,pct_ed_visits_covid,202506,202551,45,0.0,,,state,nssp
6200,ak,pct_ed_visits_covid,202507,202551,44,0.3,,,state,nssp
6201,al,pct_ed_visits_covid,202507,202551,44,1.31,,,state,nssp
6202,ar,pct_ed_visits_covid,202507,202551,44,0.82,,,state,nssp
6203,az,pct_ed_visits_covid,202507,202551,44,0.76,,,state,nssp
6204,ca,pct_ed_visits_covid,202507,202551,44,0.49,,,state,nssp
6205,co,pct_ed_visits_covid,202507,202551,44,0.75,,,state,nssp
6206,ct,pct_ed_visits_covid,202507,202551,44,1.06,,,state,nssp
6207,dc,pct_ed_visits_covid,202507,202551,44,1.07,,,state,nssp
6208,de,pct_ed_visits_covid,202507,202551,44,1.29,,,state,nssp
6209,fl,pct_ed_visits_covid,202507,202551,44,0.55,,,state,nssp
6210,ga,pct_ed_visits_covid,202507,202551,44,0.83,,,state,nssp
6211,hi,pct_ed_visits_covid,202507,202551,44,0.53,,,state,nssp
6212,ia,pct_ed_visits_covid,202507,202551,44,1.16,,,state,nssp
6213,id,pct_ed_visits_covid,202507,202551,44,0.91,,,state,nssp
6214,il,pct_ed_visits_covid,202507,202551,44,1.56,,,state,nssp
6215,in,pct_ed_visits_covid,202507,202551,44,1.35,,,state,nssp
6216,ks,pct_ed_visits_covid,202507,202551,44,1.26,,,state,nssp
6217,ky,pct_ed_visits_covid,202507,202551,44,1.49,,,state,nssp
6218,la,pct_ed_visits_covid,202507,202551,44,0.87,,,state,nssp
6219,ma,pct_ed_visits_covid,202507,202551,44,0.95,,,state,nssp
6220,md,pct_ed_visits_covid,202507,202551,44,1.19,,,state,nssp
6221,me,pct_ed_visits_covid,202507,202551,44,0.68,,,state,nssp
6222,mi,pct_ed_visits_covid,202507,202551,44,1.39,,,state,nssp
6223,mn,pct_ed_visits_covid,202507,202551,44,0.99,,,state,nssp
6224,ms,pct_ed_visits_covid,202507,202551,44,1.17,,,state,nssp
6225,mt,pct_ed_visits_covid,202507,202551,44,0.75,,,state,nssp
6226,nc,pct_ed_visits_covid,202507,202551,44,1.18,,,state,nssp
6227,nd,pct_ed_visits_covid,202507,202551,44,0.96,,,state,nssp
6228,ne,pct_ed_visits_covid,202507,202551,44,0.49,,,state,nssp
6229,nh,pct_ed_visits_covid,202507,202551,44,0.8,,,state,nssp
6230,nj,pct_ed_visits_covid,202507,202551,44,1.11,,,state,nssp
6231,nm,pct_ed_visits_covid,202507,202551,44,0.72,,,state,nssp
6232,nv,pct_ed_visits_covid,202507,202551,44,0.4,,,state,nssp
6233,ny,pct_ed_visits_covid,202507,202551,44,0.86,,,state,nssp
6234,oh,pct_ed_visits_covid,202507,202551,44,1.18,,,state,nssp
6235,ok,pct_ed_visits_covid,202507,202551,44,1.2,,,state,nssp
6236,or,pct_ed_visits_covid,202507,202551,44,0.54,,,state,nssp
6237,pa,pct_ed_visits_covid,202507,202551,44,0.99,,,state,nssp
6238,ri,pct_ed_visits_covid,202507,202551,44,0.59,,,state,nssp
6239,sc,pct_ed_visits_covid,202507,202551,44,1.04,,,state,nssp
6240,sd,pct_ed_visits_covid,202507,202551,44,1.0,,,state,nssp
6241,tn,pct_ed_visits_covid,202507,202551,44,1.29,,,state,nssp
6242,tx,pct_ed_visits_covid,202507,202551,44,0.88,,,state,nssp
6243,ut,pct_ed_visits_covid,202507,202551,44,0.67,,,state,nssp
6244,va,pct_ed_visits_covid,202507,202551,44,1.4,,,state,nssp
6245,vt,pct_ed_visits_covid,202507,202551,44,1.07,,,state,nssp
6246,wa,pct_ed_visits_covid,202507,202551,44,0.73,,,state,nssp
6247,wi,pct_ed_visits_covid,202507,202551,44,1.18,,,state,nssp
6248,wv,pct_ed_visits_covid,202507,202551,44,1.42,,,state,nssp
6249,wy,pct_ed_visits_covid,202507,202551,44,0.0,,,state,nssp
6250,ak,pct_ed_visits_covid,202508,202551,43,0.4,,,state,nssp
6251,al,pct_ed_visits_covid,202508,202551,43,1.16,,,state,nssp
6252,ar,pct_ed_visits_covid,202508,202551,43,0.97,,,state,nssp
6253,az,pct_ed_visits_covid,202508,202551,43,0.65,,,state,nssp
6254,ca,pct_ed_visits_covid,202508,202551,43,0.44,,,state,nssp
6255,co,pct_ed_visits_covid,202508,202551,43,0.65,,,state,nssp
6256,ct,pct_ed_visits_covid,202508,202551,43,0.95,,,state,nssp
6257,dc,pct_ed_visits_covid,202508,202551,43,0.72,,,state,nssp
6258,de,pct_ed_visits_covid,202508,202551,43,1.23,,,state,nssp
6259,fl,pct_ed_visits_covid,202508,202551,43,0.5,,,state,nssp
6260,ga,pct_ed_visits_covid,202508,202551,43,1.03,,,state,nssp
6261,hi,pct_ed_visits_covid,202508,202551,43,0.43,,,state,nssp
6262,ia,pct_ed_visits_covid,202508,202551,43,1.03,,,state,nssp
6263,id,pct_ed_visits_covid,202508,202551,43,0.84,,,state,nssp
6264,il,pct_ed_visits_covid,202508,202551,43,1.36,,,state,nssp
6265,in,pct_ed_visits_covid,202508,202551,43,1.27,,,state,nssp
6266,ks,pct_ed_visits_covid,202508,202551,43,1.04,,,state,nssp
6267,ky,pct_ed_visits_covid,202508,202551,43,1.39,,,state,nssp
6268,la,pct_ed_visits_covid,202508,202551,43,1.0,,,state,nssp
6269,ma,pct_ed_visits_covid,202508,202551,43,0.71,,,state,nssp
6270,md,pct_ed_visits_covid,202508,202551,43,1.13,,,state,nssp
6271,me,pct_ed_visits_covid,202508,202551,43,0.54,,,state,nssp
6272,mi,pct_ed_visits_covid,202508,202551,43,1.3,,,state,nssp
6273,mn,pct_ed_visits_covid,202508,202551,43,0.82,,,state,nssp
6274,ms,pct_ed_visits_covid,202508,202551,43,1.02,,,state,nssp
6275,mt,pct_ed_visits_covid,202508,202551,43,0.52,,,state,nssp
6276,nc,pct_ed_visits_covid,202508,202551,43,1.19,,,state,nssp
6277,nd,pct_ed_visits_covid,202508,202551,43,0.51,,,state,nssp
6278,ne,pct_ed_visits_covid,202508,202551,43,0.44,,,state,nssp
6279,nh,pct_ed_visits_covid,202508,202551,43,0.57,,,state,nssp
6280,nj,pct_ed_visits_covid,202508,202551,43,1.01,,,state,nssp
6281,nm,pct_ed_visits_covid,202508,202551,43,0.79,,,state,nssp
6282,nv,pct_ed_visits_covid,202508,202551,43,0.45,,,state,nssp
6283,ny,pct_ed_visits_covid,202508,202551,43,0.8,,,state,nssp
6284,oh,pct_ed_visits_covid,202508,202551,43,1.05,,,state,nssp
6285,ok,pct_ed_visits_covid,202508,202551,43,0.97,,,state,nssp
6286,or,pct_ed_visits_covid,202508,202551,43,0.54,,,state,nssp
6287,pa,pct_ed_visits_covid,202508,202551,43,0.84,,,state,nssp
6288,ri,pct_ed_visits_covid,202508,202551,43,0.61,,,state,nssp
6289,sc,pct_ed_visits_covid,202508,202551,43,0.91,,,state,nssp
6290,sd,pct_ed_visits_covid,202508,202551,43,0.94,,,state,nssp
6291,tn,pct_ed_visits_covid,202508,202551,43,1.22,,,state,nssp
6292,tx,pct_ed_visits_covid,202508,202551,43,0.84,,,state,nssp
6293,ut,pct_ed_visits_covid,202508,202551,43,0.65,,,state,nssp
6294,va,pct_ed_visits_covid,202508,202551,43,1.22,,,state,nssp
6295,vt,pct_ed_visits_covid,202508,202551,43,0.97,,,state,nssp
6296,wa,pct_ed_visits_covid,202508,202551,43,0.71,,,state,nssp
6297,wi,pct_ed_visits_covid,202508,202551,43,0.98,,,state,nssp
6298,wv,pct_ed_visits_covid,202508,202551,43,1.33,,,state,nssp
6299,wy,pct_ed_visits_covid,202508,202551,43,0.0,,,state,nssp
6300,ak,pct_ed_visits_covid,202509,202551,42,0.56,,,state,nssp
6301,al,pct_ed_visits_covid,202509,202551,42,1.35,,,state,nssp
6302,ar,pct_ed_visits_covid,202509,202551,42,0.76,,,state,nssp
6303,az,pct_ed_visits_covid,202509,202551,42,0.62,,,state,nssp
6304,ca,pct_ed_visits_covid,202509,202551,42,0.39,,,state,nssp
6305,co,pct_ed_visits_covid,202509,202551,42,0.53,,,state,nssp
6306,ct,pct_ed_visits_covid,202509,202551,42,0.75,,,state,nssp
6307,dc,pct_ed_visits_covid,202509,202551,42,0.76,,,state,nssp
6308,de,pct_ed_visits_covid,202509,202551,42,1.14,,,state,nssp
6309,fl,pct_ed_visits_covid,202509,202551,42,0.49,,,state,nssp
6310,ga,pct_ed_visits_covid,202509,202551,42,1.03,,,state,nssp
6311,hi,pct_ed_visits_covid,202509,202551,42,0.41,,,state,nssp
6312,ia,pct_ed_visits_covid,202509,202551,42,0.97,,,state,nssp
6313,id,pct_ed_visits_covid,202509,202551,42,0.68,,,state,nssp
6314,il,pct_ed_visits_covid,202509,202551,42,1.18,,,state,nssp
6315,in,pct_ed_visits_covid,202509,202551,42,1.08,,,state,nssp
6316,ks,pct_ed_visits_covid,202509,202551,42,0.79,,,state,nssp
6317,ky,pct_ed_visits_covid,202509,202551,42,1.18,,,state,nssp
6318,la,pct_ed_visits_covid,202509,202551,42,1.05,,,state,nssp
6319,ma,pct_ed_visits_covid,202509,202551,42,0.59,,,state,nssp
6320,md,pct_ed_visits_covid,202509,202551,42,0.94,,,state,nssp
6321,me,pct_ed_visits_covid,202509,202551,42,0.44,,,state,nssp
6322,mi,pct_ed_visits_covid,202509,202551,42,1.11,,,state,nssp
6323,mn,pct_ed_visits_covid,202509,202551,42,0.78,,,state,nssp
6324,ms,pct_ed_visits_covid,202509,202551,42,1.05,,,state,nssp
6325,mt,pct_ed_visits_covid,202509,202551,42,0.55,,,state,nssp
6326,nc,pct_ed_visits_covid,202509,202551,42,1.07,,,state,nssp
6327,nd,pct_ed_visits_covid,202509,202551,42,0.46,,,state,nssp
6328,ne,pct_ed_visits_covid,202509,202551,42,0.38,,,state,nssp
6329,nh,pct_ed_visits_covid,202509,202551,42,0.48,,,state,nssp
6330,nj,pct_ed_visits_covid,202509,202551,42,0.99,,,state,nssp
6331,nm,pct_ed_visits_covid,202509,202551,42,0.52,,,state,nssp
6332,nv,pct_ed_visits_covid,202509,202551,42,0.33,,,state,nssp
6333,ny,pct_ed_visits_covid,202509,202551,42,0.78,,,state,nssp
6334,oh,pct_ed_visits_covid,202509,202551,42,0.85,,,state,nssp
6335,ok,pct_ed_visits_covid,202509,202551,42,0.71,,,state,nssp
6336,or,pct_ed_visits_covid,202509,202551,42,0.47,,,state,nssp
6337,pa,pct_ed_visits_covid,202509,202551,42,0.7,,,state,nssp
6338,ri,pct_ed_visits_covid,202509,202551,42,0.33,,,state,nssp
6339,sc,pct_ed_visits_covid,202509,202551,42,1.1,,,state,nssp
6340,sd,pct_ed_visits_covid,202509,202551,42,0.77,,,state,nssp
6341,tn,pct_ed_visits_covid,202509,202551,42,1.19,,,state,nssp
6342,tx,pct_ed_visits_covid,202509,202551,42,0.87,,,state,nssp
6343,ut,pct_ed_visits_covid,202509,202551,42,0.56,,,state,nssp
6344,va,pct_ed_visits_covid,202509,202551,42,1.09,,,state,nssp
6345,vt,pct_ed_visits_covid,202509,202551,42,0.49,,,state,nssp
6346,wa,pct_ed_visits_covid,202509,202551,42,0.53,,,state,nssp
6347,wi,pct_ed_visits_covid,202509,202551,42,0.88,,,state,nssp
6348,wv,pct_ed_visits_covid,202509,202551,42,1.13,,,state,nssp
6349,wy,pct_ed_visits_covid,202509,202551,42,0.0,,,state,nssp
6350,ak,pct_ed_visits_covid,202510,202551,41,0.69,,,state,nssp
6351,al,pct_ed_visits_covid,202510,202551,41,1.49,,,state,nssp
6352,ar,pct_ed_visits_covid,202510,202551,41,0.87,,,state,nssp
6353,az,pct_ed_visits_covid,202510,202551,41,0.53,,,state,nssp
6354,ca,pct_ed_visits_covid,202510,202551,41,0.39,,,state,nssp
6355,co,pct_ed_visits_covid,202510,202551,41,0.51,,,state,nssp
6356,ct,pct_ed_visits_covid,202510,202551,41,0.74,,,state,nssp
6357,dc,pct_ed_visits_covid,202510,202551,41,0.67,,,state,nssp
6358,de,pct_ed_visits_covid,202510,202551,41,0.97,,,state,nssp
6359,fl,pct_ed_visits_covid,202510,202551,41,0.47,,,state,nssp
6360,ga,pct_ed_visits_covid,202510,202551,41,1.1,,,state,nssp
6361,hi,pct_ed_visits_covid,202510,202551,41,0.38,,,state,nssp
6362,ia,pct_ed_visits_covid,202510,202551,41,0.83,,,state,nssp
6363,id,pct_ed_visits_covid,202510,202551,41,0.64,,,state,nssp
6364,il,pct_ed_visits_covid,202510,202551,41,1.16,,,state,nssp
6365,in,pct_ed_visits_covid,202510,202551,41,0.99,,,state,nssp
6366,ks,pct_ed_visits_covid,202510,202551,41,0.72,,,state,nssp
6367,ky,pct_ed_visits_covid,202510,202551,41,1.09,,,state,nssp
6368,la,pct_ed_visits_covid,202510,202551,41,1.26,,,state,nssp
6369,ma,pct_ed_visits_covid,202510,202551,41,0.54,,,state,nssp
6370,md,pct_ed_visits_covid,202510,202551,41,0.92,,,state,nssp
6371,me,pct_ed_visits_covid,202510,202551,41,0.51,,,state,nssp
6372,mi,pct_ed_visits_covid,202510,202551,41,0.94,,,state,nssp
6373,mn,pct_ed_visits_covid,202510,202551,41,0.65,,,state,nssp
6374,ms,pct_ed_visits_covid,202510,202551,41,1.17,,,state,nssp
6375,mt,pct_ed_visits_covid,202510,202551,41,0.52,,,state,nssp
6376,nc,pct_ed_visits_covid,202510,202551,41,1.2,,,state,nssp
6377,nd,pct_ed_visits_covid,202510,202551,41,0.43,,,state,nssp
6378,ne,pct_ed_visits_covid,202510,202551,41,0.37,,,state,nssp
6379,nh,pct_ed_visits_covid,202510,202551,41,0.37,,,state,nssp
6380,nj,pct_ed_visits_covid,202510,202551,41,1.03,,,state,nssp
6381,nm,pct_ed_visits_covid,202510,202551,41,0.5,,,state,nssp
6382,nv,pct_ed_visits_covid,202510,202551,41,0.32,,,state,nssp
6383,ny,pct_ed_visits_covid,202510,202551,41,0.72,,,state,nssp
6384,oh,pct_ed_visits_covid,202510,202551,41,0.84,,,state,nssp
6385,ok,pct_ed_visits_covid,202510,202551,41,0.74,,,state,nssp
6386,or,pct_ed_visits_covid,202510,202551,41,0.42,,,state,nssp
6387,pa,pct_ed_visits_covid,202510,202551,41,0.65,,,state,nssp
6388,ri,pct_ed_visits_covid,202510,202551,41,0.52,,,state,nssp
6389,sc,pct_ed_visits_covid,202510,202551,41,1.18,,,state,nssp
6390,sd,pct_ed_visits_covid,202510,202551,41,0.58,,,state,nssp
6391,tn,pct_ed_visits_covid,202510,202551,41,1.13,,,state,nssp
6392,tx,pct_ed_visits_covid,202510,202551,41,0.87,,,state,nssp
6393,ut,pct_ed_visits_covid,202510,202551,41,0.62,,,state,nssp
6394,va,pct_ed_visits_covid,202510,202551,41,1.11,,,state,nssp
6395,vt,pct_ed_visits_covid,202510,202551,41,0.57,,,state,nssp
6396,wa,pct_ed_visits_covid,202510,202551,41,0.49,,,state,nssp
6397,wi,pct_ed_visits_covid,202510,202551,41,0.75,,,state,nssp
6398,wv,pct_ed_visits_covid,202510,202551,41,1.02,,,state,nssp
6399,wy,pct_ed_visits_covid,202510,202551,41,0.0,,,state,nssp
6400,ak,pct_ed_visits_covid,202511,202551,40,0.8,,,state,nssp
6401,al,pct_ed_visits_covid,202511,202551,40,1.29,,,state,nssp
6402,ar,pct_ed_visits_covid,202511,202551,40,0.76,,,state,nssp
6403,az,pct_ed_visits_covid,202511,202551,40,0.5,,,state,nssp
6404,ca,pct_ed_visits_covid,202511,202551,40,0.39,,,state,nssp
6405,co,pct_ed_visits_covid,202511,202551,40,0.49,,,state,nssp
6406,ct,pct_ed_visits_covid,202511,202551,40,0.8,,,state,nssp
6407,dc,pct_ed_visits_covid,202511,202551,40,0.5,,,state,nssp
6408,de,pct_ed_visits_covid,202511,202551,40,0.82,,,state,nssp
6409,fl,pct_ed_visits_covid,202511,202551,40,0.47,,,state,nssp
6410,ga,pct_ed_visits_covid,202511,202551,40,1.01,,,state,nssp
6411,hi,pct_ed_visits_covid,202511,202551,40,0.39,,,state,nssp
6412,ia,pct_ed_visits_covid,202511,202551,40,0.5,,,state,nssp
6413,id,pct_ed_visits_covid,202511,202551,40,0.77,,,state,nssp
6414,il,pct_ed_visits_covid,202511,202551,40,1.04,,,state,nssp
6415,in,pct_ed_visits_covid,202511,202551,40,0.84,,,state,nssp
6416,ks,pct_ed_visits_covid,202511,202551,40,0.64,,,state,nssp
6417,ky,pct_ed_visits_covid,202511,202551,40,1.04,,,state,nssp
6418,la,pct_ed_visits_covid,202511,202551,40,1.22,,,state,nssp
6419,ma,pct_ed_visits_covid,202511,202551,40,0.53,,,state,nssp
6420,md,pct_ed_visits_covid,202511,202551,40,0.83,,,state,nssp
6421,me,pct_ed_visits_covid,202511,202551,40,0.33,,,state,nssp
6422,mi,pct_ed_visits_covid,202511,202551,40,0.81,,,state,nssp
6423,mn,pct_ed_visits_covid,202511,202551,40,0.61,,,state,nssp
6424,ms,pct_ed_visits_covid,202511,202551,40,1.19,,,state,nssp
6425,mt,pct_ed_visits_covid,202511,202551,40,0.59,,,state,nssp
6426,nc,pct_ed_visits_covid,202511,202551,40,1.17,,,state,nssp
6427,nd,pct_ed_visits_covid,202511,202551,40,0.43,,,state,nssp
6428,ne,pct_ed_visits_covid,202511,202551,40,0.42,,,state,nssp
6429,nh,pct_ed_visits_covid,202511,202551,40,0.34,,,state,nssp
6430,nj,pct_ed_visits_covid,202511,202551,40,0.93,,,state,nssp
6431,nm,pct_ed_visits_covid,202511,202551,40,0.53,,,state,nssp
6432,nv,pct_ed_visits_covid,202511,202551,40,0.36,,,state,nssp
6433,ny,pct_ed_visits_covid,202511,202551,40,0.81,,,state,nssp
6434,oh,pct_ed_visits_covid,202511,202551,40,0.7,,,state,nssp
6435,ok,pct_ed_visits_covid,202511,202551,40,0.98,,,state,nssp
6436,or,pct_ed_visits_covid,202511,202551,40,0.43,,,state,nssp
6437,pa,pct_ed_visits_covid,202511,202551,40,0.58,,,state,nssp
6438,ri,pct_ed_visits_covid,202511,202551,40,0.58,,,state,nssp
6439,sc,pct_ed_visits_covid,202511,202551,40,1.2,,,state,nssp
6440,sd,pct_ed_visits_covid,202511,202551,40,0.4,,,state,nssp
6441,tn,pct_ed_visits_covid,202511,202551,40,1.09,,,state,nssp
6442,tx,pct_ed_visits_covid,202511,202551,40,0.87,,,state,nssp
6443,ut,pct_ed_visits_covid,202511,202551,40,0.58,,,state,nssp
6444,va,pct_ed_visits_covid,202511,202551,40,1.0,,,state,nssp
6445,vt,pct_ed_visits_covid,202511,202551,40,0.54,,,state,nssp
6446,wa,pct_ed_visits_covid,202511,202551,40,0.46,,,state,nssp
6447,wi,pct_ed_visits_covid,202511,202551,40,0.59,,,state,nssp
6448,wv,pct_ed_visits_covid,202511,202551,40,0.95,,,state,nssp
6449,wy,pct_ed_visits_covid,202511,202551,40,0.0,,,state,nssp
6450,ak,pct_ed_visits_covid,202512,202551,39,0.39,,,state,nssp
6451,al,pct_ed_visits_covid,202512,202551,39,1.18,,,state,nssp
6452,ar,pct_ed_visits_covid,202512,202551,39,0.84,,,state,nssp
6453,az,pct_ed_visits_covid,202512,202551,39,0.48,,,state,nssp
6454,ca,pct_ed_visits_covid,202512,202551,39,0.41,,,state,nssp
6455,co,pct_ed_visits_covid,202512,202551,39,0.43,,,state,nssp
6456,ct,pct_ed_visits_covid,202512,202551,39,0.71,,,state,nssp
6457,dc,pct_ed_visits_covid,202512,202551,39,0.6,,,state,nssp
6458,de,pct_ed_visits_covid,202512,202551,39,0.71,,,state,nssp
6459,fl,pct_ed_visits_covid,202512,202551,39,0.46,,,state,nssp
6460,ga,pct_ed_visits_covid,202512,202551,39,0.75,,,state,nssp
6461,hi,pct_ed_visits_covid,202512,202551,39,0.35,,,state,nssp
6462,ia,pct_ed_visits_covid,202512,202551,39,0.64,,,state,nssp
6463,id,pct_ed_visits_covid,202512,202551,39,0.68,,,state,nssp
6464,il,pct_ed_visits_covid,202512,202551,39,0.81,,,state,nssp
6465,in,pct_ed_visits_covid,202512,202551,39,0.76,,,state,nssp
6466,ks,pct_ed_visits_covid,202512,202551,39,0.56,,,state,nssp
6467,ky,pct_ed_visits_covid,202512,202551,39,0.93,,,state,nssp
6468,la,pct_ed_visits_covid,202512,202551,39,1.07,,,state,nssp
6469,ma,pct_ed_visits_covid,202512,202551,39,0.56,,,state,nssp
6470,md,pct_ed_visits_covid,202512,202551,39,0.85,,,state,nssp
6471,me,pct_ed_visits_covid,202512,202551,39,0.33,,,state,nssp
6472,mi,pct_ed_visits_covid,202512,202551,39,0.76,,,state,nssp
6473,mn,pct_ed_visits_covid,202512,202551,39,0.5,,,state,nssp
6474,ms,pct_ed_visits_covid,202512,202551,39,0.95,,,state,nssp
6475,mt,pct_ed_visits_covid,202512,202551,39,0.45,,,state,nssp
6476,nc,pct_ed_visits_covid,202512,202551,39,1.19,,,state,nssp
6477,nd,pct_ed_visits_covid,202512,202551,39,0.18,,,state,nssp
6478,ne,pct_ed_visits_covid,202512,202551,39,0.3,,,state,nssp
6479,nh,pct_ed_visits_covid,202512,202551,39,0.54,,,state,nssp
6480,nj,pct_ed_visits_covid,202512,202551,39,0.94,,,state,nssp
6481,nm,pct_ed_visits_covid,202512,202551,39,0.45,,,state,nssp
6482,nv,pct_ed_visits_covid,202512,202551,39,0.33,,,state,nssp
6483,ny,pct_ed_visits_covid,202512,202551,39,0.84,,,state,nssp
6484,oh,pct_ed_visits_covid,202512,202551,39,0.59,,,state,nssp
6485,ok,pct_ed_visits_covid,202512,202551,39,0.91,,,state,nssp
6486,or,pct_ed_visits_covid,202512,202551,39,0.42,,,state,nssp
6487,pa,pct_ed_visits_covid,202512,202551,39,0.53,,,state,nssp
6488,ri,pct_ed_visits_covid,202512,202551,39,0.58,,,state,nssp
6489,sc,pct_ed_visits_covid,202512,202551,39,0.96,,,state,nssp
6490,sd,pct_ed_visits_covid,202512,202551,39,0.53,,,state,nssp
6491,tn,pct_ed_visits_covid,202512,202551,39,1.0,,,state,nssp
6492,tx,pct_ed_visits_covid,202512,202551,39,0.74,,,state,nssp
6493,ut,pct_ed_visits_covid,202512,202551,39,0.54,,,state,nssp
6494,va,pct_ed_visits_covid,202512,202551,39,0.9,,,state,nssp
6495,vt,pct_ed_visits_covid,202512,202551,39,0.54,,,state,nssp
6496,wa,pct_ed_visits_covid,202512,202551,39,0.49,,,state,nssp
6497,wi,pct_ed_visits_covid,202512,202551,39,0.59,,,state,nssp
6498,wv,pct_ed_visits_covid,202512,202551,39,0.89,,,state,nssp
6499,wy,pct_ed_visits_covid,202512,202551,39,0.0,,,state,nssp
6500,ak,pct_ed_visits_covid,202513,202551,38,0.57,,,state,nssp
6501,al,pct_ed_visits_covid,202513,202551,38,0.92,,,state,nssp
6502,ar,pct_ed_visits_covid,202513,202551,38,0.72,,,state,nssp
6503,az,pct_ed_visits_covid,202513,202551,38,0.47,,,state,nssp
6504,ca,pct_ed_visits_covid,202513,202551,38,0.38,,,state,nssp
6505,co,pct_ed_visits_covid,202513,202551,38,0.4,,,state,nssp
6506,ct,pct_ed_visits_covid,202513,202551,38,0.69,,,state,nssp
6507,dc,pct_ed_visits_covid,202513,202551,38,0.66,,,state,nssp
6508,de,pct_ed_visits_covid,202513,202551,38,0.62,,,state,nssp
6509,fl,pct_ed_visits_covid,202513,202551,38,0.47,,,state,nssp
6510,ga,pct_ed_visits_covid,202513,202551,38,0.84,,,state,nssp
6511,hi,pct_ed_visits_covid,202513,202551,38,0.41,,,state,nssp
6512,ia,pct_ed_visits_covid,202513,202551,38,0.53,,,state,nssp
6513,id,pct_ed_visits_covid,202513,202551,38,0.64,,,state,nssp
6514,il,pct_ed_visits_covid,202513,202551,38,0.81,,,state,nssp
6515,in,pct_ed_visits_covid,202513,202551,38,0.61,,,state,nssp
6516,ks,pct_ed_visits_covid,202513,202551,38,0.35,,,state,nssp
6517,ky,pct_ed_visits_covid,202513,202551,38,0.8,,,state,nssp
6518,la,pct_ed_visits_covid,202513,202551,38,0.91,,,state,nssp
6519,ma,pct_ed_visits_covid,202513,202551,38,0.56,,,state,nssp
6520,md,pct_ed_visits_covid,202513,202551,38,0.76,,,state,nssp
6521,me,pct_ed_visits_covid,202513,202551,38,0.28,,,state,nssp
6522,mi,pct_ed_visits_covid,202513,202551,38,0.67,,,state,nssp
6523,mn,pct_ed_visits_covid,202513,202551,38,0.57,,,state,nssp
6524,ms,pct_ed_visits_covid,202513,202551,38,0.71,,,state,nssp
6525,mt,pct_ed_visits_covid,202513,202551,38,0.44,,,state,nssp
6526,nc,pct_ed_visits_covid,202513,202551,38,1.07,,,state,nssp
6527,nd,pct_ed_visits_covid,202513,202551,38,0.19,,,state,nssp
6528,ne,pct_ed_visits_covid,202513,202551,38,0.27,,,state,nssp
6529,nh,pct_ed_visits_covid,202513,202551,38,0.38,,,state,nssp
6530,nj,pct_ed_visits_covid,202513,202551,38,0.9,,,state,nssp
6531,nm,pct_ed_visits_covid,202513,202551,38,0.47,,,state,nssp
6532,nv,pct_ed_visits_covid,202513,202551,38,0.42,,,state,nssp
6533,ny,pct_ed_visits_covid,202513,202551,38,0.87,,,state,nssp
6534,oh,pct_ed_visits_covid,202513,202551,38,0.59,,,state,nssp
6535,ok,pct_ed_visits_covid,202513,202551,38,0.87,,,state,nssp
6536,or,pct_ed_visits_covid,202513,202551,38,0.36,,,state,nssp
6537,pa,pct_ed_visits_covid,202513,202551,38,0.44,,,state,nssp
6538,ri,pct_ed_visits_covid,202513,202551,38,0.41,,,state,nssp
6539,sc,pct_ed_visits_covid,202513,202551,38,0.89,,,state,nssp
6540,sd,pct_ed_visits_covid,202513,202551,38,0.37,,,state,nssp
6541,tn,pct_ed_visits_covid,202513,202551,38,0.8,,,state,nssp
6542,tx,pct_ed_visits_covid,202513,202551,38,0.72,,,state,nssp
6543,ut,pct_ed_visits_covid,202513,202551,38,0.48,,,state,nssp
6544,va,pct_ed_visits_covid,202513,202551,38,0.9,,,state,nssp
6545,vt,pct_ed_visits_covid,202513,202551,38,0.35,,,state,nssp
6546,wa,pct_ed_visits_covid,202513,202551,38,0.49,,,state,nssp
6547,wi,pct_ed_visits_covid,202513,202551,38,0.56,,,state,nssp
6548,wv,pct_ed_visits_covid,202513,202551,38,0.61,,,state,nssp
6549,wy,pct_ed_visits_covid,202513,202551,38,0.0,,,state,nssp
6550,ak,pct_ed_visits_covid,202514,202551,37,0.48,,,state,nssp
6551,al,pct_ed_visits_covid,202514,202551,37,0.75,,,state,nssp
6552,ar,pct_ed_visits_covid,202514,202551,37,0.52,,,state,nssp
6553,az,pct_ed_visits_covid,202514,202551,37,0.43,,,state,nssp
6554,ca,pct_ed_visits_covid,202514,202551,37,0.36,,,state,nssp
6555,co,pct_ed_visits_covid,202514,202551,37,0.39,,,state,nssp
6556,ct,pct_ed_visits_covid,202514,202551,37,0.7,,,state,nssp
6557,dc,pct_ed_visits_covid,202514,202551,37,0.42,,,state,nssp
6558,de,pct_ed_visits_covid,202514,202551,37,0.44,,,state,nssp
6559,fl,pct_ed_visits_covid,202514,202551,37,0.42,,,state,nssp
6560,ga,pct_ed_visits_covid,202514,202551,37,0.71,,,state,nssp
6561,hi,pct_ed_visits_covid,202514,202551,37,0.5,,,state,nssp
6562,ia,pct_ed_visits_covid,202514,202551,37,0.46,,,state,nssp
6563,id,pct_ed_visits_covid,202514,202551,37,0.63,,,state,nssp
6564,il,pct_ed_visits_covid,202514,202551,37,0.64,,,state,nssp
6565,in,pct_ed_visits_covid,202514,202551,37,0.58,,,state,nssp
6566,ks,pct_ed_visits_covid,202514,202551,37,0.41,,,state,nssp
6567,ky,pct_ed_visits_covid,202514,202551,37,0.66,,,state,nssp
6568,la,pct_ed_visits_covid,202514,202551,37,0.76,,,state,nssp
6569,ma,pct_ed_visits_covid,202514,202551,37,0.53,,,state,nssp
6570,md,pct_ed_visits_covid,202514,202551,37,0.67,,,state,nssp
6571,me,pct_ed_visits_covid,202514,202551,37,0.29,,,state,nssp
6572,mi,pct_ed_visits_covid,202514,202551,37,0.56,,,state,nssp
6573,mn,pct_ed_visits_covid,202514,202551,37,0.58,,,state,nssp
6574,ms,pct_ed_visits_covid,202514,202551,37,0.61,,,state,nssp
6575,mt,pct_ed_visits_covid,202514,202551,37,0.45,,,state,nssp
6576,nc,pct_ed_visits_covid,202514,202551,37,0.96,,,state,nssp
6577,nd,pct_ed_visits_covid,202514,202551,37,0.29,,,state,nssp
6578,ne,pct_ed_visits_covid,202514,202551,37,0.33,,,state,nssp
6579,nh,pct_ed_visits_covid,202514,202551,37,0.57,,,state,nssp
6580,nj,pct_ed_visits_covid,202514,202551,37,0.81,,,state,nssp
6581,nm,pct_ed_visits_covid,202514,202551,37,0.52,,,state,nssp
6582,nv,pct_ed_visits_covid,202514,202551,37,0.32,,,state,nssp
6583,ny,pct_ed_visits_covid,202514,202551,37,0.81,,,state,nssp
6584,oh,pct_ed_visits_covid,202514,202551,37,0.44,,,state,nssp
6585,ok,pct_ed_visits_covid,202514,202551,37,0.72,,,state,nssp
6586,or,pct_ed_visits_covid,202514,202551,37,0.35,,,state,nssp
6587,pa,pct_ed_visits_covid,202514,202551,37,0.46,,,state,nssp
6588,ri,pct_ed_visits_covid,202514,202551,37,0.23,,,state,nssp
6589,sc,pct_ed_visits_covid,202514,202551,37,0.86,,,state,nssp
6590,sd,pct_ed_visits_covid,202514,202551,37,0.22,,,state,nssp
6591,tn,pct_ed_visits_covid,202514,202551,37,0.72,,,state,nssp
6592,tx,pct_ed_visits_covid,202514,202551,37,0.64,,,state,nssp
6593,ut,pct_ed_visits_covid,202514,202551,37,0.39,,,state,nssp
6594,va,pct_ed_visits_covid,202514,202551,37,0.8,,,state,nssp
6595,vt,pct_ed_visits_covid,202514,202551,37,0.47,,,state,nssp
6596,wa,pct_ed_visits_covid,202514,202551,37,0.39,,,state,nssp
6597,wi,pct_ed_visits_covid,202514,202551,37,0.44,,,state,nssp
6598,wv,pct_ed_visits_covid,202514,202551,37,0.63,,,state,nssp
6599,wy,pct_ed_visits_covid,202514,202551,37,0.0,,,state,nssp
6600,ak,pct_ed_visits_covid,202515,202551,36,0.67,,,state,nssp
6601,al,pct_ed_visits_covid,202515,202551,36,0.61,,,state,nssp
6602,ar,pct_ed_visits_covid,202515,202551,36,0.4,,,state,nssp
6603,az,pct_ed_visits_covid,202515,202551,36,0.44,,,state,nssp
6604,ca,pct_ed_visits_covid,202515,202551,36,0.38,,,state,nssp
6605,co,pct_ed_visits_covid,202515,202551,36,0.36,,,state,nssp
6606,ct,pct_ed_visits_covid,202515,202551,36,0.59,,,state,nssp
6607,dc,pct_ed_visits_covid,202515,202551,36,0.36,,,state,nssp
6608,de,pct_ed_visits_covid,202515,202551,36,0.4,,,state,nssp
6609,fl,pct_ed_visits_covid,202515,202551,36,0.4,,,state,nssp
6610,ga,pct_ed_visits_covid,202515,202551,36,0.49,,,state,nssp
6611,hi,pct_ed_visits_covid,202515,202551,36,0.42,,,state,nssp
6612,ia,pct_ed_visits_covid,202515,202551,36,0.42,,,state,nssp
6613,id,pct_ed_visits_covid,202515,202551,36,0.64,,,state,nssp
6614,il,pct_ed_visits_covid,202515,202551,36,0.54,,,state,nssp
6615,in,pct_ed_visits_covid,202515,202551,36,0.36,,,state,nssp
6616,ks,pct_ed_visits_covid,202515,202551,36,0.31,,,state,nssp
6617,ky,pct_ed_visits_covid,202515,202551,36,0.42,,,state,nssp
6618,la,pct_ed_visits_covid,202515,202551,36,0.67,,,state,nssp
6619,ma,pct_ed_visits_covid,202515,202551,36,0.47,,,state,nssp
6620,md,pct_ed_visits_covid,202515,202551,36,0.52,,,state,nssp
6621,me,pct_ed_visits_covid,202515,202551,36,0.26,,,state,nssp
6622,mi,pct_ed_visits_covid,202515,202551,36,0.43,,,state,nssp
6623,mn,pct_ed_visits_covid,202515,202551,36,0.62,,,state,nssp
6624,ms,pct_ed_visits_covid,202515,202551,36,0.62,,,state,nssp
6625,mt,pct_ed_visits_covid,202515,202551,36,0.41,,,state,nssp
6626,nc,pct_ed_visits_covid,202515,202551,36,0.67,,,state,nssp
6627,nd,pct_ed_visits_covid,202515,202551,36,0.17,,,state,nssp
6628,ne,pct_ed_visits_covid,202515,202551,36,0.3,,,state,nssp
6629,nh,pct_ed_visits_covid,202515,202551,36,0.51,,,state,nssp
6630,nj,pct_ed_visits_covid,202515,202551,36,0.76,,,state,nssp
6631,nm,pct_ed_visits_covid,202515,202551,36,0.46,,,state,nssp
6632,nv,pct_ed_visits_covid,202515,202551,36,0.38,,,state,nssp
6633,ny,pct_ed_visits_covid,202515,202551,36,0.79,,,state,nssp
6634,oh,pct_ed_visits_covid,202515,202551,36,0.4,,,state,nssp
6635,ok,pct_ed_visits_covid,202515,202551,36,0.51,,,state,nssp
6636,or,pct_ed_visits_covid,202515,202551,36,0.31,,,state,nssp
6637,pa,pct_ed_visits_covid,202515,202551,36,0.37,,,state,nssp
6638,ri,pct_ed_visits_covid,202515,202551,36,0.32,,,state,nssp
6639,sc,pct_ed_visits_covid,202515,202551,36,0.6,,,state,nssp
6640,sd,pct_ed_visits_covid,202515,202551,36,0.27,,,state,nssp
6641,tn,pct_ed_visits_covid,202515,202551,36,0.48,,,state,nssp
6642,tx,pct_ed_visits_covid,202515,202551,36,0.62,,,state,nssp
6643,ut,pct_ed_visits_covid,202515,202551,36,0.46,,,state,nssp
6644,va,pct_ed_visits_covid,202515,202551,36,0.52,,,state,nssp
6645,vt,pct_ed_visits_covid,202515,202551,36,0.53,,,state,nssp
6646,wa,pct_ed_visits_covid,202515,202551,36,0.47,,,state,nssp
6647,wi,pct_ed_visits_covid,202515,202551,36,0.4,,,state,nssp
6648,wv,pct_ed_visits_covid,202515,202551,36,0.43,,,state,nssp
6649,wy,pct_ed_visits_covid,202515,202551,36,0.0,,,state,nssp
6650,ak,pct_ed_visits_covid,202516,202551,35,0.61,,,state,nssp
6651,al,pct_ed_visits_covid,202516,202551,35,0.59,,,state,nssp
6652,ar,pct_ed_visits_covid,202516,202551,35,0.37,,,state,nssp
6653,az,pct_ed_visits_covid,202516,202551,35,0.47,,,state,nssp
6654,ca,pct_ed_visits_covid,202516,202551,35,0.35,,,state,nssp
6655,co,pct_ed_visits_covid,202516,202551,35,0.31,,,state,nssp
6656,ct,pct_ed_visits_covid,202516,202551,35,0.68,,,state,nssp
6657,dc,pct_ed_visits_covid,202516,202551,35,0.29,,,state,nssp
6658,de,pct_ed_visits_covid,202516,202551,35,0.25,,,state,nssp
6659,fl,pct_ed_visits_covid,202516,202551,35,0.43,,,state,nssp
6660,ga,pct_ed_visits_covid,202516,202551,35,0.44,,,state,nssp
6661,hi,pct_ed_visits_covid,202516,202551,35,0.55,,,state,nssp
6662,ia,pct_ed_visits_covid,202516,202551,35,0.43,,,state,nssp
6663,id,pct_ed_visits_covid,202516,202551,35,0.5,,,state,nssp
6664,il,pct_ed_visits_covid,202516,202551,35,0.45,,,state,nssp
6665,in,pct_ed_visits_covid,202516,202551,35,0.41,,,state,nssp
6666,ks,pct_ed_visits_covid,202516,202551,35,0.28,,,state,nssp
6667,ky,pct_ed_visits_covid,202516,202551,35,0.41,,,state,nssp
6668,la,pct_ed_visits_covid,202516,202551,35,0.67,,,state,nssp
6669,ma,pct_ed_visits_covid,202516,202551,35,0.48,,,state,nssp
6670,md,pct_ed_visits_covid,202516,202551,35,0.52,,,state,nssp
6671,me,pct_ed_visits_covid,202516,202551,35,0.29,,,state,nssp
6672,mi,pct_ed_visits_covid,202516,202551,35,0.41,,,state,nssp
6673,mn,pct_ed_visits_covid,202516,202551,35,0.55,,,state,nssp
6674,ms,pct_ed_visits_covid,202516,202551,35,0.6,,,state,nssp
6675,mt,pct_ed_visits_covid,202516,202551,35,0.35,,,state,nssp
6676,nc,pct_ed_visits_covid,202516,202551,35,0.67,,,state,nssp
6677,nd,pct_ed_visits_covid,202516,202551,35,0.21,,,state,nssp
6678,ne,pct_ed_visits_covid,202516,202551,35,0.3,,,state,nssp
6679,nh,pct_ed_visits_covid,202516,202551,35,0.47,,,state,nssp
6680,nj,pct_ed_visits_covid,202516,202551,35,0.72,,,state,nssp
6681,nm,pct_ed_visits_covid,202516,202551,35,0.5,,,state,nssp
6682,nv,pct_ed_visits_covid,202516,202551,35,0.35,,,state,nssp
6683,ny,pct_ed_visits_covid,202516,202551,35,0.71,,,state,nssp
6684,oh,pct_ed_visits_covid,202516,202551,35,0.38,,,state,nssp
6685,ok,pct_ed_visits_covid,202516,202551,35,0.59,,,state,nssp
6686,or,pct_ed_visits_covid,202516,202551,35,0.41,,,state,nssp
6687,pa,pct_ed_visits_covid,202516,202551,35,0.34,,,state,nssp
6688,ri,pct_ed_visits_covid,202516,202551,35,0.48,,,state,nssp
6689,sc,pct_ed_visits_covid,202516,202551,35,0.59,,,state,nssp
6690,sd,pct_ed_visits_covid,202516,202551,35,0.3,,,state,nssp
6691,tn,pct_ed_visits_covid,202516,202551,35,0.46,,,state,nssp
6692,tx,pct_ed_visits_covid,202516,202551,35,0.61,,,state,nssp
6693,ut,pct_ed_visits_covid,202516,202551,35,0.32,,,state,nssp
6694,va,pct_ed_visits_covid,202516,202551,35,0.49,,,state,nssp
6695,vt,pct_ed_visits_covid,202516,202551,35,0.55,,,state,nssp
6696,wa,pct_ed_visits_covid,202516,202551,35,0.47,,,state,nssp
6697,wi,pct_ed_visits_covid,202516,202551,35,0.38,,,state,nssp
6698,wv,pct_ed_visits_covid,202516,202551,35,0.41,,,state,nssp
6699,wy,pct_ed_visits_covid,202516,202551,35,0.0,,,state,nssp
6700,ak,pct_ed_visits_covid,202517,202551,34,0.41,,,state,nssp
6701,al,pct_ed_visits_covid,202517,202551,34,0.61,,,state,nssp
6702,ar,pct_ed_visits_covid,202517,202551,34,0.37,,,state,nssp
6703,az,pct_ed_visits_covid,202517,202551,34,0.5,,,state,nssp
6704,ca,pct_ed_visits_covid,202517,202551,34,0.4,,,state,nssp
6705,co,pct_ed_visits_covid,202517,202551,34,0.33,,,state,nssp
6706,ct,pct_ed_visits_covid,202517,202551,34,0.56,,,state,nssp
6707,dc,pct_ed_visits_covid,202517,202551,34,0.2,,,state,nssp
6708,de,pct_ed_visits_covid,202517,202551,34,0.31,,,state,nssp
6709,fl,pct_ed_visits_covid,202517,202551,34,0.46,,,state,nssp
6710,ga,pct_ed_visits_covid,202517,202551,34,0.37,,,state,nssp
6711,hi,pct_ed_visits_covid,202517,202551,34,0.73,,,state,nssp
6712,ia,pct_ed_visits_covid,202517,202551,34,0.48,,,state,nssp
6713,id,pct_ed_visits_covid,202517,202551,34,0.6,,,state,nssp
6714,il,pct_ed_visits_covid,202517,202551,34,0.42,,,state,nssp
6715,in,pct_ed_visits_covid,202517,202551,34,0.41,,,state,nssp
6716,ks,pct_ed_visits_covid,202517,202551,34,0.22,,,state,nssp
6717,ky,pct_ed_visits_covid,202517,202551,34,0.33,,,state,nssp
6718,la,pct_ed_visits_covid,202517,202551,34,0.54,,,state,nssp
6719,ma,pct_ed_visits_covid,202517,202551,34,0.5,,,state,nssp
6720,md,pct_ed_visits_covid,202517,202551,34,0.48,,,state,nssp
6721,me,pct_ed_visits_covid,202517,202551,34,0.18,,,state,nssp
6722,mi,pct_ed_visits_covid,202517,202551,34,0.41,,,state,nssp
6723,mn,pct_ed_visits_covid,202517,202551,34,0.5,,,state,nssp
6724,ms,pct_ed_visits_covid,202517,202551,34,0.57,,,state,nssp
6725,mt,pct_ed_visits_covid,202517,202551,34,0.37,,,state,nssp
6726,nc,pct_ed_visits_covid,202517,202551,34,0.56,,,state,nssp
6727,nd,pct_ed_visits_covid,202517,202551,34,0.2,,,state,nssp
6728,ne,pct_ed_visits_covid,202517,202551,34,0.26,,,state,nssp
6729,nh,pct_ed_visits_covid,202517,202551,34,0.32,,,state,nssp
6730,nj,pct_ed_visits_covid,202517,202551,34,0.58,,,state,nssp
6731,nm,pct_ed_visits_covid,202517,202551,34,0.43,,,state,nssp
6732,nv,pct_ed_visits_covid,202517,202551,34,0.38,,,state,nssp
6733,ny,pct_ed_visits_covid,202517,202551,34,0.65,,,state,nssp
6734,oh,pct_ed_visits_covid,202517,202551,34,0.29,,,state,nssp
6735,ok,pct_ed_visits_covid,202517,202551,34,0.43,,,state,nssp
6736,or,pct_ed_visits_covid,202517,202551,34,0.42,,,state,nssp
6737,pa,pct_ed_visits_covid,202517,202551,34,0.32,,,state,nssp
6738,ri,pct_ed_visits_covid,202517,202551,34,0.39,,,state,nssp
6739,sc,pct_ed_visits_covid,202517,202551,34,0.52,,,state,nssp
6740,sd,pct_ed_visits_covid,202517,202551,34,0.23,,,state,nssp
6741,tn,pct_ed_visits_covid,202517,202551,34,0.45,,,state,nssp
6742,tx,pct_ed_visits_covid,202517,202551,34,0.53,,,state,nssp
6743,ut,pct_ed_visits_covid,202517,202551,34,0.45,,,state,nssp
6744,va,pct_ed_visits_covid,202517,202551,34,0.42,,,state,nssp
6745,vt,pct_ed_visits_covid,202517,202551,34,0.37,,,state,nssp
6746,wa,pct_ed_visits_covid,202517,202551,34,0.45,,,state,nssp
6747,wi,pct_ed_visits_covid,202517,202551,34,0.44,,,state,nssp
6748,wv,pct_ed_visits_covid,202517,202551,34,0.4,,,state,nssp
6749,wy,pct_ed_visits_covid,202517,202551,34,0.0,,,state,nssp
6750,ak,pct_ed_visits_covid,202518,202551,33,0.52,,,state,nssp
6751,al,pct_ed_visits_covid,202518,202551,33,0.48,,,state,nssp
6752,ar,pct_ed_visits_covid,202518,202551,33,0.3,,,state,nssp
6753,az,pct_ed_visits_covid,202518,202551,33,0.47,,,state,nssp
6754,ca,pct_ed_visits_covid,202518,202551,33,0.38,,,state,nssp
6755,co,pct_ed_visits_covid,202518,202551,33,0.34,,,state,nssp
6756,ct,pct_ed_visits_covid,202518,202551,33,0.46,,,state,nssp
6757,dc,pct_ed_visits_covid,202518,202551,33,0.34,,,state,nssp
6758,de,pct_ed_visits_covid,202518,202551,33,0.23,,,state,nssp
6759,fl,pct_ed_visits_covid,202518,202551,33,0.44,,,state,nssp
6760,ga,pct_ed_visits_covid,202518,202551,33,0.33,,,state,nssp
6761,hi,pct_ed_visits_covid,202518,202551,33,0.83,,,state,nssp
6762,ia,pct_ed_visits_covid,202518,202551,33,0.37,,,state,nssp
6763,id,pct_ed_visits_covid,202518,202551,33,0.58,,,state,nssp
6764,il,pct_ed_visits_covid,202518,202551,33,0.34,,,state,nssp
6765,in,pct_ed_visits_covid,202518,202551,33,0.32,,,state,nssp
6766,ks,pct_ed_visits_covid,202518,202551,33,0.24,,,state,nssp
6767,ky,pct_ed_visits_covid,202518,202551,33,0.34,,,state,nssp
6768,la,pct_ed_visits_covid,202518,202551,33,0.42,,,state,nssp
6769,ma,pct_ed_visits_covid,202518,202551,33,0.42,,,state,nssp
6770,md,pct_ed_visits_covid,202518,202551,33,0.36,,,state,nssp
6771,me,pct_ed_visits_covid,202518,202551,33,0.19,,,state,nssp
6772,mi,pct_ed_visits_covid,202518,202551,33,0.32,,,state,nssp
6773,mn,pct_ed_visits_covid,202518,202551,33,0.49,,,state,nssp
6774,ms,pct_ed_visits_covid,202518,202551,33,0.51,,,state,nssp
6775,mt,pct_ed_visits_covid,202518,202551,33,0.27,,,state,nssp
6776,nc,pct_ed_visits_covid,202518,202551,33,0.39,,,state,nssp
6777,nd,pct_ed_visits_covid,202518,202551,33,0.07,,,state,nssp
6778,ne,pct_ed_visits_covid,202518,202551,33,0.22,,,state,nssp
6779,nh,pct_ed_visits_covid,202518,202551,33,0.26,,,state,nssp
6780,nj,pct_ed_visits_covid,202518,202551,33,0.52,,,state,nssp
6781,nm,pct_ed_visits_covid,202518,202551,33,0.26,,,state,nssp
6782,nv,pct_ed_visits_covid,202518,202551,33,0.36,,,state,nssp
6783,ny,pct_ed_visits_covid,202518,202551,33,0.48,,,state,nssp
6784,oh,pct_ed_visits_covid,202518,202551,33,0.24,,,state,nssp
6785,ok,pct_ed_visits_covid,202518,202551,33,0.36,,,state,nssp
6786,or,pct_ed_visits_covid,202518,202551,33,0.47,,,state,nssp
6787,pa,pct_ed_visits_covid,202518,202551,33,0.24,,,state,nssp
6788,ri,pct_ed_visits_covid,202518,202551,33,0.38,,,state,nssp
6789,sc,pct_ed_visits_covid,202518,202551,33,0.36,,,state,nssp
6790,sd,pct_ed_visits_covid,202518,202551,33,0.21,,,state,nssp
6791,tn,pct_ed_visits_covid,202518,202551,33,0.32,,,state,nssp
6792,tx,pct_ed_visits_covid,202518,202551,33,0.46,,,state,nssp
6793,ut,pct_ed_visits_covid,202518,202551,33,0.43,,,state,nssp
6794,va,pct_ed_visits_covid,202518,202551,33,0.33,,,state,nssp
6795,vt,pct_ed_visits_covid,202518,202551,33,0.39,,,state,nssp
6796,wa,pct_ed_visits_covid,202518,202551,33,0.49,,,state,nssp
6797,wi,pct_ed_visits_covid,202518,202551,33,0.36,,,state,nssp
6798,wv,pct_ed_visits_covid,202518,202551,33,0.15,,,state,nssp
6799,wy,pct_ed_visits_covid,202518,202551,33,0.0,,,state,nssp
6800,ak,pct_ed_visits_covid,202519,202551,32,0.42,,,state,nssp
6801,al,pct_ed_visits_covid,202519,202551,32,0.4,,,state,nssp
6802,ar,pct_ed_visits_covid,202519,202551,32,0.26,,,state,nssp
6803,az,pct_ed_visits_covid,202519,202551,32,0.46,,,state,nssp
6804,ca,pct_ed_visits_covid,202519,202551,32,0.43,,,state,nssp
6805,co,pct_ed_visits_covid,202519,202551,32,0.29,,,state,nssp
6806,ct,pct_ed_visits_covid,202519,202551,32,0.39,,,state,nssp
6807,dc,pct_ed_visits_covid,202519,202551,32,0.25,,,state,nssp
6808,de,pct_ed_visits_covid,202519,202551,32,0.19,,,state,nssp
6809,fl,pct_ed_visits_covid,202519,202551,32,0.42,,,state,nssp
6810,ga,pct_ed_visits_covid,202519,202551,32,0.27,,,state,nssp
6811,hi,pct_ed_visits_covid,202519,202551,32,0.96,,,state,nssp
6812,ia,pct_ed_visits_covid,202519,202551,32,0.26,,,state,nssp
6813,id,pct_ed_visits_covid,202519,202551,32,0.58,,,state,nssp
6814,il,pct_ed_visits_covid,202519,202551,32,0.32,,,state,nssp
6815,in,pct_ed_visits_covid,202519,202551,32,0.22,,,state,nssp
6816,ks,pct_ed_visits_covid,202519,202551,32,0.19,,,state,nssp
6817,ky,pct_ed_visits_covid,202519,202551,32,0.31,,,state,nssp
6818,la,pct_ed_visits_covid,202519,202551,32,0.43,,,state,nssp
6819,ma,pct_ed_visits_covid,202519,202551,32,0.33,,,state,nssp
6820,md,pct_ed_visits_covid,202519,202551,32,0.26,,,state,nssp
6821,me,pct_ed_visits_covid,202519,202551,32,0.21,,,state,nssp
6822,mi,pct_ed_visits_covid,202519,202551,32,0.23,,,state,nssp
6823,mn,pct_ed_visits_covid,202519,202551,32,0.5,,,state,nssp
6824,ms,pct_ed_visits_covid,202519,202551,32,0.48,,,state,nssp
6825,mt,pct_ed_visits_covid,202519,202551,32,0.18,,,state,nssp
6826,nc,pct_ed_visits_covid,202519,202551,32,0.37,,,state,nssp
6827,nd,pct_ed_visits_covid,202519,202551,32,0.2,,,state,nssp
6828,ne,pct_ed_visits_covid,202519,202551,32,0.18,,,state,nssp
6829,nh,pct_ed_visits_covid,202519,202551,32,0.21,,,state,nssp
6830,nj,pct_ed_visits_covid,202519,202551,32,0.4,,,state,nssp
6831,nm,pct_ed_visits_covid,202519,202551,32,0.39,,,state,nssp
6832,nv,pct_ed_visits_covid,202519,202551,32,0.5,,,state,nssp
6833,ny,pct_ed_visits_covid,202519,202551,32,0.38,,,state,nssp
6834,oh,pct_ed_visits_covid,202519,202551,32,0.2,,,state,nssp
6835,ok,pct_ed_visits_covid,202519,202551,32,0.25,,,state,nssp
6836,or,pct_ed_visits_covid,202519,202551,32,0.42,,,state,nssp
6837,pa,pct_ed_visits_covid,202519,202551,32,0.17,,,state,nssp
6838,ri,pct_ed_visits_covid,202519,202551,32,0.26,,,state,nssp
6839,sc,pct_ed_visits_covid,202519,202551,32,0.33,,,state,nssp
6840,sd,pct_ed_visits_covid,202519,202551,32,0.14,,,state,nssp
6841,tn,pct_ed_visits_covid,202519,202551,32,0.24,,,state,nssp
6842,tx,pct_ed_visits_covid,202519,202551,32,0.46,,,state,nssp
6843,ut,pct_ed_visits_covid,202519,202551,32,0.35,,,state,nssp
6844,va,pct_ed_visits_covid,202519,202551,32,0.3,,,state,nssp
6845,vt,pct_ed_visits_covid,202519,202551,32,0.4,,,state,nssp
6846,wa,pct_ed_visits_covid,202519,202551,32,0.45,,,state,nssp
6847,wi,pct_ed_visits_covid,202519,202551,32,0.28,,,state,nssp
6848,wv,pct_ed_visits_covid,202519,202551,32,0.19,,,state,nssp
6849,wy,pct_ed_visits_covid,202519,202551,32,0.0,,,state,nssp
6850,ak,pct_ed_visits_covid,202520,202551,31,0.54,,,state,nssp
6851,al,pct_ed_visits_covid,202520,202551,31,0.41,,,state,nssp
6852,ar,pct_ed_visits_covid,202520,202551,31,0.21,,,state,nssp
6853,az,pct_ed_visits_covid,202520,202551,31,0.5,,,state,nssp
6854,ca,pct_ed_visits_covid,202520,202551,31,0.45,,,state,nssp
6855,co,pct_ed_visits_covid,202520,202551,31,0.32,,,state,nssp
6856,ct,pct_ed_visits_covid,202520,202551,31,0.42,,,state,nssp
6857,dc,pct_ed_visits_covid,202520,202551,31,0.12,,,state,nssp
6858,de,pct_ed_visits_covid,202520,202551,31,0.23,,,state,nssp
6859,fl,pct_ed_visits_covid,202520,202551,31,0.46,,,state,nssp
6860,ga,pct_ed_visits_covid,202520,202551,31,0.22,,,state,nssp
6861,hi,pct_ed_visits_covid,202520,202551,31,1.04,,,state,nssp
6862,ia,pct_ed_visits_covid,202520,202551,31,0.27,,,state,nssp
6863,id,pct_ed_visits_covid,202520,202551,31,0.55,,,state,nssp
6864,il,pct_ed_visits_covid,202520,202551,31,0.26,,,state,nssp
6865,in,pct_ed_visits_covid,202520,202551,31,0.23,,,state,nssp
6866,ks,pct_ed_visits_covid,202520,202551,31,0.15,,,state,nssp
6867,ky,pct_ed_visits_covid,202520,202551,31,0.31,,,state,nssp
6868,la,pct_ed_visits_covid,202520,202551,31,0.54,,,state,nssp
6869,ma,pct_ed_visits_covid,202520,202551,31,0.33,,,state,nssp
6870,md,pct_ed_visits_covid,202520,202551,31,0.35,,,state,nssp
6871,me,pct_ed_visits_covid,202520,202551,31,0.18,,,state,nssp
6872,mi,pct_ed_visits_covid,202520,202551,31,0.23,,,state,nssp
6873,mn,pct_ed_visits_covid,202520,202551,31,0.34,,,state,nssp
6874,ms,pct_ed_visits_covid,202520,202551,31,0.43,,,state,nssp
6875,mt,pct_ed_visits_covid,202520,202551,31,0.37,,,state,nssp
6876,nc,pct_ed_visits_covid,202520,202551,31,0.33,,,state,nssp
6877,nd,pct_ed_visits_covid,202520,202551,31,0.21,,,state,nssp
6878,ne,pct_ed_visits_covid,202520,202551,31,0.14,,,state,nssp
6879,nh,pct_ed_visits_covid,202520,202551,31,0.26,,,state,nssp
6880,nj,pct_ed_visits_covid,202520,202551,31,0.35,,,state,nssp
6881,nm,pct_ed_visits_covid,202520,202551,31,0.33,,,state,nssp
6882,nv,pct_ed_visits_covid,202520,202551,31,0.37,,,state,nssp
6883,ny,pct_ed_visits_covid,202520,202551,31,0.37,,,state,nssp
6884,oh,pct_ed_visits_covid,202520,202551,31,0.18,,,state,nssp
6885,ok,pct_ed_visits_covid,202520,202551,31,0.19,,,state,nssp
6886,or,pct_ed_visits_covid,202520,202551,31,0.46,,,state,nssp
6887,pa,pct_ed_visits_covid,202520,202551,31,0.17,,,state,nssp
6888,ri,pct_ed_visits_covid,202520,202551,31,0.33,,,state,nssp
6889,sc,pct_ed_visits_covid,202520,202551,31,0.31,,,state,nssp
6890,sd,pct_ed_visits_covid,202520,202551,31,0.17,,,state,nssp
6891,tn,pct_ed_visits_covid,202520,202551,31,0.23,,,state,nssp
6892,tx,pct_ed_visits_covid,202520,202551,31,0.46,,,state,nssp
6893,ut,pct_ed_visits_covid,202520,202551,31,0.36,,,state,nssp
6894,va,pct_ed_visits_covid,202520,202551,31,0.32,,,state,nssp
6895,vt,pct_ed_visits_covid,202520,202551,31,0.28,,,state,nssp
6896,wa,pct_ed_visits_covid,202520,202551,31,0.51,,,state,nssp
6897,wi,pct_ed_visits_covid,202520,202551,31,0.23,,,state,nssp
6898,wv,pct_ed_visits_covid,202520,202551,31,0.16,,,state,nssp
6899,wy,pct_ed_visits_covid,202520,202551,31,0.0,,,state,nssp
6900,ak,pct_ed_visits_covid,202521,202551,30,0.59,,,state,nssp
6901,al,pct_ed_visits_covid,202521,202551,30,0.42,,,state,nssp
6902,ar,pct_ed_visits_covid,202521,202551,30,0.19,,,state,nssp
6903,az,pct_ed_visits_covid,202521,202551,30,0.49,,,state,nssp
6904,ca,pct_ed_visits_covid,202521,202551,30,0.47,,,state,nssp
6905,co,pct_ed_visits_covid,202521,202551,30,0.28,,,state,nssp
6906,ct,pct_ed_visits_covid,202521,202551,30,0.3,,,state,nssp
6907,dc,pct_ed_visits_covid,202521,202551,30,0.22,,,state,nssp
6908,de,pct_ed_visits_covid,202521,202551,30,0.21,,,state,nssp
6909,fl,pct_ed_visits_covid,202521,202551,30,0.49,,,state,nssp
6910,ga,pct_ed_visits_covid,202521,202551,30,0.25,,,state,nssp
6911,hi,pct_ed_visits_covid,202521,202551,30,1.09,,,state,nssp
6912,ia,pct_ed_visits_covid,202521,202551,30,0.3,,,state,nssp
6913,id,pct_ed_visits_covid,202521,202551,30,0.43,,,state,nssp
6914,il,pct_ed_visits_covid,202521,202551,30,0.25,,,state,nssp
6915,in,pct_ed_visits_covid,202521,202551,30,0.16,,,state,nssp
6916,ks,pct_ed_visits_covid,202521,202551,30,0.12,,,state,nssp
6917,ky,pct_ed_visits_covid,202521,202551,30,0.22,,,state,nssp
6918,la,pct_ed_visits_covid,202521,202551,30,0.65,,,state,nssp
6919,ma,pct_ed_visits_covid,202521,202551,30,0.33,,,state,nssp
6920,md,pct_ed_visits_covid,202521,202551,30,0.26,,,state,nssp
6921,me,pct_ed_visits_covid,202521,202551,30,0.15,,,state,nssp
6922,mi,pct_ed_visits_covid,202521,202551,30,0.2,,,state,nssp
6923,mn,pct_ed_visits_covid,202521,202551,30,0.28,,,state,nssp
6924,ms,pct_ed_visits_covid,202521,202551,30,0.36,,,state,nssp
6925,mt,pct_ed_visits_covid,202521,202551,30,0.24,,,state,nssp
6926,nc,pct_ed_visits_covid,202521,202551,30,0.3,,,state,nssp
6927,nd,pct_ed_visits_covid,202521,202551,30,0.1,,,state,nssp
6928,ne,pct_ed_visits_covid,202521,202551,30,0.1,,,state,nssp
6929,nh,pct_ed_visits_covid,202521,202551,30,0.27,,,state,nssp
6930,nj,pct_ed_visits_covid,202521,202551,30,0.36,,,state,nssp
6931,nm,pct_ed_visits_covid,202521,202551,30,0.37,,,state,nssp
6932,nv,pct_ed_visits_covid,202521,202551,30,0.37,,,state,nssp
6933,ny,pct_ed_visits_covid,202521,202551,30,0.33,,,state,nssp
6934,oh,pct_ed_visits_covid,202521,202551,30,0.15,,,state,nssp
6935,ok,pct_ed_visits_covid,202521,202551,30,0.19,,,state,nssp
6936,or,pct_ed_visits_covid,202521,202551,30,0.38,,,state,nssp
6937,pa,pct_ed_visits_covid,202521,202551,30,0.16,,,state,nssp
6938,ri,pct_ed_visits_covid,202521,202551,30,0.21,,,state,nssp
6939,sc,pct_ed_visits_covid,202521,202551,30,0.36,,,state,nssp
6940,sd,pct_ed_visits_covid,202521,202551,30,0.09,,,state,nssp
6941,tn,pct_ed_visits_covid,202521,202551,30,0.21,,,state,nssp
6942,tx,pct_ed_visits_covid,202521,202551,30,0.45,,,state,nssp
6943,ut,pct_ed_visits_covid,202521,202551,30,0.36,,,state,nssp
6944,va,pct_ed_visits_covid,202521,202551,30,0.27,,,state,nssp
6945,vt,pct_ed_visits_covid,202521,202551,30,0.42,,,state,nssp
6946,wa,pct_ed_visits_covid,202521,202551,30,0.55,,,state,nssp
6947,wi,pct_ed_visits_covid,202521,202551,30,0.19,,,state,nssp
6948,wv,pct_ed_visits_covid,202521,202551,30,0.21,,,state,nssp
6949,wy,pct_ed_visits_covid,202521,202551,30,0.0,,,state,nssp
6950,ak,pct_ed_visits_covid,202522,202551,29,0.65,,,state,nssp
6951,al,pct_ed_visits_covid,202522,202551,29,0.39,,,state,nssp
6952,ar,pct_ed_visits_covid,202522,202551,29,0.19,,,state,nssp
6953,az,pct_ed_visits_covid,202522,202551,29,0.54,,,state,nssp
6954,ca,pct_ed_visits_covid,202522,202551,29,0.53,,,state,nssp
6955,co,pct_ed_visits_covid,202522,202551,29,0.31,,,state,nssp
6956,ct,pct_ed_visits_covid,202522,202551,29,0.4,,,state,nssp
6957,dc,pct_ed_visits_covid,202522,202551,29,0.38,,,state,nssp
6958,de,pct_ed_visits_covid,202522,202551,29,0.25,,,state,nssp
6959,fl,pct_ed_visits_covid,202522,202551,29,0.62,,,state,nssp
6960,ga,pct_ed_visits_covid,202522,202551,29,0.24,,,state,nssp
6961,hi,pct_ed_visits_covid,202522,202551,29,0.95,,,state,nssp
6962,ia,pct_ed_visits_covid,202522,202551,29,0.18,,,state,nssp
6963,id,pct_ed_visits_covid,202522,202551,29,0.41,,,state,nssp
6964,il,pct_ed_visits_covid,202522,202551,29,0.24,,,state,nssp
6965,in,pct_ed_visits_covid,202522,202551,29,0.19,,,state,nssp
6966,ks,pct_ed_visits_covid,202522,202551,29,0.14,,,state,nssp
6967,ky,pct_ed_visits_covid,202522,202551,29,0.2,,,state,nssp
6968,la,pct_ed_visits_covid,202522,202551,29,0.52,,,state,nssp
6969,ma,pct_ed_visits_covid,202522,202551,29,0.36,,,state,nssp
6970,md,pct_ed_visits_covid,202522,202551,29,0.34,,,state,nssp
6971,me,pct_ed_visits_covid,202522,202551,29,0.14,,,state,nssp
6972,mi,pct_ed_visits_covid,202522,202551,29,0.22,,,state,nssp
6973,mn,pct_ed_visits_covid,202522,202551,29,0.29,,,state,nssp
6974,ms,pct_ed_visits_covid,202522,202551,29,0.36,,,state,nssp
6975,mt,pct_ed_visits_covid,202522,202551,29,0.29,,,state,nssp
6976,nc,pct_ed_visits_covid,202522,202551,29,0.37,,,state,nssp
6977,nd,pct_ed_visits_covid,202522,202551,29,0.14,,,state,nssp
6978,ne,pct_ed_visits_covid,202522,202551,29,0.1,,,state,nssp
6979,nh,pct_ed_visits_covid,202522,202551,29,0.25,,,state,nssp
6980,nj,pct_ed_visits_covid,202522,202551,29,0.4,,,state,nssp
6981,nm,pct_ed_visits_covid,202522,202551,29,0.46,,,state,nssp
6982,nv,pct_ed_visits_covid,202522,202551,29,0.34,,,state,nssp
6983,ny,pct_ed_visits_covid,202522,202551,29,0.39,,,state,nssp
6984,oh,pct_ed_visits_covid,202522,202551,29,0.16,,,state,nssp
6985,ok,pct_ed_visits_covid,202522,202551,29,0.18,,,state,nssp
6986,or,pct_ed_visits_covid,202522,202551,29,0.44,,,state,nssp
6987,pa,pct_ed_visits_covid,202522,202551,29,0.17,,,state,nssp
6988,ri,pct_ed_visits_covid,202522,202551,29,0.16,,,state,nssp
6989,sc,pct_ed_visits_covid,202522,202551,29,0.31,,,state,nssp
6990,sd,pct_ed_visits_covid,202522,202551,29,0.23,,,state,nssp
6991,tn,pct_ed_visits_covid,202522,202551,29,0.22,,,state,nssp
6992,tx,pct_ed_visits_covid,202522,202551,29,0.51,,,state,nssp
6993,ut,pct_ed_visits_covid,202522,202551,29,0.38,,,state,nssp
6994,va,pct_ed_visits_covid,202522,202551,29,0.27,,,state,nssp
6995,vt,pct_ed_visits_covid,202522,202551,29,0.25,,,state,nssp
6996,wa,pct_ed_visits_covid,202522,202551,29,0.53,,,state,nssp
6997,wi,pct_ed_visits_covid,202522,202551,29,0.19,,,state,nssp
6998,wv,pct_ed_visits_covid,202522,202551,29,0.13,,,state,nssp
6999,wy,pct_ed_visits_covid,202522,202551,29,0.0,,,state,nssp
7000,ak,pct_ed_visits_covid,202523,202551,28,0.49,,,state,nssp
7001,al,pct_ed_visits_covid,202523,202551,28,0.34,,,state,nssp
7002,ar,pct_ed_visits_covid,202523,202551,28,0.15,,,state,nssp
7003,az,pct_ed_visits_covid,202523,202551,28,0.48,,,state,nssp
7004,ca,pct_ed_visits_covid,202523,202551,28,0.56,,,state,nssp
7005,co,pct_ed_visits_covid,202523,202551,28,0.25,,,state,nssp
7006,ct,pct_ed_visits_covid,202523,202551,28,0.34,,,state,nssp
7007,dc,pct_ed_visits_covid,202523,202551,28,0.33,,,state,nssp
7008,de,pct_ed_visits_covid,202523,202551,28,0.23,,,state,nssp
7009,fl,pct_ed_visits_covid,202523,202551,28,0.76,,,state,nssp
7010,ga,pct_ed_visits_covid,202523,202551,28,0.23,,,state,nssp
7011,hi,pct_ed_visits_covid,202523,202551,28,1.15,,,state,nssp
7012,ia,pct_ed_visits_covid,202523,202551,28,0.19,,,state,nssp
7013,id,pct_ed_visits_covid,202523,202551,28,0.35,,,state,nssp
7014,il,pct_ed_visits_covid,202523,202551,28,0.24,,,state,nssp
7015,in,pct_ed_visits_covid,202523,202551,28,0.16,,,state,nssp
7016,ks,pct_ed_visits_covid,202523,202551,28,0.15,,,state,nssp
7017,ky,pct_ed_visits_covid,202523,202551,28,0.2,,,state,nssp
7018,la,pct_ed_visits_covid,202523,202551,28,0.48,,,state,nssp
7019,ma,pct_ed_visits_covid,202523,202551,28,0.36,,,state,nssp
7020,md,pct_ed_visits_covid,202523,202551,28,0.33,,,state,nssp
7021,me,pct_ed_visits_covid,202523,202551,28,0.18,,,state,nssp
7022,mi,pct_ed_visits_covid,202523,202551,28,0.19,,,state,nssp
7023,mn,pct_ed_visits_covid,202523,202551,28,0.3,,,state,nssp
7024,ms,pct_ed_visits_covid,202523,202551,28,0.34,,,state,nssp
7025,mt,pct_ed_visits_covid,202523,202551,28,0.21,,,state,nssp
7026,nc,pct_ed_visits_covid,202523,202551,28,0.31,,,state,nssp
7027,nd,pct_ed_visits_covid,202523,202551,28,0.16,,,state,nssp
7028,ne,pct_ed_visits_covid,202523,202551,28,0.13,,,state,nssp
7029,nh,pct_ed_visits_covid,202523,202551,28,0.2,,,state,nssp
7030,nj,pct_ed_visits_covid,202523,202551,28,0.38,,,state,nssp
7031,nm,pct_ed_visits_covid,202523,202551,28,0.43,,,state,nssp
7032,nv,pct_ed_visits_covid,202523,202551,28,0.36,,,state,nssp
7033,ny,pct_ed_visits_covid,202523,202551,28,0.35,,,state,nssp
7034,oh,pct_ed_visits_covid,202523,202551,28,0.16,,,state,nssp
7035,ok,pct_ed_visits_covid,202523,202551,28,0.15,,,state,nssp
7036,or,pct_ed_visits_covid,202523,202551,28,0.44,,,state,nssp
7037,pa,pct_ed_visits_covid,202523,202551,28,0.17,,,state,nssp
7038,ri,pct_ed_visits_covid,202523,202551,28,0.31,,,state,nssp
7039,sc,pct_ed_visits_covid,202523,202551,28,0.3,,,state,nssp
7040,sd,pct_ed_visits_covid,202523,202551,28,0.1,,,state,nssp
7041,tn,pct_ed_visits_covid,202523,202551,28,0.19,,,state,nssp
7042,tx,pct_ed_visits_covid,202523,202551,28,0.51,,,state,nssp
7043,ut,pct_ed_visits_covid,202523,202551,28,0.31,,,state,nssp
7044,va,pct_ed_visits_covid,202523,202551,28,0.29,,,state,nssp
7045,vt,pct_ed_visits_covid,202523,202551,28,0.15,,,state,nssp
7046,wa,pct_ed_visits_covid,202523,202551,28,0.58,,,state,nssp
7047,wi,pct_ed_visits_covid,202523,202551,28,0.18,,,state,nssp
7048,wv,pct_ed_visits_covid,202523,202551,28,0.17,,,state,nssp
7049,wy,pct_ed_visits_covid,202523,202551,28,0.0,,,state,nssp
7050,ak,pct_ed_visits_covid,202524,202551,27,0.49,,,state,nssp
7051,al,pct_ed_visits_covid,202524,202551,27,0.35,,,state,nssp
7052,ar,pct_ed_visits_covid,202524,202551,27,0.09,,,state,nssp
7053,az,pct_ed_visits_covid,202524,202551,27,0.46,,,state,nssp
7054,ca,pct_ed_visits_covid,202524,202551,27,0.57,,,state,nssp
7055,co,pct_ed_visits_covid,202524,202551,27,0.28,,,state,nssp
7056,ct,pct_ed_visits_covid,202524,202551,27,0.35,,,state,nssp
7057,dc,pct_ed_visits_covid,202524,202551,27,0.18,,,state,nssp
7058,de,pct_ed_visits_covid,202524,202551,27,0.21,,,state,nssp
7059,fl,pct_ed_visits_covid,202524,202551,27,0.85,,,state,nssp
7060,ga,pct_ed_visits_covid,202524,202551,27,0.24,,,state,nssp
7061,hi,pct_ed_visits_covid,202524,202551,27,1.09,,,state,nssp
7062,ia,pct_ed_visits_covid,202524,202551,27,0.13,,,state,nssp
7063,id,pct_ed_visits_covid,202524,202551,27,0.42,,,state,nssp
7064,il,pct_ed_visits_covid,202524,202551,27,0.22,,,state,nssp
7065,in,pct_ed_visits_covid,202524,202551,27,0.18,,,state,nssp
7066,ks,pct_ed_visits_covid,202524,202551,27,0.12,,,state,nssp
7067,ky,pct_ed_visits_covid,202524,202551,27,0.18,,,state,nssp
7068,la,pct_ed_visits_covid,202524,202551,27,0.47,,,state,nssp
7069,ma,pct_ed_visits_covid,202524,202551,27,0.3,,,state,nssp
7070,md,pct_ed_visits_covid,202524,202551,27,0.29,,,state,nssp
7071,me,pct_ed_visits_covid,202524,202551,27,0.16,,,state,nssp
7072,mi,pct_ed_visits_covid,202524,202551,27,0.17,,,state,nssp
7073,mn,pct_ed_visits_covid,202524,202551,27,0.2,,,state,nssp
7074,ms,pct_ed_visits_covid,202524,202551,27,0.38,,,state,nssp
7075,mt,pct_ed_visits_covid,202524,202551,27,0.21,,,state,nssp
7076,nc,pct_ed_visits_covid,202524,202551,27,0.28,,,state,nssp
7077,nd,pct_ed_visits_covid,202524,202551,27,0.13,,,state,nssp
7078,ne,pct_ed_visits_covid,202524,202551,27,0.12,,,state,nssp
7079,nh,pct_ed_visits_covid,202524,202551,27,0.11,,,state,nssp
7080,nj,pct_ed_visits_covid,202524,202551,27,0.33,,,state,nssp
7081,nm,pct_ed_visits_covid,202524,202551,27,0.38,,,state,nssp
7082,nv,pct_ed_visits_covid,202524,202551,27,0.27,,,state,nssp
7083,ny,pct_ed_visits_covid,202524,202551,27,0.32,,,state,nssp
7084,oh,pct_ed_visits_covid,202524,202551,27,0.15,,,state,nssp
7085,ok,pct_ed_visits_covid,202524,202551,27,0.14,,,state,nssp
7086,or,pct_ed_visits_covid,202524,202551,27,0.41,,,state,nssp
7087,pa,pct_ed_visits_covid,202524,202551,27,0.14,,,state,nssp
7088,ri,pct_ed_visits_covid,202524,202551,27,0.24,,,state,nssp
7089,sc,pct_ed_visits_covid,202524,202551,27,0.27,,,state,nssp
7090,sd,pct_ed_visits_covid,202524,202551,27,0.12,,,state,nssp
7091,tn,pct_ed_visits_covid,202524,202551,27,0.18,,,state,nssp
7092,tx,pct_ed_visits_covid,202524,202551,27,0.5,,,state,nssp
7093,ut,pct_ed_visits_covid,202524,202551,27,0.28,,,state,nssp
7094,va,pct_ed_visits_covid,202524,202551,27,0.3,,,state,nssp
7095,vt,pct_ed_visits_covid,202524,202551,27,0.2,,,state,nssp
7096,wa,pct_ed_visits_covid,202524,202551,27,0.48,,,state,nssp
7097,wi,pct_ed_visits_covid,202524,202551,27,0.13,,,state,nssp
7098,wv,pct_ed_visits_covid,202524,202551,27,0.2,,,state,nssp
7099,wy,pct_ed_visits_covid,202524,202551,27,0.0,,,state,nssp
7100,ak,pct_ed_visits_covid,202525,202551,26,0.62,,,state,nssp
7101,al,pct_ed_visits_covid,202525,202551,26,0.33,,,state,nssp
7102,ar,pct_ed_visits_covid,202525,202551,26,0.17,,,state,nssp
7103,az,pct_ed_visits_covid,202525,202551,26,0.51,,,state,nssp
7104,ca,pct_ed_visits_covid,202525,202551,26,0.58,,,state,nssp
7105,co,pct_ed_visits_covid,202525,202551,26,0.29,,,state,nssp
7106,ct,pct_ed_visits_covid,202525,202551,26,0.32,,,state,nssp
7107,dc,pct_ed_visits_covid,202525,202551,26,0.35,,,state,nssp
7108,de,pct_ed_visits_covid,202525,202551,26,0.17,,,state,nssp
7109,fl,pct_ed_visits_covid,202525,202551,26,1.01,,,state,nssp
7110,ga,pct_ed_visits_covid,202525,202551,26,0.25,,,state,nssp
7111,hi,pct_ed_visits_covid,202525,202551,26,1.12,,,state,nssp
7112,ia,pct_ed_visits_covid,202525,202551,26,0.17,,,state,nssp
7113,id,pct_ed_visits_covid,202525,202551,26,0.39,,,state,nssp
7114,il,pct_ed_visits_covid,202525,202551,26,0.21,,,state,nssp
7115,in,pct_ed_visits_covid,202525,202551,26,0.13,,,state,nssp
7116,ks,pct_ed_visits_covid,202525,202551,26,0.17,,,state,nssp
7117,ky,pct_ed_visits_covid,202525,202551,26,0.18,,,state,nssp
7118,la,pct_ed_visits_covid,202525,202551,26,0.58,,,state,nssp
7119,ma,pct_ed_visits_covid,202525,202551,26,0.32,,,state,nssp
7120,md,pct_ed_visits_covid,202525,202551,26,0.36,,,state,nssp
7121,me,pct_ed_visits_covid,202525,202551,26,0.15,,,state,nssp
7122,mi,pct_ed_visits_covid,202525,202551,26,0.19,,,state,nssp
7123,mn,pct_ed_visits_covid,202525,202551,26,0.21,,,state,nssp
7124,ms,pct_ed_visits_covid,202525,202551,26,0.33,,,state,nssp
7125,mt,pct_ed_visits_covid,202525,202551,26,0.38,,,state,nssp
7126,nc,pct_ed_visits_covid,202525,202551,26,0.3,,,state,nssp
7127,nd,pct_ed_visits_covid,202525,202551,26,0.08,,,state,nssp
7128,ne,pct_ed_visits_covid,202525,202551,26,0.13,,,state,nssp
7129,nh,pct_ed_visits_covid,202525,202551,26,0.15,,,state,nssp
7130,nj,pct_ed_visits_covid,202525,202551,26,0.33,,,state,nssp
7131,nm,pct_ed_visits_covid,202525,202551,26,0.4,,,state,nssp
7132,nv,pct_ed_visits_covid,202525,202551,26,0.29,,,state,nssp
7133,ny,pct_ed_visits_covid,202525,202551,26,0.32,,,state,nssp
7134,oh,pct_ed_visits_covid,202525,202551,26,0.13,,,state,nssp
7135,ok,pct_ed_visits_covid,202525,202551,26,0.13,,,state,nssp
7136,or,pct_ed_visits_covid,202525,202551,26,0.54,,,state,nssp
7137,pa,pct_ed_visits_covid,202525,202551,26,0.13,,,state,nssp
7138,ri,pct_ed_visits_covid,202525,202551,26,0.2,,,state,nssp
7139,sc,pct_ed_visits_covid,202525,202551,26,0.31,,,state,nssp
7140,sd,pct_ed_visits_covid,202525,202551,26,0.27,,,state,nssp
7141,tn,pct_ed_visits_covid,202525,202551,26,0.19,,,state,nssp
7142,tx,pct_ed_visits_covid,202525,202551,26,0.55,,,state,nssp
7143,ut,pct_ed_visits_covid,202525,202551,26,0.28,,,state,nssp
7144,va,pct_ed_visits_covid,202525,202551,26,0.28,,,state,nssp
7145,vt,pct_ed_visits_covid,202525,202551,26,0.17,,,state,nssp
7146,wa,pct_ed_visits_covid,202525,202551,26,0.59,,,state,nssp
7147,wi,pct_ed_visits_covid,202525,202551,26,0.15,,,state,nssp
7148,wv,pct_ed_visits_covid,202525,202551,26,0.17,,,state,nssp
7149,wy,pct_ed_visits_covid,202525,202551,26,0.0,,,state,nssp
7150,ak,pct_ed_visits_covid,202526,202551,25,0.62,,,state,nssp
7151,al,pct_ed_visits_covid,202526,202551,25,0.4,,,state,nssp
7152,ar,pct_ed_visits_covid,202526,202551,25,0.21,,,state,nssp
7153,az,pct_ed_visits_covid,202526,202551,25,0.53,,,state,nssp
7154,ca,pct_ed_visits_covid,202526,202551,25,0.58,,,state,nssp
7155,co,pct_ed_visits_covid,202526,202551,25,0.29,,,state,nssp
7156,ct,pct_ed_visits_covid,202526,202551,25,0.27,,,state,nssp
7157,dc,pct_ed_visits_covid,202526,202551,25,0.29,,,state,nssp
7158,de,pct_ed_visits_covid,202526,202551,25,0.26,,,state,nssp
7159,fl,pct_ed_visits_covid,202526,202551,25,1.22,,,state,nssp
7160,ga,pct_ed_visits_covid,202526,202551,25,0.26,,,state,nssp
7161,hi,pct_ed_visits_covid,202526,202551,25,1.17,,,state,nssp
7162,ia,pct_ed_visits_covid,202526,202551,25,0.15,,,state,nssp
7163,id,pct_ed_visits_covid,202526,202551,25,0.45,,,state,nssp
7164,il,pct_ed_visits_covid,202526,202551,25,0.18,,,state,nssp
7165,in,pct_ed_visits_covid,202526,202551,25,0.17,,,state,nssp
7166,ks,pct_ed_visits_covid,202526,202551,25,0.15,,,state,nssp
7167,ky,pct_ed_visits_covid,202526,202551,25,0.16,,,state,nssp
7168,la,pct_ed_visits_covid,202526,202551,25,0.58,,,state,nssp
7169,ma,pct_ed_visits_covid,202526,202551,25,0.33,,,state,nssp
7170,md,pct_ed_visits_covid,202526,202551,25,0.39,,,state,nssp
7171,me,pct_ed_visits_covid,202526,202551,25,0.15,,,state,nssp
7172,mi,pct_ed_visits_covid,202526,202551,25,0.15,,,state,nssp
7173,mn,pct_ed_visits_covid,202526,202551,25,0.26,,,state,nssp
7174,ms,pct_ed_visits_covid,202526,202551,25,0.46,,,state,nssp
7175,mt,pct_ed_visits_covid,202526,202551,25,0.32,,,state,nssp
7176,nc,pct_ed_visits_covid,202526,202551,25,0.34,,,state,nssp
7177,nd,pct_ed_visits_covid,202526,202551,25,0.06,,,state,nssp
7178,ne,pct_ed_visits_covid,202526,202551,25,0.14,,,state,nssp
7179,nh,pct_ed_visits_covid,202526,202551,25,0.19,,,state,nssp
7180,nj,pct_ed_visits_covid,202526,202551,25,0.35,,,state,nssp
7181,nm,pct_ed_visits_covid,202526,202551,25,0.23,,,state,nssp
7182,nv,pct_ed_visits_covid,202526,202551,25,0.44,,,state,nssp
7183,ny,pct_ed_visits_covid,202526,202551,25,0.31,,,state,nssp
7184,oh,pct_ed_visits_covid,202526,202551,25,0.11,,,state,nssp
7185,ok,pct_ed_visits_covid,202526,202551,25,0.18,,,state,nssp
7186,or,pct_ed_visits_covid,202526,202551,25,0.65,,,state,nssp
7187,pa,pct_ed_visits_covid,202526,202551,25,0.15,,,state,nssp
7188,ri,pct_ed_visits_covid,202526,202551,25,0.24,,,state,nssp
7189,sc,pct_ed_visits_covid,202526,202551,25,0.34,,,state,nssp
7190,sd,pct_ed_visits_covid,202526,202551,25,0.13,,,state,nssp
7191,tn,pct_ed_visits_covid,202526,202551,25,0.25,,,state,nssp
7192,tx,pct_ed_visits_covid,202526,202551,25,0.63,,,state,nssp
7193,ut,pct_ed_visits_covid,202526,202551,25,0.38,,,state,nssp
7194,va,pct_ed_visits_covid,202526,202551,25,0.27,,,state,nssp
7195,vt,pct_ed_visits_covid,202526,202551,25,0.16,,,state,nssp
7196,wa,pct_ed_visits_covid,202526,202551,25,0.69,,,state,nssp
7197,wi,pct_ed_visits_covid,202526,202551,25,0.12,,,state,nssp
7198,wv,pct_ed_visits_covid,202526,202551,25,0.25,,,state,nssp
7199,wy,pct_ed_visits_covid,202526,202551,25,0.0,,,state,nssp
7200,ak,pct_ed_visits_covid,202527,202551,24,0.77,,,state,nssp
7201,al,pct_ed_visits_covid,202527,202551,24,0.51,,,state,nssp
7202,ar,pct_ed_visits_covid,202527,202551,24,0.16,,,state,nssp
7203,az,pct_ed_visits_covid,202527,202551,24,0.61,,,state,nssp
7204,ca,pct_ed_visits_covid,202527,202551,24,0.64,,,state,nssp
7205,co,pct_ed_visits_covid,202527,202551,24,0.32,,,state,nssp
7206,ct,pct_ed_visits_covid,202527,202551,24,0.37,,,state,nssp
7207,dc,pct_ed_visits_covid,202527,202551,24,0.43,,,state,nssp
7208,de,pct_ed_visits_covid,202527,202551,24,0.29,,,state,nssp
7209,fl,pct_ed_visits_covid,202527,202551,24,1.36,,,state,nssp
7210,ga,pct_ed_visits_covid,202527,202551,24,0.33,,,state,nssp
7211,hi,pct_ed_visits_covid,202527,202551,24,1.28,,,state,nssp
7212,ia,pct_ed_visits_covid,202527,202551,24,0.16,,,state,nssp
7213,id,pct_ed_visits_covid,202527,202551,24,0.46,,,state,nssp
7214,il,pct_ed_visits_covid,202527,202551,24,0.24,,,state,nssp
7215,in,pct_ed_visits_covid,202527,202551,24,0.19,,,state,nssp
7216,ks,pct_ed_visits_covid,202527,202551,24,0.17,,,state,nssp
7217,ky,pct_ed_visits_covid,202527,202551,24,0.26,,,state,nssp
7218,la,pct_ed_visits_covid,202527,202551,24,0.69,,,state,nssp
7219,ma,pct_ed_visits_covid,202527,202551,24,0.34,,,state,nssp
7220,md,pct_ed_visits_covid,202527,202551,24,0.38,,,state,nssp
7221,me,pct_ed_visits_covid,202527,202551,24,0.23,,,state,nssp
7222,mi,pct_ed_visits_covid,202527,202551,24,0.17,,,state,nssp
7223,mn,pct_ed_visits_covid,202527,202551,24,0.29,,,state,nssp
7224,ms,pct_ed_visits_covid,202527,202551,24,0.58,,,state,nssp
7225,mt,pct_ed_visits_covid,202527,202551,24,0.44,,,state,nssp
7226,nc,pct_ed_visits_covid,202527,202551,24,0.35,,,state,nssp
7227,nd,pct_ed_visits_covid,202527,202551,24,0.09,,,state,nssp
7228,ne,pct_ed_visits_covid,202527,202551,24,0.11,,,state,nssp
7229,nh,pct_ed_visits_covid,202527,202551,24,0.34,,,state,nssp
7230,nj,pct_ed_visits_covid,202527,202551,24,0.38,,,state,nssp
7231,nm,pct_ed_visits_covid,202527,202551,24,0.33,,,state,nssp
7232,nv,pct_ed_visits_covid,202527,202551,24,0.38,,,state,nssp
7233,ny,pct_ed_visits_covid,202527,202551,24,0.28,,,state,nssp
7234,oh,pct_ed_visits_covid,202527,202551,24,0.14,,,state,nssp
7235,ok,pct_ed_visits_covid,202527,202551,24,0.24,,,state,nssp
7236,or,pct_ed_visits_covid,202527,202551,24,0.58,,,state,nssp
7237,pa,pct_ed_visits_covid,202527,202551,24,0.17,,,state,nssp
7238,ri,pct_ed_visits_covid,202527,202551,24,0.18,,,state,nssp
7239,sc,pct_ed_visits_covid,202527,202551,24,0.36,,,state,nssp
7240,sd,pct_ed_visits_covid,202527,202551,24,0.13,,,state,nssp
7241,tn,pct_ed_visits_covid,202527,202551,24,0.25,,,state,nssp
7242,tx,pct_ed_visits_covid,202527,202551,24,0.71,,,state,nssp
7243,ut,pct_ed_visits_covid,202527,202551,24,0.38,,,state,nssp
7244,va,pct_ed_visits_covid,202527,202551,24,0.36,,,state,nssp
7245,vt,pct_ed_visits_covid,202527,202551,24,0.21,,,state,nssp
7246,wa,pct_ed_visits_covid,202527,202551,24,0.67,,,state,nssp
7247,wi,pct_ed_visits_covid,202527,202551,24,0.16,,,state,nssp
7248,wv,pct_ed_visits_covid,202527,202551,24,0.24,,,state,nssp
7249,wy,pct_ed_visits_covid,202527,202551,24,0.0,,,state,nssp
7250,ak,pct_ed_visits_covid,202528,202551,23,0.61,,,state,nssp
7251,al,pct_ed_visits_covid,202528,202551,23,0.63,,,state,nssp
7252,ar,pct_ed_visits_covid,202528,202551,23,0.25,,,state,nssp
7253,az,pct_ed_visits_covid,202528,202551,23,0.55,,,state,nssp
7254,ca,pct_ed_visits_covid,202528,202551,23,0.78,,,state,nssp
7255,co,pct_ed_visits_covid,202528,202551,23,0.36,,,state,nssp
7256,ct,pct_ed_visits_covid,202528,202551,23,0.39,,,state,nssp
7257,dc,pct_ed_visits_covid,202528,202551,23,0.43,,,state,nssp
7258,de,pct_ed_visits_covid,202528,202551,23,0.19,,,state,nssp
7259,fl,pct_ed_visits_covid,202528,202551,23,1.6,,,state,nssp
7260,ga,pct_ed_visits_covid,202528,202551,23,0.36,,,state,nssp
7261,hi,pct_ed_visits_covid,202528,202551,23,2.06,,,state,nssp
7262,ia,pct_ed_visits_covid,202528,202551,23,0.23,,,state,nssp
7263,id,pct_ed_visits_covid,202528,202551,23,0.39,,,state,nssp
7264,il,pct_ed_visits_covid,202528,202551,23,0.22,,,state,nssp
7265,in,pct_ed_visits_covid,202528,202551,23,0.18,,,state,nssp
7266,ks,pct_ed_visits_covid,202528,202551,23,0.15,,,state,nssp
7267,ky,pct_ed_visits_covid,202528,202551,23,0.29,,,state,nssp
7268,la,pct_ed_visits_covid,202528,202551,23,0.85,,,state,nssp
7269,ma,pct_ed_visits_covid,202528,202551,23,0.35,,,state,nssp
7270,md,pct_ed_visits_covid,202528,202551,23,0.52,,,state,nssp
7271,me,pct_ed_visits_covid,202528,202551,23,0.16,,,state,nssp
7272,mi,pct_ed_visits_covid,202528,202551,23,0.15,,,state,nssp
7273,mn,pct_ed_visits_covid,202528,202551,23,0.26,,,state,nssp
7274,ms,pct_ed_visits_covid,202528,202551,23,0.67,,,state,nssp
7275,mt,pct_ed_visits_covid,202528,202551,23,0.24,,,state,nssp
7276,nc,pct_ed_visits_covid,202528,202551,23,0.44,,,state,nssp
7277,nd,pct_ed_visits_covid,202528,202551,23,0.18,,,state,nssp
7278,ne,pct_ed_visits_covid,202528,202551,23,0.09,,,state,nssp
7279,nh,pct_ed_visits_covid,202528,202551,23,0.27,,,state,nssp
7280,nj,pct_ed_visits_covid,202528,202551,23,0.4,,,state,nssp
7281,nm,pct_ed_visits_covid,202528,202551,23,0.37,,,state,nssp
7282,nv,pct_ed_visits_covid,202528,202551,23,0.51,,,state,nssp
7283,ny,pct_ed_visits_covid,202528,202551,23,0.33,,,state,nssp
7284,oh,pct_ed_visits_covid,202528,202551,23,0.15,,,state,nssp
7285,ok,pct_ed_visits_covid,202528,202551,23,0.19,,,state,nssp
7286,or,pct_ed_visits_covid,202528,202551,23,0.62,,,state,nssp
7287,pa,pct_ed_visits_covid,202528,202551,23,0.19,,,state,nssp
7288,ri,pct_ed_visits_covid,202528,202551,23,0.25,,,state,nssp
7289,sc,pct_ed_visits_covid,202528,202551,23,0.4,,,state,nssp
7290,sd,pct_ed_visits_covid,202528,202551,23,0.19,,,state,nssp
7291,tn,pct_ed_visits_covid,202528,202551,23,0.31,,,state,nssp
7292,tx,pct_ed_visits_covid,202528,202551,23,0.89,,,state,nssp
7293,ut,pct_ed_visits_covid,202528,202551,23,0.45,,,state,nssp
7294,va,pct_ed_visits_covid,202528,202551,23,0.47,,,state,nssp
7295,vt,pct_ed_visits_covid,202528,202551,23,0.23,,,state,nssp
7296,wa,pct_ed_visits_covid,202528,202551,23,0.72,,,state,nssp
7297,wi,pct_ed_visits_covid,202528,202551,23,0.16,,,state,nssp
7298,wv,pct_ed_visits_covid,202528,202551,23,0.23,,,state,nssp
7299,wy,pct_ed_visits_covid,202528,202551,23,0.0,,,state,nssp
7300,ak,pct_ed_visits_covid,202529,202551,22,0.88,,,state,nssp
7301,al,pct_ed_visits_covid,202529,202551,22,0.76,,,state,nssp
7302,ar,pct_ed_visits_covid,202529,202551,22,0.34,,,state,nssp
7303,az,pct_ed_visits_covid,202529,202551,22,0.65,,,state,nssp
7304,ca,pct_ed_visits_covid,202529,202551,22,0.84,,,state,nssp
7305,co,pct_ed_visits_covid,202529,202551,22,0.38,,,state,nssp
7306,ct,pct_ed_visits_covid,202529,202551,22,0.41,,,state,nssp
7307,dc,pct_ed_visits_covid,202529,202551,22,0.66,,,state,nssp
7308,de,pct_ed_visits_covid,202529,202551,22,0.43,,,state,nssp
7309,fl,pct_ed_visits_covid,202529,202551,22,1.77,,,state,nssp
7310,ga,pct_ed_visits_covid,202529,202551,22,0.5,,,state,nssp
7311,hi,pct_ed_visits_covid,202529,202551,22,2.18,,,state,nssp
7312,ia,pct_ed_visits_covid,202529,202551,22,0.32,,,state,nssp
7313,id,pct_ed_visits_covid,202529,202551,22,0.43,,,state,nssp
7314,il,pct_ed_visits_covid,202529,202551,22,0.29,,,state,nssp
7315,in,pct_ed_visits_covid,202529,202551,22,0.28,,,state,nssp
7316,ks,pct_ed_visits_covid,202529,202551,22,0.2,,,state,nssp
7317,ky,pct_ed_visits_covid,202529,202551,22,0.39,,,state,nssp
7318,la,pct_ed_visits_covid,202529,202551,22,1.06,,,state,nssp
7319,ma,pct_ed_visits_covid,202529,202551,22,0.4,,,state,nssp
7320,md,pct_ed_visits_covid,202529,202551,22,0.54,,,state,nssp
7321,me,pct_ed_visits_covid,202529,202551,22,0.27,,,state,nssp
7322,mi,pct_ed_visits_covid,202529,202551,22,0.19,,,state,nssp
7323,mn,pct_ed_visits_covid,202529,202551,22,0.29,,,state,nssp
7324,ms,pct_ed_visits_covid,202529,202551,22,0.79,,,state,nssp
7325,mt,pct_ed_visits_covid,202529,202551,22,0.28,,,state,nssp
7326,nc,pct_ed_visits_covid,202529,202551,22,0.52,,,state,nssp
7327,nd,pct_ed_visits_covid,202529,202551,22,0.14,,,state,nssp
7328,ne,pct_ed_visits_covid,202529,202551,22,0.15,,,state,nssp
7329,nh,pct_ed_visits_covid,202529,202551,22,0.27,,,state,nssp
7330,nj,pct_ed_visits_covid,202529,202551,22,0.43,,,state,nssp
7331,nm,pct_ed_visits_covid,202529,202551,22,0.42,,,state,nssp
7332,nv,pct_ed_visits_covid,202529,202551,22,0.49,,,state,nssp
7333,ny,pct_ed_visits_covid,202529,202551,22,0.36,,,state,nssp
7334,oh,pct_ed_visits_covid,202529,202551,22,0.2,,,state,nssp
7335,ok,pct_ed_visits_covid,202529,202551,22,0.33,,,state,nssp
7336,or,pct_ed_visits_covid,202529,202551,22,0.56,,,state,nssp
7337,pa,pct_ed_visits_covid,202529,202551,22,0.24,,,state,nssp
7338,ri,pct_ed_visits_covid,202529,202551,22,0.27,,,state,nssp
7339,sc,pct_ed_visits_covid,202529,202551,22,0.54,,,state,nssp
7340,sd,pct_ed_visits_covid,202529,202551,22,0.31,,,state,nssp
7341,tn,pct_ed_visits_covid,202529,202551,22,0.35,,,state,nssp
7342,tx,pct_ed_visits_covid,202529,202551,22,1.02,,,state,nssp
7343,ut,pct_ed_visits_covid,202529,202551,22,0.56,,,state,nssp
7344,va,pct_ed_visits_covid,202529,202551,22,0.53,,,state,nssp
7345,vt,pct_ed_visits_covid,202529,202551,22,0.26,,,state,nssp
7346,wa,pct_ed_visits_covid,202529,202551,22,0.68,,,state,nssp
7347,wi,pct_ed_visits_covid,202529,202551,22,0.18,,,state,nssp
7348,wv,pct_ed_visits_covid,202529,202551,22,0.23,,,state,nssp
7349,wy,pct_ed_visits_covid,202529,202551,22,0.0,,,state,nssp
7350,ak,pct_ed_visits_covid,202530,202551,21,0.89,,,state,nssp
7351,al,pct_ed_visits_covid,202530,202551,21,0.82,,,state,nssp
7352,ar,pct_ed_visits_covid,202530,202551,21,0.33,,,state,nssp
7353,az,pct_ed_visits_covid,202530,202551,21,0.66,,,state,nssp
7354,ca,pct_ed_visits_covid,202530,202551,21,0.95,,,state,nssp
7355,co,pct_ed_visits_covid,202530,202551,21,0.46,,,state,nssp
7356,ct,pct_ed_visits_covid,202530,202551,21,0.47,,,state,nssp
7357,dc,pct_ed_visits_covid,202530,202551,21,0.68,,,state,nssp
7358,de,pct_ed_visits_covid,202530,202551,21,0.41,,,state,nssp
7359,fl,pct_ed_visits_covid,202530,202551,21,1.99,,,state,nssp
7360,ga,pct_ed_visits_covid,202530,202551,21,0.58,,,state,nssp
7361,hi,pct_ed_visits_covid,202530,202551,21,2.9,,,state,nssp
7362,ia,pct_ed_visits_covid,202530,202551,21,0.44,,,state,nssp
7363,id,pct_ed_visits_covid,202530,202551,21,0.55,,,state,nssp
7364,il,pct_ed_visits_covid,202530,202551,21,0.4,,,state,nssp
7365,in,pct_ed_visits_covid,202530,202551,21,0.32,,,state,nssp
7366,ks,pct_ed_visits_covid,202530,202551,21,0.23,,,state,nssp
7367,ky,pct_ed_visits_covid,202530,202551,21,0.51,,,state,nssp
7368,la,pct_ed_visits_covid,202530,202551,21,1.31,,,state,nssp
7369,ma,pct_ed_visits_covid,202530,202551,21,0.43,,,state,nssp
7370,md,pct_ed_visits_covid,202530,202551,21,0.68,,,state,nssp
7371,me,pct_ed_visits_covid,202530,202551,21,0.25,,,state,nssp
7372,mi,pct_ed_visits_covid,202530,202551,21,0.2,,,state,nssp
7373,mn,pct_ed_visits_covid,202530,202551,21,0.39,,,state,nssp
7374,ms,pct_ed_visits_covid,202530,202551,21,0.77,,,state,nssp
7375,mt,pct_ed_visits_covid,202530,202551,21,0.36,,,state,nssp
7376,nc,pct_ed_visits_covid,202530,202551,21,0.65,,,state,nssp
7377,nd,pct_ed_visits_covid,202530,202551,21,0.18,,,state,nssp
7378,ne,pct_ed_visits_covid,202530,202551,21,0.18,,,state,nssp
7379,nh,pct_ed_visits_covid,202530,202551,21,0.33,,,state,nssp
7380,nj,pct_ed_visits_covid,202530,202551,21,0.46,,,state,nssp
7381,nm,pct_ed_visits_covid,202530,202551,21,0.52,,,state,nssp
7382,nv,pct_ed_visits_covid,202530,202551,21,0.56,,,state,nssp
7383,ny,pct_ed_visits_covid,202530,202551,21,0.4,,,state,nssp
7384,oh,pct_ed_visits_covid,202530,202551,21,0.25,,,state,nssp
7385,ok,pct_ed_visits_covid,202530,202551,21,0.4,,,state,nssp
7386,or,pct_ed_visits_covid,202530,202551,21,0.81,,,state,nssp
7387,pa,pct_ed_visits_covid,202530,202551,21,0.29,,,state,nssp
7388,ri,pct_ed_visits_covid,202530,202551,21,0.23,,,state,nssp
7389,sc,pct_ed_visits_covid,202530,202551,21,0.7,,,state,nssp
7390,sd,pct_ed_visits_covid,202530,202551,21,0.42,,,state,nssp
7391,tn,pct_ed_visits_covid,202530,202551,21,0.38,,,state,nssp
7392,tx,pct_ed_visits_covid,202530,202551,21,1.32,,,state,nssp
7393,ut,pct_ed_visits_covid,202530,202551,21,0.85,,,state,nssp
7394,va,pct_ed_visits_covid,202530,202551,21,0.72,,,state,nssp
7395,vt,pct_ed_visits_covid,202530,202551,21,0.16,,,state,nssp
7396,wa,pct_ed_visits_covid,202530,202551,21,0.76,,,state,nssp
7397,wi,pct_ed_visits_covid,202530,202551,21,0.29,,,state,nssp
7398,wv,pct_ed_visits_covid,202530,202551,21,0.33,,,state,nssp
7399,wy,pct_ed_visits_covid,202530,202551,21,0.0,,,state,nssp
7400,ak,pct_ed_visits_covid,202531,202551,20,0.83,,,state,nssp
7401,al,pct_ed_visits_covid,202531,202551,20,1.03,,,state,nssp
7402,ar,pct_ed_visits_covid,202531,202551,20,0.37,,,state,nssp
7403,az,pct_ed_visits_covid,202531,202551,20,0.84,,,state,nssp
7404,ca,pct_ed_visits_covid,202531,202551,20,1.14,,,state,nssp
7405,co,pct_ed_visits_covid,202531,202551,20,0.57,,,state,nssp
7406,ct,pct_ed_visits_covid,202531,202551,20,0.58,,,state,nssp
7407,dc,pct_ed_visits_covid,202531,202551,20,1.09,,,state,nssp
7408,de,pct_ed_visits_covid,202531,202551,20,0.73,,,state,nssp
7409,fl,pct_ed_visits_covid,202531,202551,20,2.33,,,state,nssp
7410,ga,pct_ed_visits_covid,202531,202551,20,0.83,,,state,nssp
7411,hi,pct_ed_visits_covid,202531,202551,20,2.97,,,state,nssp
7412,ia,pct_ed_visits_covid,202531,202551,20,0.41,,,state,nssp
7413,id,pct_ed_visits_covid,202531,202551,20,0.53,,,state,nssp
7414,il,pct_ed_visits_covid,202531,202551,20,0.49,,,state,nssp
7415,in,pct_ed_visits_covid,202531,202551,20,0.44,,,state,nssp
7416,ks,pct_ed_visits_covid,202531,202551,20,0.33,,,state,nssp
7417,ky,pct_ed_visits_covid,202531,202551,20,0.77,,,state,nssp
7418,la,pct_ed_visits_covid,202531,202551,20,1.53,,,state,nssp
7419,ma,pct_ed_visits_covid,202531,202551,20,0.61,,,state,nssp
7420,md,pct_ed_visits_covid,202531,202551,20,0.92,,,state,nssp
7421,me,pct_ed_visits_covid,202531,202551,20,0.24,,,state,nssp
7422,mi,pct_ed_visits_covid,202531,202551,20,0.27,,,state,nssp
7423,mn,pct_ed_visits_covid,202531,202551,20,0.41,,,state,nssp
7424,ms,pct_ed_visits_covid,202531,202551,20,1.14,,,state,nssp
7425,mt,pct_ed_visits_covid,202531,202551,20,0.48,,,state,nssp
7426,nc,pct_ed_visits_covid,202531,202551,20,0.93,,,state,nssp
7427,nd,pct_ed_visits_covid,202531,202551,20,0.22,,,state,nssp
7428,ne,pct_ed_visits_covid,202531,202551,20,0.29,,,state,nssp
7429,nh,pct_ed_visits_covid,202531,202551,20,0.36,,,state,nssp
7430,nj,pct_ed_visits_covid,202531,202551,20,0.65,,,state,nssp
7431,nm,pct_ed_visits_covid,202531,202551,20,0.58,,,state,nssp
7432,nv,pct_ed_visits_covid,202531,202551,20,0.7,,,state,nssp
7433,ny,pct_ed_visits_covid,202531,202551,20,0.47,,,state,nssp
7434,oh,pct_ed_visits_covid,202531,202551,20,0.35,,,state,nssp
7435,ok,pct_ed_visits_covid,202531,202551,20,0.41,,,state,nssp
7436,or,pct_ed_visits_covid,202531,202551,20,0.94,,,state,nssp
7437,pa,pct_ed_visits_covid,202531,202551,20,0.34,,,state,nssp
7438,ri,pct_ed_visits_covid,202531,202551,20,0.41,,,state,nssp
7439,sc,pct_ed_visits_covid,202531,202551,20,0.94,,,state,nssp
7440,sd,pct_ed_visits_covid,202531,202551,20,0.37,,,state,nssp
7441,tn,pct_ed_visits_covid,202531,202551,20,0.54,,,state,nssp
7442,tx,pct_ed_visits_covid,202531,202551,20,1.6,,,state,nssp
7443,ut,pct_ed_visits_covid,202531,202551,20,1.04,,,state,nssp
7444,va,pct_ed_visits_covid,202531,202551,20,0.87,,,state,nssp
7445,vt,pct_ed_visits_covid,202531,202551,20,0.37,,,state,nssp
7446,wa,pct_ed_visits_covid,202531,202551,20,1.09,,,state,nssp
7447,wi,pct_ed_visits_covid,202531,202551,20,0.34,,,state,nssp
7448,wv,pct_ed_visits_covid,202531,202551,20,0.35,,,state,nssp
7449,wy,pct_ed_visits_covid,202531,202551,20,0.0,,,state,nssp
7450,ak,pct_ed_visits_covid,202532,202551,19,1.07,,,state,nssp
7451,al,pct_ed_visits_covid,202532,202551,19,1.1,,,state,nssp
7452,ar,pct_ed_visits_covid,202532,202551,19,0.55,,,state,nssp
7453,az,pct_ed_visits_covid,202532,202551,19,1.07,,,state,nssp
7454,ca,pct_ed_visits_covid,202532,202551,19,1.42,,,state,nssp
7455,co,pct_ed_visits_covid,202532,202551,19,0.69,,,state,nssp
7456,ct,pct_ed_visits_covid,202532,202551,19,0.72,,,state,nssp
7457,dc,pct_ed_visits_covid,202532,202551,19,0.82,,,state,nssp
7458,de,pct_ed_visits_covid,202532,202551,19,0.72,,,state,nssp
7459,fl,pct_ed_visits_covid,202532,202551,19,2.37,,,state,nssp
7460,ga,pct_ed_visits_covid,202532,202551,19,1.07,,,state,nssp
7461,hi,pct_ed_visits_covid,202532,202551,19,3.49,,,state,nssp
7462,ia,pct_ed_visits_covid,202532,202551,19,0.54,,,state,nssp
7463,id,pct_ed_visits_covid,202532,202551,19,0.62,,,state,nssp
7464,il,pct_ed_visits_covid,202532,202551,19,0.6,,,state,nssp
7465,in,pct_ed_visits_covid,202532,202551,19,0.64,,,state,nssp
7466,ks,pct_ed_visits_covid,202532,202551,19,0.47,,,state,nssp
7467,ky,pct_ed_visits_covid,202532,202551,19,0.85,,,state,nssp
7468,la,pct_ed_visits_covid,202532,202551,19,1.93,,,state,nssp
7469,ma,pct_ed_visits_covid,202532,202551,19,0.73,,,state,nssp
7470,md,pct_ed_visits_covid,202532,202551,19,0.99,,,state,nssp
7471,me,pct_ed_visits_covid,202532,202551,19,0.3,,,state,nssp
7472,mi,pct_ed_visits_covid,202532,202551,19,0.38,,,state,nssp
7473,mn,pct_ed_visits_covid,202532,202551,19,0.49,,,state,nssp
7474,ms,pct_ed_visits_covid,202532,202551,19,1.57,,,state,nssp
7475,mt,pct_ed_visits_covid,202532,202551,19,0.41,,,state,nssp
7476,nc,pct_ed_visits_covid,202532,202551,19,1.22,,,state,nssp
7477,nd,pct_ed_visits_covid,202532,202551,19,0.2,,,state,nssp
7478,ne,pct_ed_visits_covid,202532,202551,19,0.3,,,state,nssp
7479,nh,pct_ed_visits_covid,202532,202551,19,0.39,,,state,nssp
7480,nj,pct_ed_visits_covid,202532,202551,19,0.74,,,state,nssp
7481,nm,pct_ed_visits_covid,202532,202551,19,0.79,,,state,nssp
7482,nv,pct_ed_visits_covid,202532,202551,19,0.96,,,state,nssp
7483,ny,pct_ed_visits_covid,202532,202551,19,0.55,,,state,nssp
7484,oh,pct_ed_visits_covid,202532,202551,19,0.45,,,state,nssp
7485,ok,pct_ed_visits_covid,202532,202551,19,0.46,,,state,nssp
7486,or,pct_ed_visits_covid,202532,202551,19,1.05,,,state,nssp
7487,pa,pct_ed_visits_covid,202532,202551,19,0.46,,,state,nssp
7488,ri,pct_ed_visits_covid,202532,202551,19,0.53,,,state,nssp
7489,sc,pct_ed_visits_covid,202532,202551,19,1.2,,,state,nssp
7490,sd,pct_ed_visits_covid,202532,202551,19,0.58,,,state,nssp
7491,tn,pct_ed_visits_covid,202532,202551,19,0.73,,,state,nssp
7492,tx,pct_ed_visits_covid,202532,202551,19,1.94,,,state,nssp
7493,ut,pct_ed_visits_covid,202532,202551,19,1.24,,,state,nssp
7494,va,pct_ed_visits_covid,202532,202551,19,1.15,,,state,nssp
7495,vt,pct_ed_visits_covid,202532,202551,19,0.43,,,state,nssp
7496,wa,pct_ed_visits_covid,202532,202551,19,1.15,,,state,nssp
7497,wi,pct_ed_visits_covid,202532,202551,19,0.46,,,state,nssp
7498,wv,pct_ed_visits_covid,202532,202551,19,0.54,,,state,nssp
7499,wy,pct_ed_visits_covid,202532,202551,19,0.0,,,state,nssp
7500,ak,pct_ed_visits_covid,202533,202551,18,0.84,,,state,nssp
7501,al,pct_ed_visits_covid,202533,202551,18,1.49,,,state,nssp
7502,ar,pct_ed_visits_covid,202533,202551,18,0.88,,,state,nssp
7503,az,pct_ed_visits_covid,202533,202551,18,1.31,,,state,nssp
7504,ca,pct_ed_visits_covid,202533,202551,18,1.73,,,state,nssp
7505,co,pct_ed_visits_covid,202533,202551,18,0.9,,,state,nssp
7506,ct,pct_ed_visits_covid,202533,202551,18,0.81,,,state,nssp
7507,dc,pct_ed_visits_covid,202533,202551,18,1.09,,,state,nssp
7508,de,pct_ed_visits_covid,202533,202551,18,0.9,,,state,nssp
7509,fl,pct_ed_visits_covid,202533,202551,18,2.57,,,state,nssp
7510,ga,pct_ed_visits_covid,202533,202551,18,1.44,,,state,nssp
7511,hi,pct_ed_visits_covid,202533,202551,18,3.86,,,state,nssp
7512,ia,pct_ed_visits_covid,202533,202551,18,0.75,,,state,nssp
7513,id,pct_ed_visits_covid,202533,202551,18,0.77,,,state,nssp
7514,il,pct_ed_visits_covid,202533,202551,18,0.64,,,state,nssp
7515,in,pct_ed_visits_covid,202533,202551,18,0.77,,,state,nssp
7516,ks,pct_ed_visits_covid,202533,202551,18,0.62,,,state,nssp
7517,ky,pct_ed_visits_covid,202533,202551,18,1.07,,,state,nssp
7518,la,pct_ed_visits_covid,202533,202551,18,2.26,,,state,nssp
7519,ma,pct_ed_visits_covid,202533,202551,18,0.84,,,state,nssp
7520,md,pct_ed_visits_covid,202533,202551,18,1.18,,,state,nssp
7521,me,pct_ed_visits_covid,202533,202551,18,0.38,,,state,nssp
7522,mi,pct_ed_visits_covid,202533,202551,18,0.44,,,state,nssp
7523,mn,pct_ed_visits_covid,202533,202551,18,0.44,,,state,nssp
7524,ms,pct_ed_visits_covid,202533,202551,18,2.26,,,state,nssp
7525,mt,pct_ed_visits_covid,202533,202551,18,0.6,,,state,nssp
7526,nc,pct_ed_visits_covid,202533,202551,18,1.51,,,state,nssp
7527,nd,pct_ed_visits_covid,202533,202551,18,0.33,,,state,nssp
7528,ne,pct_ed_visits_covid,202533,202551,18,0.8,,,state,nssp
7529,nh,pct_ed_visits_covid,202533,202551,18,0.47,,,state,nssp
7530,nj,pct_ed_visits_covid,202533,202551,18,0.82,,,state,nssp
7531,nm,pct_ed_visits_covid,202533,202551,18,1.27,,,state,nssp
7532,nv,pct_ed_visits_covid,202533,202551,18,1.16,,,state,nssp
7533,ny,pct_ed_visits_covid,202533,202551,18,0.62,,,state,nssp
7534,oh,pct_ed_visits_covid,202533,202551,18,0.51,,,state,nssp
7535,ok,pct_ed_visits_covid,202533,202551,18,0.57,,,state,nssp
7536,or,pct_ed_visits_covid,202533,202551,18,1.24,,,state,nssp
7537,pa,pct_ed_visits_covid,202533,202551,18,0.53,,,state,nssp
7538,ri,pct_ed_visits_covid,202533,202551,18,0.57,,,state,nssp
7539,sc,pct_ed_visits_covid,202533,202551,18,1.93,,,state,nssp
7540,sd,pct_ed_visits_covid,202533,202551,18,0.5,,,state,nssp
7541,tn,pct_ed_visits_covid,202533,202551,18,1.02,,,state,nssp
7542,tx,pct_ed_visits_covid,202533,202551,18,2.22,,,state,nssp
7543,ut,pct_ed_visits_covid,202533,202551,18,1.5,,,state,nssp
7544,va,pct_ed_visits_covid,202533,202551,18,1.42,,,state,nssp
7545,vt,pct_ed_visits_covid,202533,202551,18,0.39,,,state,nssp
7546,wa,pct_ed_visits_covid,202533,202551,18,1.46,,,state,nssp
7547,wi,pct_ed_visits_covid,202533,202551,18,0.45,,,state,nssp
7548,wv,pct_ed_visits_covid,202533,202551,18,0.7,,,state,nssp
7549,wy,pct_ed_visits_covid,202533,202551,18,0.0,,,state,nssp
7550,ak,pct_ed_visits_covid,202534,202551,17,0.94,,,state,nssp
7551,al,pct_ed_visits_covid,202534,202551,17,1.99,,,state,nssp
7552,ar,pct_ed_visits_covid,202534,202551,17,0.93,,,state,nssp
7553,az,pct_ed_visits_covid,202534,202551,17,1.48,,,state,nssp
7554,ca,pct_ed_visits_covid,202534,202551,17,2.0,,,state,nssp
7555,co,pct_ed_visits_covid,202534,202551,17,1.08,,,state,nssp
7556,ct,pct_ed_visits_covid,202534,202551,17,0.89,,,state,nssp
7557,dc,pct_ed_visits_covid,202534,202551,17,1.34,,,state,nssp
7558,de,pct_ed_visits_covid,202534,202551,17,0.95,,,state,nssp
7559,fl,pct_ed_visits_covid,202534,202551,17,2.93,,,state,nssp
7560,ga,pct_ed_visits_covid,202534,202551,17,1.84,,,state,nssp
7561,hi,pct_ed_visits_covid,202534,202551,17,3.48,,,state,nssp
7562,ia,pct_ed_visits_covid,202534,202551,17,0.79,,,state,nssp
7563,id,pct_ed_visits_covid,202534,202551,17,1.14,,,state,nssp
7564,il,pct_ed_visits_covid,202534,202551,17,0.75,,,state,nssp
7565,in,pct_ed_visits_covid,202534,202551,17,0.87,,,state,nssp
7566,ks,pct_ed_visits_covid,202534,202551,17,0.77,,,state,nssp
7567,ky,pct_ed_visits_covid,202534,202551,17,1.35,,,state,nssp
7568,la,pct_ed_visits_covid,202534,202551,17,2.93,,,state,nssp
7569,ma,pct_ed_visits_covid,202534,202551,17,0.89,,,state,nssp
7570,md,pct_ed_visits_covid,202534,202551,17,1.3,,,state,nssp
7571,me,pct_ed_visits_covid,202534,202551,17,0.44,,,state,nssp
7572,mi,pct_ed_visits_covid,202534,202551,17,0.48,,,state,nssp
7573,mn,pct_ed_visits_covid,202534,202551,17,0.66,,,state,nssp
7574,ms,pct_ed_visits_covid,202534,202551,17,2.39,,,state,nssp
7575,mt,pct_ed_visits_covid,202534,202551,17,0.45,,,state,nssp
7576,nc,pct_ed_visits_covid,202534,202551,17,2.11,,,state,nssp
7577,nd,pct_ed_visits_covid,202534,202551,17,0.34,,,state,nssp
7578,ne,pct_ed_visits_covid,202534,202551,17,0.54,,,state,nssp
7579,nh,pct_ed_visits_covid,202534,202551,17,0.61,,,state,nssp
7580,nj,pct_ed_visits_covid,202534,202551,17,0.89,,,state,nssp
7581,nm,pct_ed_visits_covid,202534,202551,17,1.44,,,state,nssp
7582,nv,pct_ed_visits_covid,202534,202551,17,1.54,,,state,nssp
7583,ny,pct_ed_visits_covid,202534,202551,17,0.64,,,state,nssp
7584,oh,pct_ed_visits_covid,202534,202551,17,0.57,,,state,nssp
7585,ok,pct_ed_visits_covid,202534,202551,17,0.59,,,state,nssp
7586,or,pct_ed_visits_covid,202534,202551,17,1.45,,,state,nssp
7587,pa,pct_ed_visits_covid,202534,202551,17,0.53,,,state,nssp
7588,ri,pct_ed_visits_covid,202534,202551,17,0.8,,,state,nssp
7589,sc,pct_ed_visits_covid,202534,202551,17,2.28,,,state,nssp
7590,sd,pct_ed_visits_covid,202534,202551,17,0.74,,,state,nssp
7591,tn,pct_ed_visits_covid,202534,202551,17,1.32,,,state,nssp
7592,tx,pct_ed_visits_covid,202534,202551,17,2.97,,,state,nssp
7593,ut,pct_ed_visits_covid,202534,202551,17,1.63,,,state,nssp
7594,va,pct_ed_visits_covid,202534,202551,17,1.62,,,state,nssp
7595,vt,pct_ed_visits_covid,202534,202551,17,0.45,,,state,nssp
7596,wa,pct_ed_visits_covid,202534,202551,17,1.54,,,state,nssp
7597,wi,pct_ed_visits_covid,202534,202551,17,0.63,,,state,nssp
7598,wv,pct_ed_visits_covid,202534,202551,17,0.92,,,state,nssp
7599,wy,pct_ed_visits_covid,202534,202551,17,0.0,,,state,nssp
7600,ak,pct_ed_visits_covid,202535,202551,16,1.24,,,state,nssp
7601,al,pct_ed_visits_covid,202535,202551,16,2.15,,,state,nssp
7602,ar,pct_ed_visits_covid,202535,202551,16,1.13,,,state,nssp
7603,az,pct_ed_visits_covid,202535,202551,16,1.29,,,state,nssp
7604,ca,pct_ed_visits_covid,202535,202551,16,2.15,,,state,nssp
7605,co,pct_ed_visits_covid,202535,202551,16,1.04,,,state,nssp
7606,ct,pct_ed_visits_covid,202535,202551,16,1.05,,,state,nssp
7607,dc,pct_ed_visits_covid,202535,202551,16,1.32,,,state,nssp
7608,de,pct_ed_visits_covid,202535,202551,16,0.86,,,state,nssp
7609,fl,pct_ed_visits_covid,202535,202551,16,3.1,,,state,nssp
7610,ga,pct_ed_visits_covid,202535,202551,16,1.87,,,state,nssp
7611,hi,pct_ed_visits_covid,202535,202551,16,2.99,,,state,nssp
7612,ia,pct_ed_visits_covid,202535,202551,16,0.95,,,state,nssp
7613,id,pct_ed_visits_covid,202535,202551,16,1.47,,,state,nssp
7614,il,pct_ed_visits_covid,202535,202551,16,0.86,,,state,nssp
7615,in,pct_ed_visits_covid,202535,202551,16,0.87,,,state,nssp
7616,ks,pct_ed_visits_covid,202535,202551,16,0.87,,,state,nssp
7617,ky,pct_ed_visits_covid,202535,202551,16,1.6,,,state,nssp
7618,la,pct_ed_visits_covid,202535,202551,16,3.08,,,state,nssp
7619,ma,pct_ed_visits_covid,202535,202551,16,0.96,,,state,nssp
7620,md,pct_ed_visits_covid,202535,202551,16,1.44,,,state,nssp
7621,me,pct_ed_visits_covid,202535,202551,16,0.47,,,state,nssp
7622,mi,pct_ed_visits_covid,202535,202551,16,0.59,,,state,nssp
7623,mn,pct_ed_visits_covid,202535,202551,16,0.71,,,state,nssp
7624,ms,pct_ed_visits_covid,202535,202551,16,1.89,,,state,nssp
7625,mt,pct_ed_visits_covid,202535,202551,16,0.79,,,state,nssp
7626,nc,pct_ed_visits_covid,202535,202551,16,2.49,,,state,nssp
7627,nd,pct_ed_visits_covid,202535,202551,16,0.35,,,state,nssp
7628,ne,pct_ed_visits_covid,202535,202551,16,0.71,,,state,nssp
7629,nh,pct_ed_visits_covid,202535,202551,16,0.75,,,state,nssp
7630,nj,pct_ed_visits_covid,202535,202551,16,1.01,,,state,nssp
7631,nm,pct_ed_visits_covid,202535,202551,16,1.28,,,state,nssp
7632,nv,pct_ed_visits_covid,202535,202551,16,1.44,,,state,nssp
7633,ny,pct_ed_visits_covid,202535,202551,16,0.67,,,state,nssp
7634,oh,pct_ed_visits_covid,202535,202551,16,0.73,,,state,nssp
7635,ok,pct_ed_visits_covid,202535,202551,16,0.95,,,state,nssp
7636,or,pct_ed_visits_covid,202535,202551,16,1.41,,,state,nssp
7637,pa,pct_ed_visits_covid,202535,202551,16,0.65,,,state,nssp
7638,ri,pct_ed_visits_covid,202535,202551,16,0.64,,,state,nssp
7639,sc,pct_ed_visits_covid,202535,202551,16,2.77,,,state,nssp
7640,sd,pct_ed_visits_covid,202535,202551,16,0.65,,,state,nssp
7641,tn,pct_ed_visits_covid,202535,202551,16,1.24,,,state,nssp
7642,tx,pct_ed_visits_covid,202535,202551,16,3.2,,,state,nssp
7643,ut,pct_ed_visits_covid,202535,202551,16,1.69,,,state,nssp
7644,va,pct_ed_visits_covid,202535,202551,16,1.74,,,state,nssp
7645,vt,pct_ed_visits_covid,202535,202551,16,0.67,,,state,nssp
7646,wa,pct_ed_visits_covid,202535,202551,16,1.69,,,state,nssp
7647,wi,pct_ed_visits_covid,202535,202551,16,0.69,,,state,nssp
7648,wv,pct_ed_visits_covid,202535,202551,16,1.05,,,state,nssp
7649,wy,pct_ed_visits_covid,202535,202551,16,0.0,,,state,nssp
7650,ak,pct_ed_visits_covid,202536,202551,15,1.17,,,state,nssp
7651,al,pct_ed_visits_covid,202536,202551,15,1.93,,,state,nssp
7652,ar,pct_ed_visits_covid,202536,202551,15,1.58,,,state,nssp
7653,az,pct_ed_visits_covid,202536,202551,15,1.19,,,state,nssp
7654,ca,pct_ed_visits_covid,202536,202551,15,2.07,,,state,nssp
7655,co,pct_ed_visits_covid,202536,202551,15,0.94,,,state,nssp
7656,ct,pct_ed_visits_covid,202536,202551,15,1.36,,,state,nssp
7657,dc,pct_ed_visits_covid,202536,202551,15,1.52,,,state,nssp
7658,de,pct_ed_visits_covid,202536,202551,15,1.18,,,state,nssp
7659,fl,pct_ed_visits_covid,202536,202551,15,2.49,,,state,nssp
7660,ga,pct_ed_visits_covid,202536,202551,15,1.36,,,state,nssp
7661,hi,pct_ed_visits_covid,202536,202551,15,2.31,,,state,nssp
7662,ia,pct_ed_visits_covid,202536,202551,15,1.21,,,state,nssp
7663,id,pct_ed_visits_covid,202536,202551,15,1.28,,,state,nssp
7664,il,pct_ed_visits_covid,202536,202551,15,1.0,,,state,nssp
7665,in,pct_ed_visits_covid,202536,202551,15,0.85,,,state,nssp
7666,ks,pct_ed_visits_covid,202536,202551,15,0.99,,,state,nssp
7667,ky,pct_ed_visits_covid,202536,202551,15,1.5,,,state,nssp
7668,la,pct_ed_visits_covid,202536,202551,15,2.45,,,state,nssp
7669,ma,pct_ed_visits_covid,202536,202551,15,1.11,,,state,nssp
7670,md,pct_ed_visits_covid,202536,202551,15,1.59,,,state,nssp
7671,me,pct_ed_visits_covid,202536,202551,15,0.67,,,state,nssp
7672,mi,pct_ed_visits_covid,202536,202551,15,0.79,,,state,nssp
7673,mn,pct_ed_visits_covid,202536,202551,15,0.8,,,state,nssp
7674,ms,pct_ed_visits_covid,202536,202551,15,1.79,,,state,nssp
7675,mt,pct_ed_visits_covid,202536,202551,15,0.91,,,state,nssp
7676,nc,pct_ed_visits_covid,202536,202551,15,2.7,,,state,nssp
7677,nd,pct_ed_visits_covid,202536,202551,15,0.49,,,state,nssp
7678,ne,pct_ed_visits_covid,202536,202551,15,0.65,,,state,nssp
7679,nh,pct_ed_visits_covid,202536,202551,15,0.96,,,state,nssp
7680,nj,pct_ed_visits_covid,202536,202551,15,1.06,,,state,nssp
7681,nm,pct_ed_visits_covid,202536,202551,15,1.03,,,state,nssp
7682,nv,pct_ed_visits_covid,202536,202551,15,1.37,,,state,nssp
7683,ny,pct_ed_visits_covid,202536,202551,15,0.79,,,state,nssp
7684,oh,pct_ed_visits_covid,202536,202551,15,0.9,,,state,nssp
7685,ok,pct_ed_visits_covid,202536,202551,15,0.87,,,state,nssp
7686,or,pct_ed_visits_covid,202536,202551,15,1.71,,,state,nssp
7687,pa,pct_ed_visits_covid,202536,202551,15,0.85,,,state,nssp
7688,ri,pct_ed_visits_covid,202536,202551,15,0.95,,,state,nssp
7689,sc,pct_ed_visits_covid,202536,202551,15,2.41,,,state,nssp
7690,sd,pct_ed_visits_covid,202536,202551,15,0.77,,,state,nssp
7691,tn,pct_ed_visits_covid,202536,202551,15,1.14,,,state,nssp
7692,tx,pct_ed_visits_covid,202536,202551,15,2.54,,,state,nssp
7693,ut,pct_ed_visits_covid,202536,202551,15,1.5,,,state,nssp
7694,va,pct_ed_visits_covid,202536,202551,15,1.74,,,state,nssp
7695,vt,pct_ed_visits_covid,202536,202551,15,0.7,,,state,nssp
7696,wa,pct_ed_visits_covid,202536,202551,15,1.75,,,state,nssp
7697,wi,pct_ed_visits_covid,202536,202551,15,0.91,,,state,nssp
7698,wv,pct_ed_visits_covid,202536,202551,15,1.42,,,state,nssp
7699,wy,pct_ed_visits_covid,202536,202551,15,0.0,,,state,nssp
7700,ak,pct_ed_visits_covid,202537,202551,14,1.06,,,state,nssp
7701,al,pct_ed_visits_covid,202537,202551,14,1.26,,,state,nssp
7702,ar,pct_ed_visits_covid,202537,202551,14,1.37,,,state,nssp
7703,az,pct_ed_visits_covid,202537,202551,14,0.92,,,state,nssp
7704,ca,pct_ed_visits_covid,202537,202551,14,1.75,,,state,nssp
7705,co,pct_ed_visits_covid,202537,202551,14,0.86,,,state,nssp
7706,ct,pct_ed_visits_covid,202537,202551,14,1.41,,,state,nssp
7707,dc,pct_ed_visits_covid,202537,202551,14,1.07,,,state,nssp
7708,de,pct_ed_visits_covid,202537,202551,14,1.1,,,state,nssp
7709,fl,pct_ed_visits_covid,202537,202551,14,1.76,,,state,nssp
7710,ga,pct_ed_visits_covid,202537,202551,14,0.86,,,state,nssp
7711,hi,pct_ed_visits_covid,202537,202551,14,1.94,,,state,nssp
7712,ia,pct_ed_visits_covid,202537,202551,14,1.2,,,state,nssp
7713,id,pct_ed_visits_covid,202537,202551,14,1.37,,,state,nssp
7714,il,pct_ed_visits_covid,202537,202551,14,0.89,,,state,nssp
7715,in,pct_ed_visits_covid,202537,202551,14,0.76,,,state,nssp
7716,ks,pct_ed_visits_covid,202537,202551,14,0.88,,,state,nssp
7717,ky,pct_ed_visits_covid,202537,202551,14,1.24,,,state,nssp
7718,la,pct_ed_visits_covid,202537,202551,14,1.54,,,state,nssp
7719,ma,pct_ed_visits_covid,202537,202551,14,1.14,,,state,nssp
7720,md,pct_ed_visits_covid,202537,202551,14,1.33,,,state,nssp
7721,me,pct_ed_visits_covid,202537,202551,14,0.61,,,state,nssp
7722,mi,pct_ed_visits_covid,202537,202551,14,0.83,,,state,nssp
7723,mn,pct_ed_visits_covid,202537,202551,14,0.97,,,state,nssp
7724,ms,pct_ed_visits_covid,202537,202551,14,1.5,,,state,nssp
7725,mt,pct_ed_visits_covid,202537,202551,14,0.96,,,state,nssp
7726,nc,pct_ed_visits_covid,202537,202551,14,2.31,,,state,nssp
7727,nd,pct_ed_visits_covid,202537,202551,14,0.43,,,state,nssp
7728,ne,pct_ed_visits_covid,202537,202551,14,0.57,,,state,nssp
7729,nh,pct_ed_visits_covid,202537,202551,14,0.81,,,state,nssp
7730,nj,pct_ed_visits_covid,202537,202551,14,1.06,,,state,nssp
7731,nm,pct_ed_visits_covid,202537,202551,14,0.91,,,state,nssp
7732,nv,pct_ed_visits_covid,202537,202551,14,1.08,,,state,nssp
7733,ny,pct_ed_visits_covid,202537,202551,14,0.78,,,state,nssp
7734,oh,pct_ed_visits_covid,202537,202551,14,0.85,,,state,nssp
7735,ok,pct_ed_visits_covid,202537,202551,14,0.8,,,state,nssp
7736,or,pct_ed_visits_covid,202537,202551,14,1.66,,,state,nssp
7737,pa,pct_ed_visits_covid,202537,202551,14,0.85,,,state,nssp
7738,ri,pct_ed_visits_covid,202537,202551,14,0.85,,,state,nssp
7739,sc,pct_ed_visits_covid,202537,202551,14,1.66,,,state,nssp
7740,sd,pct_ed_visits_covid,202537,202551,14,1.04,,,state,nssp
7741,tn,pct_ed_visits_covid,202537,202551,14,0.92,,,state,nssp
7742,tx,pct_ed_visits_covid,202537,202551,14,1.72,,,state,nssp
7743,ut,pct_ed_visits_covid,202537,202551,14,1.02,,,state,nssp
7744,va,pct_ed_visits_covid,202537,202551,14,1.39,,,state,nssp
7745,vt,pct_ed_visits_covid,202537,202551,14,0.87,,,state,nssp
7746,wa,pct_ed_visits_covid,202537,202551,14,1.92,,,state,nssp
7747,wi,pct_ed_visits_covid,202537,202551,14,1.05,,,state,nssp
7748,wv,pct_ed_visits_covid,202537,202551,14,1.52,,,state,nssp
7749,wy,pct_ed_visits_covid,202537,202551,14,0.0,,,state,nssp
7750,ak,pct_ed_visits_covid,202538,202551,13,1.01,,,state,nssp
7751,al,pct_ed_visits_covid,202538,202551,13,0.87,,,state,nssp
7752,ar,pct_ed_visits_covid,202538,202551,13,0.92,,,state,nssp
7753,az,pct_ed_visits_covid,202538,202551,13,0.81,,,state,nssp
7754,ca,pct_ed_visits_covid,202538,202551,13,1.39,,,state,nssp
7755,co,pct_ed_visits_covid,202538,202551,13,0.74,,,state,nssp
7756,ct,pct_ed_visits_covid,202538,202551,13,1.43,,,state,nssp
7757,dc,pct_ed_visits_covid,202538,202551,13,0.75,,,state,nssp
7758,de,pct_ed_visits_covid,202538,202551,13,1.29,,,state,nssp
7759,fl,pct_ed_visits_covid,202538,202551,13,1.23,,,state,nssp
7760,ga,pct_ed_visits_covid,202538,202551,13,0.59,,,state,nssp
7761,hi,pct_ed_visits_covid,202538,202551,13,1.1,,,state,nssp
7762,ia,pct_ed_visits_covid,202538,202551,13,1.1,,,state,nssp
7763,id,pct_ed_visits_covid,202538,202551,13,1.06,,,state,nssp
7764,il,pct_ed_visits_covid,202538,202551,13,0.73,,,state,nssp
7765,in,pct_ed_visits_covid,202538,202551,13,0.59,,,state,nssp
7766,ks,pct_ed_visits_covid,202538,202551,13,0.68,,,state,nssp
7767,ky,pct_ed_visits_covid,202538,202551,13,0.91,,,state,nssp
7768,la,pct_ed_visits_covid,202538,202551,13,1.09,,,state,nssp
7769,ma,pct_ed_visits_covid,202538,202551,13,1.01,,,state,nssp
7770,md,pct_ed_visits_covid,202538,202551,13,1.05,,,state,nssp
7771,me,pct_ed_visits_covid,202538,202551,13,0.75,,,state,nssp
7772,mi,pct_ed_visits_covid,202538,202551,13,0.82,,,state,nssp
7773,mn,pct_ed_visits_covid,202538,202551,13,0.86,,,state,nssp
7774,ms,pct_ed_visits_covid,202538,202551,13,1.03,,,state,nssp
7775,mt,pct_ed_visits_covid,202538,202551,13,0.81,,,state,nssp
7776,nc,pct_ed_visits_covid,202538,202551,13,1.69,,,state,nssp
7777,nd,pct_ed_visits_covid,202538,202551,13,0.47,,,state,nssp
7778,ne,pct_ed_visits_covid,202538,202551,13,0.42,,,state,nssp
7779,nh,pct_ed_visits_covid,202538,202551,13,0.89,,,state,nssp
7780,nj,pct_ed_visits_covid,202538,202551,13,1.05,,,state,nssp
7781,nm,pct_ed_visits_covid,202538,202551,13,0.87,,,state,nssp
7782,nv,pct_ed_visits_covid,202538,202551,13,0.98,,,state,nssp
7783,ny,pct_ed_visits_covid,202538,202551,13,0.83,,,state,nssp
7784,oh,pct_ed_visits_covid,202538,202551,13,0.68,,,state,nssp
7785,ok,pct_ed_visits_covid,202538,202551,13,0.78,,,state,nssp
7786,or,pct_ed_visits_covid,202538,202551,13,1.57,,,state,nssp
7787,pa,pct_ed_visits_covid,202538,202551,13,0.74,,,state,nssp
7788,ri,pct_ed_visits_covid,202538,202551,13,0.86,,,state,nssp
7789,sc,pct_ed_visits_covid,202538,202551,13,1.19,,,state,nssp
7790,sd,pct_ed_visits_covid,202538,202551,13,0.71,,,state,nssp
7791,tn,pct_ed_visits_covid,202538,202551,13,0.77,,,state,nssp
7792,tx,pct_ed_visits_covid,202538,202551,13,1.25,,,state,nssp
7793,ut,pct_ed_visits_covid,202538,202551,13,0.8,,,state,nssp
7794,va,pct_ed_visits_covid,202538,202551,13,1.05,,,state,nssp
7795,vt,pct_ed_visits_covid,202538,202551,13,0.92,,,state,nssp
7796,wa,pct_ed_visits_covid,202538,202551,13,1.66,,,state,nssp
7797,wi,pct_ed_visits_covid,202538,202551,13,0.95,,,state,nssp
7798,wv,pct_ed_visits_covid,202538,202551,13,1.13,,,state,nssp
7799,wy,pct_ed_visits_covid,202538,202551,13,0.0,,,state,nssp
7800,ak,pct_ed_visits_covid,202539,202551,12,0.77,,,state,nssp
7801,al,pct_ed_visits_covid,202539,202551,12,0.71,,,state,nssp
7802,ar,pct_ed_visits_covid,202539,202551,12,0.76,,,state,nssp
7803,az,pct_ed_visits_covid,202539,202551,12,0.76,,,state,nssp
7804,ca,pct_ed_visits_covid,202539,202551,12,1.06,,,state,nssp
7805,co,pct_ed_visits_covid,202539,202551,12,0.63,,,state,nssp
7806,ct,pct_ed_visits_covid,202539,202551,12,1.02,,,state,nssp
7807,dc,pct_ed_visits_covid,202539,202551,12,0.37,,,state,nssp
7808,de,pct_ed_visits_covid,202539,202551,12,0.81,,,state,nssp
7809,fl,pct_ed_visits_covid,202539,202551,12,0.86,,,state,nssp
7810,ga,pct_ed_visits_covid,202539,202551,12,0.41,,,state,nssp
7811,hi,pct_ed_visits_covid,202539,202551,12,0.84,,,state,nssp
7812,ia,pct_ed_visits_covid,202539,202551,12,0.75,,,state,nssp
7813,id,pct_ed_visits_covid,202539,202551,12,0.95,,,state,nssp
7814,il,pct_ed_visits_covid,202539,202551,12,0.54,,,state,nssp
7815,in,pct_ed_visits_covid,202539,202551,12,0.42,,,state,nssp
7816,ks,pct_ed_visits_covid,202539,202551,12,0.55,,,state,nssp
7817,ky,pct_ed_visits_covid,202539,202551,12,0.72,,,state,nssp
7818,la,pct_ed_visits_covid,202539,202551,12,0.69,,,state,nssp
7819,ma,pct_ed_visits_covid,202539,202551,12,0.98,,,state,nssp
7820,md,pct_ed_visits_covid,202539,202551,12,0.81,,,state,nssp
7821,me,pct_ed_visits_covid,202539,202551,12,0.67,,,state,nssp
7822,mi,pct_ed_visits_covid,202539,202551,12,0.6,,,state,nssp
7823,mn,pct_ed_visits_covid,202539,202551,12,0.67,,,state,nssp
7824,ms,pct_ed_visits_covid,202539,202551,12,0.97,,,state,nssp
7825,mt,pct_ed_visits_covid,202539,202551,12,0.89,,,state,nssp
7826,nc,pct_ed_visits_covid,202539,202551,12,1.14,,,state,nssp
7827,nd,pct_ed_visits_covid,202539,202551,12,0.32,,,state,nssp
7828,ne,pct_ed_visits_covid,202539,202551,12,0.36,,,state,nssp
7829,nh,pct_ed_visits_covid,202539,202551,12,0.81,,,state,nssp
7830,nj,pct_ed_visits_covid,202539,202551,12,0.8,,,state,nssp
7831,nm,pct_ed_visits_covid,202539,202551,12,0.75,,,state,nssp
7832,nv,pct_ed_visits_covid,202539,202551,12,0.67,,,state,nssp
7833,ny,pct_ed_visits_covid,202539,202551,12,0.72,,,state,nssp
7834,oh,pct_ed_visits_covid,202539,202551,12,0.48,,,state,nssp
7835,ok,pct_ed_visits_covid,202539,202551,12,0.55,,,state,nssp
7836,or,pct_ed_visits_covid,202539,202551,12,1.32,,,state,nssp
7837,pa,pct_ed_visits_covid,202539,202551,12,0.57,,,state,nssp
7838,ri,pct_ed_visits_covid,202539,202551,12,0.71,,,state,nssp
7839,sc,pct_ed_visits_covid,202539,202551,12,0.88,,,state,nssp
7840,sd,pct_ed_visits_covid,202539,202551,12,0.81,,,state,nssp
7841,tn,pct_ed_visits_covid,202539,202551,12,0.64,,,state,nssp
7842,tx,pct_ed_visits_covid,202539,202551,12,0.81,,,state,nssp
7843,ut,pct_ed_visits_covid,202539,202551,12,0.51,,,state,nssp
7844,va,pct_ed_visits_covid,202539,202551,12,0.71,,,state,nssp
7845,vt,pct_ed_visits_covid,202539,202551,12,0.78,,,state,nssp
7846,wa,pct_ed_visits_covid,202539,202551,12,1.36,,,state,nssp
7847,wi,pct_ed_visits_covid,202539,202551,12,0.74,,,state,nssp
7848,wv,pct_ed_visits_covid,202539,202551,12,0.88,,,state,nssp
7849,wy,pct_ed_visits_covid,202539,202551,12,0.0,,,state,nssp
7850,ak,pct_ed_visits_covid,202540,202551,11,0.54,,,state,nssp
7851,al,pct_ed_visits_covid,202540,202551,11,0.49,,,state,nssp
7852,ar,pct_ed_visits_covid,202540,202551,11,0.61,,,state,nssp
7853,az,pct_ed_visits_covid,202540,202551,11,0.64,,,state,nssp
7854,ca,pct_ed_visits_covid,202540,202551,11,0.81,,,state,nssp
7855,co,pct_ed_visits_covid,202540,202551,11,0.51,,,state,nssp
7856,ct,pct_ed_visits_covid,202540,202551,11,0.82,,,state,nssp
7857,dc,pct_ed_visits_covid,202540,202551,11,0.25,,,state,nssp
7858,de,pct_ed_visits_covid,202540,202551,11,0.59,,,state,nssp
7859,fl,pct_ed_visits_covid,202540,202551,11,0.6,,,state,nssp
7860,ga,pct_ed_visits_covid,202540,202551,11,0.31,,,state,nssp
7861,hi,pct_ed_visits_covid,202540,202551,11,0.6,,,state,nssp
7862,ia,pct_ed_visits_covid,202540,202551,11,0.59,,,state,nssp
7863,id,pct_ed_visits_covid,202540,202551,11,0.75,,,state,nssp
7864,il,pct_ed_visits_covid,202540,202551,11,0.48,,,state,nssp
7865,in,pct_ed_visits_covid,202540,202551,11,0.38,,,state,nssp
7866,ks,pct_ed_visits_covid,202540,202551,11,0.45,,,state,nssp
7867,ky,pct_ed_visits_covid,202540,202551,11,0.58,,,state,nssp
7868,la,pct_ed_visits_covid,202540,202551,11,0.55,,,state,nssp
7869,ma,pct_ed_visits_covid,202540,202551,11,0.71,,,state,nssp
7870,md,pct_ed_visits_covid,202540,202551,11,0.65,,,state,nssp
7871,me,pct_ed_visits_covid,202540,202551,11,0.57,,,state,nssp
7872,mi,pct_ed_visits_covid,202540,202551,11,0.48,,,state,nssp
7873,mn,pct_ed_visits_covid,202540,202551,11,0.53,,,state,nssp
7874,ms,pct_ed_visits_covid,202540,202551,11,0.75,,,state,nssp
7875,mt,pct_ed_visits_covid,202540,202551,11,0.79,,,state,nssp
7876,nc,pct_ed_visits_covid,202540,202551,11,0.8,,,state,nssp
7877,nd,pct_ed_visits_covid,202540,202551,11,0.22,,,state,nssp
7878,ne,pct_ed_visits_covid,202540,202551,11,0.18,,,state,nssp
7879,nh,pct_ed_visits_covid,202540,202551,11,0.63,,,state,nssp
7880,nj,pct_ed_visits_covid,202540,202551,11,0.59,,,state,nssp
7881,nm,pct_ed_visits_covid,202540,202551,11,0.61,,,state,nssp
7882,nv,pct_ed_visits_covid,202540,202551,11,0.52,,,state,nssp
7883,ny,pct_ed_visits_covid,202540,202551,11,0.51,,,state,nssp
7884,oh,pct_ed_visits_covid,202540,202551,11,0.32,,,state,nssp
7885,ok,pct_ed_visits_covid,202540,202551,11,0.38,,,state,nssp
7886,or,pct_ed_visits_covid,202540,202551,11,1.04,,,state,nssp
7887,pa,pct_ed_visits_covid,202540,202551,11,0.42,,,state,nssp
7888,ri,pct_ed_visits_covid,202540,202551,11,0.61,,,state,nssp
7889,sc,pct_ed_visits_covid,202540,202551,11,0.59,,,state,nssp
7890,sd,pct_ed_visits_covid,202540,202551,11,0.42,,,state,nssp
7891,tn,pct_ed_visits_covid,202540,202551,11,0.54,,,state,nssp
7892,tx,pct_ed_visits_covid,202540,202551,11,0.57,,,state,nssp
7893,ut,pct_ed_visits_covid,202540,202551,11,0.41,,,state,nssp
7894,va,pct_ed_visits_covid,202540,202551,11,0.49,,,state,nssp
7895,vt,pct_ed_visits_covid,202540,202551,11,0.71,,,state,nssp
7896,wa,pct_ed_visits_covid,202540,202551,11,1.09,,,state,nssp
7897,wi,pct_ed_visits_covid,202540,202551,11,0.5,,,state,nssp
7898,wv,pct_ed_visits_covid,202540,202551,11,0.56,,,state,nssp
7899,wy,pct_ed_visits_covid,202540,202551,11,0.0,,,state,nssp
7900,ak,pct_ed_visits_covid,202541,202551,10,0.48,,,state,nssp
7901,al,pct_ed_visits_covid,202541,202551,10,0.35,,,state,nssp
7902,ar,pct_ed_visits_covid,202541,202551,10,0.53,,,state,nssp
7903,az,pct_ed_visits_covid,202541,202551,10,0.56,,,state,nssp
7904,ca,pct_ed_visits_covid,202541,202551,10,0.63,,,state,nssp
7905,co,pct_ed_visits_covid,202541,202551,10,0.42,,,state,nssp
7906,ct,pct_ed_visits_covid,202541,202551,10,0.56,,,state,nssp
7907,dc,pct_ed_visits_covid,202541,202551,10,0.16,,,state,nssp
7908,de,pct_ed_visits_covid,202541,202551,10,0.49,,,state,nssp
7909,fl,pct_ed_visits_covid,202541,202551,10,0.46,,,state,nssp
7910,ga,pct_ed_visits_covid,202541,202551,10,0.28,,,state,nssp
7911,hi,pct_ed_visits_covid,202541,202551,10,0.47,,,state,nssp
7912,ia,pct_ed_visits_covid,202541,202551,10,0.46,,,state,nssp
7913,id,pct_ed_visits_covid,202541,202551,10,0.79,,,state,nssp
7914,il,pct_ed_visits_covid,202541,202551,10,0.33,,,state,nssp
7915,in,pct_ed_visits_covid,202541,202551,10,0.33,,,state,nssp
7916,ks,pct_ed_visits_covid,202541,202551,10,0.28,,,state,nssp
7917,ky,pct_ed_visits_covid,202541,202551,10,0.42,,,state,nssp
7918,la,pct_ed_visits_covid,202541,202551,10,0.43,,,state,nssp
7919,ma,pct_ed_visits_covid,202541,202551,10,0.51,,,state,nssp
7920,md,pct_ed_visits_covid,202541,202551,10,0.44,,,state,nssp
7921,me,pct_ed_visits_covid,202541,202551,10,0.47,,,state,nssp
7922,mi,pct_ed_visits_covid,202541,202551,10,0.32,,,state,nssp
7923,mn,pct_ed_visits_covid,202541,202551,10,0.37,,,state,nssp
7924,ms,pct_ed_visits_covid,202541,202551,10,0.58,,,state,nssp
7925,mt,pct_ed_visits_covid,202541,202551,10,0.58,,,state,nssp
7926,nc,pct_ed_visits_covid,202541,202551,10,0.53,,,state,nssp
7927,nd,pct_ed_visits_covid,202541,202551,10,0.22,,,state,nssp
7928,ne,pct_ed_visits_covid,202541,202551,10,0.22,,,state,nssp
7929,nh,pct_ed_visits_covid,202541,202551,10,0.6,,,state,nssp
7930,nj,pct_ed_visits_covid,202541,202551,10,0.47,,,state,nssp
7931,nm,pct_ed_visits_covid,202541,202551,10,0.66,,,state,nssp
7932,nv,pct_ed_visits_covid,202541,202551,10,0.44,,,state,nssp
7933,ny,pct_ed_visits_covid,202541,202551,10,0.43,,,state,nssp
7934,oh,pct_ed_visits_covid,202541,202551,10,0.29,,,state,nssp
7935,ok,pct_ed_visits_covid,202541,202551,10,0.24,,,state,nssp
7936,or,pct_ed_visits_covid,202541,202551,10,0.95,,,state,nssp
7937,pa,pct_ed_visits_covid,202541,202551,10,0.34,,,state,nssp
7938,ri,pct_ed_visits_covid,202541,202551,10,0.45,,,state,nssp
7939,sc,pct_ed_visits_covid,202541,202551,10,0.52,,,state,nssp
7940,sd,pct_ed_visits_covid,202541,202551,10,0.37,,,state,nssp
7941,tn,pct_ed_visits_covid,202541,202551,10,0.45,,,state,nssp
7942,tx,pct_ed_visits_covid,202541,202551,10,0.45,,,state,nssp
7943,ut,pct_ed_visits_covid,202541,202551,10,0.26,,,state,nssp
7944,va,pct_ed_visits_covid,202541,202551,10,0.41,,,state,nssp
7945,vt,pct_ed_visits_covid,202541,202551,10,0.76,,,state,nssp
7946,wa,pct_ed_visits_covid,202541,202551,10,0.8,,,state,nssp
7947,wi,pct_ed_visits_covid,202541,202551,10,0.38,,,state,nssp
7948,wv,pct_ed_visits_covid,202541,202551,10,0.57,,,state,nssp
7949,wy,pct_ed_visits_covid,202541,202551,10,0.0,,,state,nssp
7950,ak,pct_ed_visits_covid,202542,202551,9,0.3,,,state,nssp
7951,al,pct_ed_visits_covid,202542,202551,9,0.31,,,state,nssp
7952,ar,pct_ed_visits_covid,202542,202551,9,0.54,,,state,nssp
7953,az,pct_ed_visits_covid,202542,202551,9,0.45,,,state,nssp
7954,ca,pct_ed_visits_covid,202542,202551,9,0.44,,,state,nssp
7955,co,pct_ed_visits_covid,202542,202551,9,0.35,,,state,nssp
7956,ct,pct_ed_visits_covid,202542,202551,9,0.5,,,state,nssp
7957,dc,pct_ed_visits_covid,202542,202551,9,0.29,,,state,nssp
7958,de,pct_ed_visits_covid,202542,202551,9,0.4,,,state,nssp
7959,fl,pct_ed_visits_covid,202542,202551,9,0.34,,,state,nssp
7960,ga,pct_ed_visits_covid,202542,202551,9,0.29,,,state,nssp
7961,hi,pct_ed_visits_covid,202542,202551,9,0.47,,,state,nssp
7962,ia,pct_ed_visits_covid,202542,202551,9,0.36,,,state,nssp
7963,id,pct_ed_visits_covid,202542,202551,9,0.7,,,state,nssp
7964,il,pct_ed_visits_covid,202542,202551,9,0.28,,,state,nssp
7965,in,pct_ed_visits_covid,202542,202551,9,0.31,,,state,nssp
7966,ks,pct_ed_visits_covid,202542,202551,9,0.24,,,state,nssp
7967,ky,pct_ed_visits_covid,202542,202551,9,0.36,,,state,nssp
7968,la,pct_ed_visits_covid,202542,202551,9,0.38,,,state,nssp
7969,ma,pct_ed_visits_covid,202542,202551,9,0.42,,,state,nssp
7970,md,pct_ed_visits_covid,202542,202551,9,0.31,,,state,nssp
7971,me,pct_ed_visits_covid,202542,202551,9,0.49,,,state,nssp
7972,mi,pct_ed_visits_covid,202542,202551,9,0.27,,,state,nssp
7973,mn,pct_ed_visits_covid,202542,202551,9,0.35,,,state,nssp
7974,ms,pct_ed_visits_covid,202542,202551,9,0.56,,,state,nssp
7975,mt,pct_ed_visits_covid,202542,202551,9,0.62,,,state,nssp
7976,nc,pct_ed_visits_covid,202542,202551,9,0.46,,,state,nssp
7977,nd,pct_ed_visits_covid,202542,202551,9,0.08,,,state,nssp
7978,ne,pct_ed_visits_covid,202542,202551,9,0.18,,,state,nssp
7979,nh,pct_ed_visits_covid,202542,202551,9,0.56,,,state,nssp
7980,nj,pct_ed_visits_covid,202542,202551,9,0.39,,,state,nssp
7981,nm,pct_ed_visits_covid,202542,202551,9,0.54,,,state,nssp
7982,nv,pct_ed_visits_covid,202542,202551,9,0.3,,,state,nssp
7983,ny,pct_ed_visits_covid,202542,202551,9,0.32,,,state,nssp
7984,oh,pct_ed_visits_covid,202542,202551,9,0.26,,,state,nssp
7985,ok,pct_ed_visits_covid,202542,202551,9,0.27,,,state,nssp
7986,or,pct_ed_visits_covid,202542,202551,9,0.66,,,state,nssp
7987,pa,pct_ed_visits_covid,202542,202551,9,0.31,,,state,nssp
7988,ri,pct_ed_visits_covid,202542,202551,9,0.42,,,state,nssp
7989,sc,pct_ed_visits_covid,202542,202551,9,0.4,,,state,nssp
7990,sd,pct_ed_visits_covid,202542,202551,9,0.39,,,state,nssp
7991,tn,pct_ed_visits_covid,202542,202551,9,0.42,,,state,nssp
7992,tx,pct_ed_visits_covid,202542,202551,9,0.35,,,state,nssp
7993,ut,pct_ed_visits_covid,202542,202551,9,0.24,,,state,nssp
7994,va,pct_ed_visits_covid,202542,202551,9,0.35,,,state,nssp
7995,vt,pct_ed_visits_covid,202542,202551,9,0.55,,,state,nssp
7996,wa,pct_ed_visits_covid,202542,202551,9,0.56,,,state,nssp
7997,wi,pct_ed_visits_covid,202542,202551,9,0.24,,,state,nssp
7998,wv,pct_ed_visits_covid,202542,202551,9,0.5,,,state,nssp
7999,wy,pct_ed_visits_covid,202542,202551,9,0.0,,,state,nssp
8000,ak,pct_ed_visits_covid,202543,202551,8,0.25,,,state,nssp
8001,al,pct_ed_visits_covid,202543,202551,8,0.24,,,state,nssp
8002,ar,pct_ed_visits_covid,202543,202551,8,0.43,,,state,nssp
8003,az,pct_ed_visits_covid,202543,202551,8,0.46,,,state,nssp
8004,ca,pct_ed_visits_covid,202543,202551,8,0.39,,,state,nssp
8005,co,pct_ed_visits_covid,202543,202551,8,0.31,,,state,nssp
8006,ct,pct_ed_visits_covid,202543,202551,8,0.38,,,state,nssp
8007,dc,pct_ed_visits_covid,202543,202551,8,0.21,,,state,nssp
8008,de,pct_ed_visits_covid,202543,202551,8,0.35,,,state,nssp
8009,fl,pct_ed_visits_covid,202543,202551,8,0.29,,,state,nssp
8010,ga,pct_ed_visits_covid,202543,202551,8,0.23,,,state,nssp
8011,hi,pct_ed_visits_covid,202543,202551,8,0.34,,,state,nssp
8012,ia,pct_ed_visits_covid,202543,202551,8,0.29,,,state,nssp
8013,id,pct_ed_visits_covid,202543,202551,8,0.58,,,state,nssp
8014,il,pct_ed_visits_covid,202543,202551,8,0.3,,,state,nssp
8015,in,pct_ed_visits_covid,202543,202551,8,0.34,,,state,nssp
8016,ks,pct_ed_visits_covid,202543,202551,8,0.22,,,state,nssp
8017,ky,pct_ed_visits_covid,202543,202551,8,0.34,,,state,nssp
8018,la,pct_ed_visits_covid,202543,202551,8,0.29,,,state,nssp
8019,ma,pct_ed_visits_covid,202543,202551,8,0.41,,,state,nssp
8020,md,pct_ed_visits_covid,202543,202551,8,0.28,,,state,nssp
8021,me,pct_ed_visits_covid,202543,202551,8,0.38,,,state,nssp
8022,mi,pct_ed_visits_covid,202543,202551,8,0.27,,,state,nssp
8023,mn,pct_ed_visits_covid,202543,202551,8,0.3,,,state,nssp
8024,ms,pct_ed_visits_covid,202543,202551,8,0.53,,,state,nssp
8025,mt,pct_ed_visits_covid,202543,202551,8,0.6,,,state,nssp
8026,nc,pct_ed_visits_covid,202543,202551,8,0.32,,,state,nssp
8027,nd,pct_ed_visits_covid,202543,202551,8,0.16,,,state,nssp
8028,ne,pct_ed_visits_covid,202543,202551,8,0.12,,,state,nssp
8029,nh,pct_ed_visits_covid,202543,202551,8,0.5,,,state,nssp
8030,nj,pct_ed_visits_covid,202543,202551,8,0.29,,,state,nssp
8031,nm,pct_ed_visits_covid,202543,202551,8,0.48,,,state,nssp
8032,nv,pct_ed_visits_covid,202543,202551,8,0.29,,,state,nssp
8033,ny,pct_ed_visits_covid,202543,202551,8,0.3,,,state,nssp
8034,oh,pct_ed_visits_covid,202543,202551,8,0.21,,,state,nssp
8035,ok,pct_ed_visits_covid,202543,202551,8,0.23,,,state,nssp
8036,or,pct_ed_visits_covid,202543,202551,8,0.54,,,state,nssp
8037,pa,pct_ed_visits_covid,202543,202551,8,0.26,,,state,nssp
8038,ri,pct_ed_visits_covid,202543,202551,8,0.32,,,state,nssp
8039,sc,pct_ed_visits_covid,202543,202551,8,0.31,,,state,nssp
8040,sd,pct_ed_visits_covid,202543,202551,8,0.29,,,state,nssp
8041,tn,pct_ed_visits_covid,202543,202551,8,0.34,,,state,nssp
8042,tx,pct_ed_visits_covid,202543,202551,8,0.27,,,state,nssp
8043,ut,pct_ed_visits_covid,202543,202551,8,0.28,,,state,nssp
8044,va,pct_ed_visits_covid,202543,202551,8,0.3,,,state,nssp
8045,vt,pct_ed_visits_covid,202543,202551,8,0.5,,,state,nssp
8046,wa,pct_ed_visits_covid,202543,202551,8,0.48,,,state,nssp
8047,wi,pct_ed_visits_covid,202543,202551,8,0.26,,,state,nssp
8048,wv,pct_ed_visits_covid,202543,202551,8,0.46,,,state,nssp
8049,wy,pct_ed_visits_covid,202543,202551,8,0.0,,,state,nssp
8050,ak,pct_ed_visits_covid,202544,202551,7,0.31,,,state,nssp
8051,al,pct_ed_visits_covid,202544,202551,7,0.23,,,state,nssp
8052,ar,pct_ed_visits_covid,202544,202551,7,0.31,,,state,nssp
8053,az,pct_ed_visits_covid,202544,202551,7,0.48,,,state,nssp
8054,ca,pct_ed_visits_covid,202544,202551,7,0.31,,,state,nssp
8055,co,pct_ed_visits_covid,202544,202551,7,0.27,,,state,nssp
8056,ct,pct_ed_visits_covid,202544,202551,7,0.39,,,state,nssp
8057,dc,pct_ed_visits_covid,202544,202551,7,0.11,,,state,nssp
8058,de,pct_ed_visits_covid,202544,202551,7,0.26,,,state,nssp
8059,fl,pct_ed_visits_covid,202544,202551,7,0.25,,,state,nssp
8060,ga,pct_ed_visits_covid,202544,202551,7,0.24,,,state,nssp
8061,hi,pct_ed_visits_covid,202544,202551,7,0.23,,,state,nssp
8062,ia,pct_ed_visits_covid,202544,202551,7,0.28,,,state,nssp
8063,id,pct_ed_visits_covid,202544,202551,7,0.55,,,state,nssp
8064,il,pct_ed_visits_covid,202544,202551,7,0.28,,,state,nssp
8065,in,pct_ed_visits_covid,202544,202551,7,0.38,,,state,nssp
8066,ks,pct_ed_visits_covid,202544,202551,7,0.22,,,state,nssp
8067,ky,pct_ed_visits_covid,202544,202551,7,0.38,,,state,nssp
8068,la,pct_ed_visits_covid,202544,202551,7,0.23,,,state,nssp
8069,ma,pct_ed_visits_covid,202544,202551,7,0.42,,,state,nssp
8070,md,pct_ed_visits_covid,202544,202551,7,0.25,,,state,nssp
8071,me,pct_ed_visits_covid,202544,202551,7,0.48,,,state,nssp
8072,mi,pct_ed_visits_covid,202544,202551,7,0.26,,,state,nssp
8073,mn,pct_ed_visits_covid,202544,202551,7,0.29,,,state,nssp
8074,ms,pct_ed_visits_covid,202544,202551,7,0.49,,,state,nssp
8075,mt,pct_ed_visits_covid,202544,202551,7,0.55,,,state,nssp
8076,nc,pct_ed_visits_covid,202544,202551,7,0.35,,,state,nssp
8077,nd,pct_ed_visits_covid,202544,202551,7,0.18,,,state,nssp
8078,ne,pct_ed_visits_covid,202544,202551,7,0.13,,,state,nssp
8079,nh,pct_ed_visits_covid,202544,202551,7,0.41,,,state,nssp
8080,nj,pct_ed_visits_covid,202544,202551,7,0.32,,,state,nssp
8081,nm,pct_ed_visits_covid,202544,202551,7,0.49,,,state,nssp
8082,nv,pct_ed_visits_covid,202544,202551,7,0.31,,,state,nssp
8083,ny,pct_ed_visits_covid,202544,202551,7,0.28,,,state,nssp
8084,oh,pct_ed_visits_covid,202544,202551,7,0.27,,,state,nssp
8085,ok,pct_ed_visits_covid,202544,202551,7,0.22,,,state,nssp
8086,or,pct_ed_visits_covid,202544,202551,7,0.51,,,state,nssp
8087,pa,pct_ed_visits_covid,202544,202551,7,0.29,,,state,nssp
8088,ri,pct_ed_visits_covid,202544,202551,7,0.28,,,state,nssp
8089,sc,pct_ed_visits_covid,202544,202551,7,0.27,,,state,nssp
8090,sd,pct_ed_visits_covid,202544,202551,7,0.52,,,state,nssp
8091,tn,pct_ed_visits_covid,202544,202551,7,0.43,,,state,nssp
8092,tx,pct_ed_visits_covid,202544,202551,7,0.27,,,state,nssp
8093,ut,pct_ed_visits_covid,202544,202551,7,0.3,,,state,nssp
8094,va,pct_ed_visits_covid,202544,202551,7,0.35,,,state,nssp
8095,vt,pct_ed_visits_covid,202544,202551,7,0.59,,,state,nssp
8096,wa,pct_ed_visits_covid,202544,202551,7,0.39,,,state,nssp
8097,wi,pct_ed_visits_covid,202544,202551,7,0.25,,,state,nssp
8098,wv,pct_ed_visits_covid,202544,202551,7,0.4,,,state,nssp
8099,wy,pct_ed_visits_covid,202544,202551,7,0.0,,,state,nssp
8100,ak,pct_ed_visits_covid,202545,202551,6,0.29,,,state,nssp
8101,al,pct_ed_visits_covid,202545,202551,6,0.27,,,state,nssp
8102,ar,pct_ed_visits_covid,202545,202551,6,0.47,,,state,nssp
8103,az,pct_ed_visits_covid,202545,202551,6,0.6,,,state,nssp
8104,ca,pct_ed_visits_covid,202545,202551,6,0.24,,,state,nssp
8105,co,pct_ed_visits_covid,202545,202551,6,0.37,,,state,nssp
8106,ct,pct_ed_visits_covid,202545,202551,6,0.39,,,state,nssp
8107,dc,pct_ed_visits_covid,202545,202551,6,0.14,,,state,nssp
8108,de,pct_ed_visits_covid,202545,202551,6,0.26,,,state,nssp
8109,fl,pct_ed_visits_covid,202545,202551,6,0.24,,,state,nssp
8110,ga,pct_ed_visits_covid,202545,202551,6,0.26,,,state,nssp
8111,hi,pct_ed_visits_covid,202545,202551,6,0.18,,,state,nssp
8112,ia,pct_ed_visits_covid,202545,202551,6,0.26,,,state,nssp
8113,id,pct_ed_visits_covid,202545,202551,6,0.46,,,state,nssp
8114,il,pct_ed_visits_covid,202545,202551,6,0.33,,,state,nssp
8115,in,pct_ed_visits_covid,202545,202551,6,0.43,,,state,nssp
8116,ks,pct_ed_visits_covid,202545,202551,6,0.27,,,state,nssp
8117,ky,pct_ed_visits_covid,202545,202551,6,0.43,,,state,nssp
8118,la,pct_ed_visits_covid,202545,202551,6,0.32,,,state,nssp
8119,ma,pct_ed_visits_covid,202545,202551,6,0.38,,,state,nssp
8120,md,pct_ed_visits_covid,202545,202551,6,0.25,,,state,nssp
8121,me,pct_ed_visits_covid,202545,202551,6,0.34,,,state,nssp
8122,mi,pct_ed_visits_covid,202545,202551,6,0.31,,,state,nssp
8123,mn,pct_ed_visits_covid,202545,202551,6,0.3,,,state,nssp
8124,ms,pct_ed_visits_covid,202545,202551,6,0.53,,,state,nssp
8125,mt,pct_ed_visits_covid,202545,202551,6,0.61,,,state,nssp
8126,nc,pct_ed_visits_covid,202545,202551,6,0.29,,,state,nssp
8127,nd,pct_ed_visits_covid,202545,202551,6,0.18,,,state,nssp
8128,ne,pct_ed_visits_covid,202545,202551,6,0.12,,,state,nssp
8129,nh,pct_ed_visits_covid,202545,202551,6,0.35,,,state,nssp
8130,nj,pct_ed_visits_covid,202545,202551,6,0.34,,,state,nssp
8131,nm,pct_ed_visits_covid,202545,202551,6,0.59,,,state,nssp
8132,nv,pct_ed_visits_covid,202545,202551,6,0.26,,,state,nssp
8133,ny,pct_ed_visits_covid,202545,202551,6,0.3,,,state,nssp
8134,oh,pct_ed_visits_covid,202545,202551,6,0.37,,,state,nssp
8135,ok,pct_ed_visits_covid,202545,202551,6,0.21,,,state,nssp
8136,or,pct_ed_visits_covid,202545,202551,6,0.41,,,state,nssp
8137,pa,pct_ed_visits_covid,202545,202551,6,0.33,,,state,nssp
8138,ri,pct_ed_visits_covid,202545,202551,6,0.32,,,state,nssp
8139,sc,pct_ed_visits_covid,202545,202551,6,0.34,,,state,nssp
8140,sd,pct_ed_visits_covid,202545,202551,6,0.33,,,state,nssp
8141,tn,pct_ed_visits_covid,202545,202551,6,0.52,,,state,nssp
8142,tx,pct_ed_visits_covid,202545,202551,6,0.27,,,state,nssp
8143,ut,pct_ed_visits_covid,202545,202551,6,0.28,,,state,nssp
8144,va,pct_ed_visits_covid,202545,202551,6,0.34,,,state,nssp
8145,vt,pct_ed_visits_covid,202545,202551,6,0.45,,,state,nssp
8146,wa,pct_ed_visits_covid,202545,202551,6,0.27,,,state,nssp
8147,wi,pct_ed_visits_covid,202545,202551,6,0.27,,,state,nssp
8148,wv,pct_ed_visits_covid,202545,202551,6,0.5,,,state,nssp
8149,wy,pct_ed_visits_covid,202545,202551,6,0.0,,,state,nssp
8150,ak,pct_ed_visits_covid,202546,202551,5,0.31,,,state,nssp
8151,al,pct_ed_visits_covid,202546,202551,5,0.24,,,state,nssp
8152,ar,pct_ed_visits_covid,202546,202551,5,0.51,,,state,nssp
8153,az,pct_ed_visits_covid,202546,202551,5,0.52,,,state,nssp
8154,ca,pct_ed_visits_covid,202546,202551,5,0.22,,,state,nssp
8155,co,pct_ed_visits_covid,202546,202551,5,0.37,,,state,nssp
8156,ct,pct_ed_visits_covid,202546,202551,5,0.44,,,state,nssp
8157,dc,pct_ed_visits_covid,202546,202551,5,0.16,,,state,nssp
8158,de,pct_ed_visits_covid,202546,202551,5,0.37,,,state,nssp
8159,fl,pct_ed_visits_covid,202546,202551,5,0.23,,,state,nssp
8160,ga,pct_ed_visits_covid,202546,202551,5,0.23,,,state,nssp
8161,hi,pct_ed_visits_covid,202546,202551,5,0.19,,,state,nssp
8162,ia,pct_ed_visits_covid,202546,202551,5,0.31,,,state,nssp
8163,id,pct_ed_visits_covid,202546,202551,5,0.48,,,state,nssp
8164,il,pct_ed_visits_covid,202546,202551,5,0.36,,,state,nssp
8165,in,pct_ed_visits_covid,202546,202551,5,0.5,,,state,nssp
8166,ks,pct_ed_visits_covid,202546,202551,5,0.33,,,state,nssp
8167,ky,pct_ed_visits_covid,202546,202551,5,0.52,,,state,nssp
8168,la,pct_ed_visits_covid,202546,202551,5,0.32,,,state,nssp
8169,ma,pct_ed_visits_covid,202546,202551,5,0.37,,,state,nssp
8170,md,pct_ed_visits_covid,202546,202551,5,0.23,,,state,nssp
8171,me,pct_ed_visits_covid,202546,202551,5,0.32,,,state,nssp
8172,mi,pct_ed_visits_covid,202546,202551,5,0.31,,,state,nssp
8173,mn,pct_ed_visits_covid,202546,202551,5,0.35,,,state,nssp
8174,ms,pct_ed_visits_covid,202546,202551,5,0.74,,,state,nssp
8175,mt,pct_ed_visits_covid,202546,202551,5,0.57,,,state,nssp
8176,nc,pct_ed_visits_covid,202546,202551,5,0.32,,,state,nssp
8177,nd,pct_ed_visits_covid,202546,202551,5,0.18,,,state,nssp
8178,ne,pct_ed_visits_covid,202546,202551,5,0.23,,,state,nssp
8179,nh,pct_ed_visits_covid,202546,202551,5,0.52,,,state,nssp
8180,nj,pct_ed_visits_covid,202546,202551,5,0.33,,,state,nssp
8181,nm,pct_ed_visits_covid,202546,202551,5,0.77,,,state,nssp
8182,nv,pct_ed_visits_covid,202546,202551,5,0.3,,,state,nssp
8183,ny,pct_ed_visits_covid,202546,202551,5,0.31,,,state,nssp
8184,oh,pct_ed_visits_covid,202546,202551,5,0.47,,,state,nssp
8185,ok,pct_ed_visits_covid,202546,202551,5,0.3,,,state,nssp
8186,or,pct_ed_visits_covid,202546,202551,5,0.33,,,state,nssp
8187,pa,pct_ed_visits_covid,202546,202551,5,0.37,,,state,nssp
8188,ri,pct_ed_visits_covid,202546,202551,5,0.35,,,state,nssp
8189,sc,pct_ed_visits_covid,202546,202551,5,0.29,,,state,nssp
8190,sd,pct_ed_visits_covid,202546,202551,5,0.46,,,state,nssp
8191,tn,pct_ed_visits_covid,202546,202551,5,0.59,,,state,nssp
8192,tx,pct_ed_visits_covid,202546,202551,5,0.27,,,state,nssp
8193,ut,pct_ed_visits_covid,202546,202551,5,0.28,,,state,nssp
8194,va,pct_ed_visits_covid,202546,202551,5,0.32,,,state,nssp
8195,vt,pct_ed_visits_covid,202546,202551,5,0.56,,,state,nssp
8196,wa,pct_ed_visits_covid,202546,202551,5,0.29,,,state,nssp
8197,wi,pct_ed_visits_covid,202546,202551,5,0.32,,,state,nssp
8198,wv,pct_ed_visits_covid,202546,202551,5,0.61,,,state,nssp
8199,wy,pct_ed_visits_covid,202546,202551,5,0.0,,,state,nssp
8200,ak,pct_ed_visits_covid,202547,202551,4,0.28,,,state,nssp
8201,al,pct_ed_visits_covid,202547,202551,4,0.25,,,state,nssp
8202,ar,pct_ed_visits_covid,202547,202551,4,0.42,,,state,nssp
8203,az,pct_ed_visits_covid,202547,202551,4,0.56,,,state,nssp
8204,ca,pct_ed_visits_covid,202547,202551,4,0.18,,,state,nssp
8205,co,pct_ed_visits_covid,202547,202551,4,0.41,,,state,nssp
8206,ct,pct_ed_visits_covid,202547,202551,4,0.45,,,state,nssp
8207,dc,pct_ed_visits_covid,202547,202551,4,0.1,,,state,nssp
8208,de,pct_ed_visits_covid,202547,202551,4,0.32,,,state,nssp
8209,fl,pct_ed_visits_covid,202547,202551,4,0.21,,,state,nssp
8210,ga,pct_ed_visits_covid,202547,202551,4,0.21,,,state,nssp
8211,hi,pct_ed_visits_covid,202547,202551,4,0.2,,,state,nssp
8212,ia,pct_ed_visits_covid,202547,202551,4,0.43,,,state,nssp
8213,id,pct_ed_visits_covid,202547,202551,4,0.42,,,state,nssp
8214,il,pct_ed_visits_covid,202547,202551,4,0.41,,,state,nssp
8215,in,pct_ed_visits_covid,202547,202551,4,0.62,,,state,nssp
8216,ks,pct_ed_visits_covid,202547,202551,4,0.31,,,state,nssp
8217,ky,pct_ed_visits_covid,202547,202551,4,0.53,,,state,nssp
8218,la,pct_ed_visits_covid,202547,202551,4,0.35,,,state,nssp
8219,ma,pct_ed_visits_covid,202547,202551,4,0.5,,,state,nssp
8220,md,pct_ed_visits_covid,202547,202551,4,0.25,,,state,nssp
8221,me,pct_ed_visits_covid,202547,202551,4,0.38,,,state,nssp
8222,mi,pct_ed_visits_covid,202547,202551,4,0.41,,,state,nssp
8223,mn,pct_ed_visits_covid,202547,202551,4,0.43,,,state,nssp
8224,ms,pct_ed_visits_covid,202547,202551,4,0.69,,,state,nssp
8225,mt,pct_ed_visits_covid,202547,202551,4,0.57,,,state,nssp
8226,nc,pct_ed_visits_covid,202547,202551,4,0.3,,,state,nssp
8227,nd,pct_ed_visits_covid,202547,202551,4,0.1,,,state,nssp
8228,ne,pct_ed_visits_covid,202547,202551,4,0.25,,,state,nssp
8229,nh,pct_ed_visits_covid,202547,202551,4,0.52,,,state,nssp
8230,nj,pct_ed_visits_covid,202547,202551,4,0.34,,,state,nssp
8231,nm,pct_ed_visits_covid,202547,202551,4,0.87,,,state,nssp
8232,nv,pct_ed_visits_covid,202547,202551,4,0.3,,,state,nssp
8233,ny,pct_ed_visits_covid,202547,202551,4,0.3,,,state,nssp
8234,oh,pct_ed_visits_covid,202547,202551,4,0.5,,,state,nssp
8235,ok,pct_ed_visits_covid,202547,202551,4,0.26,,,state,nssp
8236,or,pct_ed_visits_covid,202547,202551,4,0.31,,,state,nssp
8237,pa,pct_ed_visits_covid,202547,202551,4,0.4,,,state,nssp
8238,ri,pct_ed_visits_covid,202547,202551,4,0.27,,,state,nssp
8239,sc,pct_ed_visits_covid,202547,202551,4,0.33,,,state,nssp
8240,sd,pct_ed_visits_covid,202547,202551,4,0.59,,,state,nssp
8241,tn,pct_ed_visits_covid,202547,202551,4,0.57,,,state,nssp
8242,tx,pct_ed_visits_covid,202547,202551,4,0.27,,,state,nssp
8243,ut,pct_ed_visits_covid,202547,202551,4,0.3,,,state,nssp
8244,va,pct_ed_visits_covid,202547,202551,4,0.34,,,state,nssp
8245,vt,pct_ed_visits_covid,202547,202551,4,0.78,,,state,nssp
8246,wa,pct_ed_visits_covid,202547,202551,4,0.24,,,state,nssp
8247,wi,pct_ed_visits_covid,202547,202551,4,0.34,,,state,nssp
8248,wv,pct_ed_visits_covid,202547,202551,4,0.71,,,state,nssp
8249,wy,pct_ed_visits_covid,202547,202551,4,0.0,,,state,nssp
8250,ak,pct_ed_visits_covid,202548,202551,3,0.46,,,state,nssp
8251,al,pct_ed_visits_covid,202548,202551,3,0.27,,,state,nssp
8252,ar,pct_ed_visits_covid,202548,202551,3,0.5,,,state,nssp
8253,az,pct_ed_visits_covid,202548,202551,3,0.48,,,state,nssp
8254,ca,pct_ed_visits_covid,202548,202551,3,0.15,,,state,nssp
8255,co,pct_ed_visits_covid,202548,202551,3,0.53,,,state,nssp
8256,ct,pct_ed_visits_covid,202548,202551,3,0.67,,,state,nssp
8257,dc,pct_ed_visits_covid,202548,202551,3,0.27,,,state,nssp
8258,de,pct_ed_visits_covid,202548,202551,3,0.35,,,state,nssp
8259,fl,pct_ed_visits_covid,202548,202551,3,0.22,,,state,nssp
8260,ga,pct_ed_visits_covid,202548,202551,3,0.22,,,state,nssp
8261,hi,pct_ed_visits_covid,202548,202551,3,0.11,,,state,nssp
8262,ia,pct_ed_visits_covid,202548,202551,3,0.47,,,state,nssp
8263,id,pct_ed_visits_covid,202548,202551,3,0.5,,,state,nssp
8264,il,pct_ed_visits_covid,202548,202551,3,0.55,,,state,nssp
8265,in,pct_ed_visits_covid,202548,202551,3,0.73,,,state,nssp
8266,ks,pct_ed_visits_covid,202548,202551,3,0.32,,,state,nssp
8267,ky,pct_ed_visits_covid,202548,202551,3,0.65,,,state,nssp
8268,la,pct_ed_visits_covid,202548,202551,3,0.24,,,state,nssp
8269,ma,pct_ed_visits_covid,202548,202551,3,0.63,,,state,nssp
8270,md,pct_ed_visits_covid,202548,202551,3,0.33,,,state,nssp
8271,me,pct_ed_visits_covid,202548,202551,3,0.56,,,state,nssp
8272,mi,pct_ed_visits_covid,202548,202551,3,0.54,,,state,nssp
8273,mn,pct_ed_visits_covid,202548,202551,3,0.51,,,state,nssp
8274,ms,pct_ed_visits_covid,202548,202551,3,0.74,,,state,nssp
8275,mt,pct_ed_visits_covid,202548,202551,3,0.46,,,state,nssp
8276,nc,pct_ed_visits_covid,202548,202551,3,0.32,,,state,nssp
8277,nd,pct_ed_visits_covid,202548,202551,3,0.43,,,state,nssp
8278,ne,pct_ed_visits_covid,202548,202551,3,0.25,,,state,nssp
8279,nh,pct_ed_visits_covid,202548,202551,3,0.57,,,state,nssp
8280,nj,pct_ed_visits_covid,202548,202551,3,0.4,,,state,nssp
8281,nm,pct_ed_visits_covid,202548,202551,3,0.98,,,state,nssp
8282,nv,pct_ed_visits_covid,202548,202551,3,0.21,,,state,nssp
8283,ny,pct_ed_visits_covid,202548,202551,3,0.37,,,state,nssp
8284,oh,pct_ed_visits_covid,202548,202551,3,0.57,,,state,nssp
8285,ok,pct_ed_visits_covid,202548,202551,3,0.34,,,state,nssp
8286,or,pct_ed_visits_covid,202548,202551,3,0.26,,,state,nssp
8287,pa,pct_ed_visits_covid,202548,202551,3,0.53,,,state,nssp
8288,ri,pct_ed_visits_covid,202548,202551,3,0.45,,,state,nssp
8289,sc,pct_ed_visits_covid,202548,202551,3,0.25,,,state,nssp
8290,sd,pct_ed_visits_covid,202548,202551,3,0.57,,,state,nssp
8291,tn,pct_ed_visits_covid,202548,202551,3,0.58,,,state,nssp
8292,tx,pct_ed_visits_covid,202548,202551,3,0.24,,,state,nssp
8293,ut,pct_ed_visits_covid,202548,202551,3,0.29,,,state,nssp
8294,va,pct_ed_visits_covid,202548,202551,3,0.36,,,state,nssp
8295,vt,pct_ed_visits_covid,202548,202551,3,0.69,,,state,nssp
8296,wa,pct_ed_visits_covid,202548,202551,3,0.24,,,state,nssp
8297,wi,pct_ed_visits_covid,202548,202551,3,0.41,,,state,nssp
8298,wv,pct_ed_visits_covid,202548,202551,3,0.86,,,state,nssp
8299,wy,pct_ed_visits_covid,202548,202551,3,0.0,,,state,nssp
8300,ak,pct_ed_visits_covid,202549,202551,2,0.27,,,state,nssp
8301,al,pct_ed_visits_covid,202549,202551,2,0.32,,,state,nssp
8302,ar,pct_ed_visits_covid,202549,202551,2,0.54,,,state,nssp
8303,az,pct_ed_visits_covid,202549,202551,2,0.37,,,state,nssp
8304,ca,pct_ed_visits_covid,202549,202551,2,0.17,,,state,nssp
8305,co,pct_ed_visits_covid,202549,202551,2,0.61,,,state,nssp
8306,ct,pct_ed_visits_covid,202549,202551,2,0.71,,,state,nssp
8307,dc,pct_ed_visits_covid,202549,202551,2,0.16,,,state,nssp
8308,de,pct_ed_visits_covid,202549,202551,2,0.29,,,state,nssp
8309,fl,pct_ed_visits_covid,202549,202551,2,0.21,,,state,nssp
8310,ga,pct_ed_visits_covid,202549,202551,2,0.22,,,state,nssp
8311,hi,pct_ed_visits_covid,202549,202551,2,0.12,,,state,nssp
8312,ia,pct_ed_visits_covid,202549,202551,2,0.51,,,state,nssp
8313,id,pct_ed_visits_covid,202549,202551,2,0.66,,,state,nssp
8314,il,pct_ed_visits_covid,202549,202551,2,0.69,,,state,nssp
8315,in,pct_ed_visits_covid,202549,202551,2,1.01,,,state,nssp
8316,ks,pct_ed_visits_covid,202549,202551,2,0.43,,,state,nssp
8317,ky,pct_ed_visits_covid,202549,202551,2,0.66,,,state,nssp
8318,la,pct_ed_visits_covid,202549,202551,2,0.23,,,state,nssp
8319,ma,pct_ed_visits_covid,202549,202551,2,0.65,,,state,nssp
8320,md,pct_ed_visits_covid,202549,202551,2,0.33,,,state,nssp
8321,me,pct_ed_visits_covid,202549,202551,2,0.59,,,state,nssp
8322,mi,pct_ed_visits_covid,202549,202551,2,0.67,,,state,nssp
8323,mn,pct_ed_visits_covid,202549,202551,2,0.58,,,state,nssp
8324,ms,pct_ed_visits_covid,202549,202551,2,0.65,,,state,nssp
8325,mt,pct_ed_visits_covid,202549,202551,2,0.73,,,state,nssp
8326,nc,pct_ed_visits_covid,202549,202551,2,0.29,,,state,nssp
8327,nd,pct_ed_visits_covid,202549,202551,2,0.38,,,state,nssp
8328,ne,pct_ed_visits_covid,202549,202551,2,0.4,,,state,nssp
8329,nh,pct_ed_visits_covid,202549,202551,2,0.65,,,state,nssp
8330,nj,pct_ed_visits_covid,202549,202551,2,0.46,,,state,nssp
8331,nm,pct_ed_visits_covid,202549,202551,2,1.06,,,state,nssp
8332,nv,pct_ed_visits_covid,202549,202551,2,0.27,,,state,nssp
8333,ny,pct_ed_visits_covid,202549,202551,2,0.45,,,state,nssp
8334,oh,pct_ed_visits_covid,202549,202551,2,0.81,,,state,nssp
8335,ok,pct_ed_visits_covid,202549,202551,2,0.37,,,state,nssp
8336,or,pct_ed_visits_covid,202549,202551,2,0.19,,,state,nssp
8337,pa,pct_ed_visits_covid,202549,202551,2,0.56,,,state,nssp
8338,ri,pct_ed_visits_covid,202549,202551,2,0.62,,,state,nssp
8339,sc,pct_ed_visits_covid,202549,202551,2,0.31,,,state,nssp
8340,sd,pct_ed_visits_covid,202549,202551,2,0.69,,,state,nssp
8341,tn,pct_ed_visits_covid,202549,202551,2,0.59,,,state,nssp
8342,tx,pct_ed_visits_covid,202549,202551,2,0.32,,,state,nssp
8343,ut,pct_ed_visits_covid,202549,202551,2,0.24,,,state,nssp
8344,va,pct_ed_visits_covid,202549,202551,2,0.37,,,state,nssp
8345,vt,pct_ed_visits_covid,202549,202551,2,0.74,,,state,nssp
8346,wa,pct_ed_visits_covid,202549,202551,2,0.2,,,state,nssp
8347,wi,pct_ed_visits_covid,202549,202551,2,0.48,,,state,nssp
8348,wv,pct_ed_visits_covid,202549,202551,2,1.01,,,state,nssp
8349,wy,pct_ed_visits_covid,202549,202551,2,0.0,,,state,nssp
8350,ak,pct_ed_visits_covid,202550,202551,1,0.39,,,state,nssp
8351,al,pct_ed_visits_covid,202550,202551,1,0.33,,,state,nssp
8352,ar,pct_ed_visits_covid,202550,202551,1,0.55,,,state,nssp
8353,az,pct_ed_visits_covid,202550,202551,1,0.38,,,state,nssp
8354,ca,pct_ed_visits_covid,202550,202551,1,0.17,,,state,nssp
8355,co,pct_ed_visits_covid,202550,202551,1,0.56,,,state,nssp
8356,ct,pct_ed_visits_covid,202550,202551,1,0.82,,,state,nssp
8357,dc,pct_ed_visits_covid,202550,202551,1,0.15,,,state,nssp
8358,de,pct_ed_visits_covid,202550,202551,1,0.48,,,state,nssp
8359,fl,pct_ed_visits_covid,202550,202551,1,0.21,,,state,nssp
8360,ga,pct_ed_visits_covid,202550,202551,1,0.24,,,state,nssp
8361,hi,pct_ed_visits_covid,202550,202551,1,0.12,,,state,nssp
8362,ia,pct_ed_visits_covid,202550,202551,1,0.55,,,state,nssp
8363,id,pct_ed_visits_covid,202550,202551,1,0.51,,,state,nssp
8364,il,pct_ed_visits_covid,202550,202551,1,0.72,,,state,nssp
8365,in,pct_ed_visits_covid,202550,202551,1,0.99,,,state,nssp
8366,ks,pct_ed_visits_covid,202550,202551,1,0.58,,,state,nssp
8367,ky,pct_ed_visits_covid,202550,202551,1,0.8,,,state,nssp
8368,la,pct_ed_visits_covid,202550,202551,1,0.26,,,state,nssp
8369,ma,pct_ed_visits_covid,202550,202551,1,0.63,,,state,nssp
8370,md,pct_ed_visits_covid,202550,202551,1,0.38,,,state,nssp
8371,me,pct_ed_visits_covid,202550,202551,1,0.53,,,state,nssp
8372,mi,pct_ed_visits_covid,202550,202551,1,0.78,,,state,nssp
8373,mn,pct_ed_visits_covid,202550,202551,1,0.71,,,state,nssp
8374,ms,pct_ed_visits_covid,202550,202551,1,0.64,,,state,nssp
8375,mt,pct_ed_visits_covid,202550,202551,1,0.75,,,state,nssp
8376,nc,pct_ed_visits_covid,202550,202551,1,0.32,,,state,nssp
8377,nd,pct_ed_visits_covid,202550,202551,1,0.52,,,state,nssp
8378,ne,pct_ed_visits_covid,202550,202551,1,0.46,,,state,nssp
8379,nh,pct_ed_visits_covid,202550,202551,1,0.73,,,state,nssp
8380,nj,pct_ed_visits_covid,202550,202551,1,0.48,,,state,nssp
8381,nm,pct_ed_visits_covid,202550,202551,1,1.0,,,state,nssp
8382,nv,pct_ed_visits_covid,202550,202551,1,0.22,,,state,nssp
8383,ny,pct_ed_visits_covid,202550,202551,1,0.44,,,state,nssp
8384,oh,pct_ed_visits_covid,202550,202551,1,0.89,,,state,nssp
8385,ok,pct_ed_visits_covid,202550,202551,1,0.59,,,state,nssp
8386,or,pct_ed_visits_covid,202550,202551,1,0.21,,,state,nssp
8387,pa,pct_ed_visits_covid,202550,202551,1,0.62,,,state,nssp
8388,ri,pct_ed_visits_covid,202550,202551,1,0.47,,,state,nssp
8389,sc,pct_ed_visits_covid,202550,202551,1,0.38,,,state,nssp
8390,sd,pct_ed_visits_covid,202550,202551,1,0.38,,,state,nssp
8391,tn,pct_ed_visits_covid,202550,202551,1,0.68,,,state,nssp
8392,tx,pct_ed_visits_covid,202550,202551,1,0.32,,,state,nssp
8393,ut,pct_ed_visits_covid,202550,202551,1,0.24,,,state,nssp
8394,va,pct_ed_visits_covid,202550,202551,1,0.4,,,state,nssp
8395,vt,pct_ed_visits_covid,202550,202551,1,0.65,,,state,nssp
8396,wa,pct_ed_visits_covid,202550,202551,1,0.21,,,state,nssp
8397,wi,pct_ed_visits_covid,202550,202551,1,0.65,,,state,nssp
8398,wv,pct_ed_visits_covid,202550,202551,1,0.87,,,state,nssp
8399,wy,pct_ed_visits_covid,202550,202551,1,0.0,,,state,nssp
