geo_value,time_value,value
us,2022-10-01,1.84
us,2022-10-08,1.68
us,2022-10-15,1.63
us,2022-10-22,1.61
us,2022-10-29,1.67
us,2022-11-05,1.72
us,2022-11-12,1.7
us,2022-11-19,1.76
us,2022-11-26,2.25
us,2022-12-03,2.6
us,2022-12-10,2.72
us,2022-12-17,2.9
us,2022-12-24,3.28
us,2022-12-31,3.8
us,2023-01-07,3.32
us,2023-01-14,2.58
us,2023-01-21,2.3
us,2023-01-28,2.13
us,2023-02-04,2.06
us,2023-02-11,1.95
us,2023-02-18,1.84
us,2023-02-25,1.73
us,2023-03-04,1.51
us,2023-03-11,1.32
us,2023-03-18,1.22
us,2023-03-25,1.17
us,2023-04-01,1.09
us,2023-04-08,1
us,2023-04-15,0.91
us,2023-04-22,0.77
us,2023-04-29,0.7
us,2023-05-06,0.67
us,2023-05-13,0.63
us,2023-05-20,0.58
us,2023-05-27,0.55
us,2023-06-03,0.56
us,2023-06-10,0.49
us,2023-06-17,0.49
us,2023-06-24,0.51
us,2023-07-01,0.54
us,2023-07-08,0.61
us,2023-07-15,0.68
us,2023-07-22,0.83
us,2023-07-29,1.04
us,2023-08-05,1.3
us,2023-08-12,1.59
us,2023-08-19,1.97
us,2023-08-26,2.41
us,2023-09-02,2.47
us,2023-09-09,2.42
us,2023-09-16,2.06
us,2023-09-23,1.89
us,2023-09-30,1.69
us,2023-10-07,1.47
us,2023-10-14,1.35
us,2023-10-21,1.36
us,2023-10-28,1.36
us,2023-11-04,1.33
us,2023-11-11,1.51
us,2023-11-18,1.61
us,2023-11-25,1.89
us,2023-12-02,2.06
us,2023-12-09,2.11
us,2023-12-16,2.35
us,2023-12-23,2.81
us,2023-12-30,3.42
us,2024-01-06,3.12
us,2024-01-13,2.63
us,2024-01-20,2.28
us,2024-01-27,2.1
us,2024-02-03,1.97
us,2024-02-10,1.94
us,2024-02-17,1.77
us,2024-02-24,1.57
us,2024-03-02,1.29
us,2024-03-09,1.01
us,2024-03-16,0.79
us,2024-03-23,0.65
us,2024-03-30,0.59
us,2024-04-06,0.52
us,2024-04-13,0.44
us,2024-04-20,0.38
us,2024-04-27,0.35
us,2024-05-04,0.34
us,2024-05-11,0.33
us,2024-05-18,0.38
us,2024-05-25,0.41
us,2024-06-01,0.5
us,2024-06-08,0.58
us,2024-06-15,0.7
us,2024-06-22,0.9
us,2024-06-29,1.08
us,2024-07-06,1.39
us,2024-07-13,1.66
us,2024-07-20,1.97
us,2024-07-27,2.28
us,2024-08-03,2.5
us,2024-08-10,2.56
us,2024-08-17,2.6
us,2024-08-24,2.62
us,2024-08-31,2.44
us,2024-09-07,2.12
us,2024-09-14,1.77
us,2024-09-21,1.44
us,2024-09-28,1.11
us,2024-10-05,0.85
us,2024-10-12,0.7
us,2024-10-19,0.61
us,2024-10-26,0.59
us,2024-11-02,0.55
us,2024-11-09,0.52
us,2024-11-16,0.49
us,2024-11-23,0.51
us,2024-11-30,0.59
us,2024-12-07,0.67
us,2024-12-14,0.75
us,2024-12-21,0.94
us,2024-12-28,1.29
us,2025-01-04,1.36
us,2025-01-11,1.13
us,2025-01-18,0.98
us,2025-01-25,1.01
us,2025-02-01,1.01
us,2025-02-08,1.02
us,2025-02-15,0.95
us,2025-02-22,0.87
us,2025-03-01,0.8
us,2025-03-08,0.8
us,2025-03-15,0.76
us,2025-03-22,0.69
us,2025-03-29,0.65
us,2025-04-05,0.58
us,2025-04-12,0.5
us,2025-04-19,0.48
us,2025-04-26,0.45
us,2025-05-03,0.38
us,2025-05-10,0.35
us,2025-05-17,0.34
us,2025-05-24,0.33
us,2025-05-31,0.36
us,2025-06-07,0.36
us,2025-06-14,0.35
us,2025-06-21,0.38
us,2025-06-28,0.42
us,2025-07-05,0.46
us,2025-07-12,0.53
us,2025-07-19,0.61
us,2025-07-26,0.73
us,2025-08-02,0.9
us,2025-08-09,1.06
us,2025-08-16,1.27
us,2025-08-23,1.53
us,2025-08-30,1.65
us,2025-09-06,1.56
us,2025-09-13,1.27
us,2025-09-20,1.02
us,2025-09-27,0.77
us,2025-10-04,0.57
us,2025-10-11,0.45
us,2025-10-18,0.37
us,2025-10-25,0.32
us,2025-11-01,0.31
us,2025-11-08,0.32
us,2025-11-15,0.34
us,2025-11-22,0.35
us,2025-11-29,0.39
us,2025-12-06,0.44
us,2025-12-13,0.47
ak,2022-10-01,1.61
al,2022-10-01,1.02
ar,2022-10-01,0.98
az,2022-10-01,1.63
ca,2022-10-01,1.18
co,2022-10-01,1.61
ct,2022-10-01,3.37
dc,2022-10-01,1.75
de,2022-10-01,2.68
fl,2022-10-01,1.52
ga,2022-10-01,0.58
hi,2022-10-01,2.9
ia,2022-10-01,2.7
id,2022-10-01,2.35
il,2022-10-01,1.81
in,2022-10-01,1.45
ks,2022-10-01,1.72
ky,2022-10-01,1.78
la,2022-10-01,1.1
ma,2022-10-01,3.23
md,2022-10-01,2.24
me,2022-10-01,4.04
mi,2022-10-01,3.11
mn,2022-10-01,2.3
ms,2022-10-01,1.04
mt,2022-10-01,2.94
nc,2022-10-01,2.65
nd,2022-10-01,2.51
ne,2022-10-01,1.26
nh,2022-10-01,2.73
nj,2022-10-01,2.76
nm,2022-10-01,2.13
nv,2022-10-01,1.43
ny,2022-10-01,2.26
oh,2022-10-01,1.84
ok,2022-10-01,1.2
or,2022-10-01,2.42
pa,2022-10-01,2.18
ri,2022-10-01,2.48
sc,2022-10-01,1.39
sd,2022-10-01,1.43
tn,2022-10-01,1.19
tx,2022-10-01,1.02
ut,2022-10-01,1.88
va,2022-10-01,2.08
vt,2022-10-01,3.66
wa,2022-10-01,2.84
wi,2022-10-01,2.06
wv,2022-10-01,2.56
wy,2022-10-01,2.88
ak,2022-10-08,1.31
al,2022-10-08,0.98
ar,2022-10-08,0.94
az,2022-10-08,1.61
ca,2022-10-08,1.1
co,2022-10-08,1.54
ct,2022-10-08,3.33
dc,2022-10-08,1.44
de,2022-10-08,2.37
fl,2022-10-08,1.14
ga,2022-10-08,0.49
hi,2022-10-08,2.48
ia,2022-10-08,2.61
id,2022-10-08,1.85
il,2022-10-08,1.8
in,2022-10-08,1.53
ks,2022-10-08,1.51
ky,2022-10-08,1.77
la,2022-10-08,1
ma,2022-10-08,3.4
md,2022-10-08,2.05
me,2022-10-08,3.92
mi,2022-10-08,3.05
mn,2022-10-08,2.1
ms,2022-10-08,0.88
mt,2022-10-08,2.58
nc,2022-10-08,2.18
nd,2022-10-08,2.82
ne,2022-10-08,1.05
nh,2022-10-08,3.3
nj,2022-10-08,2.58
nm,2022-10-08,2.2
nv,2022-10-08,1.31
ny,2022-10-08,2.18
oh,2022-10-08,1.65
ok,2022-10-08,1.29
or,2022-10-08,2.1
pa,2022-10-08,2.01
ri,2022-10-08,2.53
sc,2022-10-08,1.25
sd,2022-10-08,1.27
tn,2022-10-08,1.1
tx,2022-10-08,0.85
ut,2022-10-08,1.41
va,2022-10-08,1.94
vt,2022-10-08,4.15
wa,2022-10-08,2.31
wi,2022-10-08,2.14
wv,2022-10-08,1.96
wy,2022-10-08,2.19
ak,2022-10-15,1.48
al,2022-10-15,0.91
ar,2022-10-15,1.03
az,2022-10-15,1.56
ca,2022-10-15,1.03
co,2022-10-15,1.7
ct,2022-10-15,3.09
dc,2022-10-15,1.23
de,2022-10-15,2.26
fl,2022-10-15,1.06
ga,2022-10-15,0.48
hi,2022-10-15,2.14
ia,2022-10-15,2.17
id,2022-10-15,2.08
il,2022-10-15,1.91
in,2022-10-15,1.53
ks,2022-10-15,1.4
ky,2022-10-15,1.82
la,2022-10-15,0.81
ma,2022-10-15,3.16
md,2022-10-15,1.82
me,2022-10-15,4.63
mi,2022-10-15,3
mn,2022-10-15,1.83
ms,2022-10-15,0.89
mt,2022-10-15,2.47
nc,2022-10-15,1.85
nd,2022-10-15,2.27
ne,2022-10-15,1.01
nh,2022-10-15,3.3
nj,2022-10-15,2.46
nm,2022-10-15,2.69
nv,2022-10-15,1.41
ny,2022-10-15,2.36
oh,2022-10-15,1.81
ok,2022-10-15,1.06
or,2022-10-15,1.91
pa,2022-10-15,1.88
ri,2022-10-15,2.12
sc,2022-10-15,1.3
sd,2022-10-15,1.05
tn,2022-10-15,1.19
tx,2022-10-15,0.72
ut,2022-10-15,1.77
va,2022-10-15,1.92
vt,2022-10-15,4.29
wa,2022-10-15,1.95
wi,2022-10-15,2.18
wv,2022-10-15,1.84
wy,2022-10-15,2.5
ak,2022-10-22,1.1
al,2022-10-22,0.82
ar,2022-10-22,1.01
az,2022-10-22,1.98
ca,2022-10-22,1.08
co,2022-10-22,1.98
ct,2022-10-22,2.76
dc,2022-10-22,1.6
de,2022-10-22,1.74
fl,2022-10-22,1.07
ga,2022-10-22,0.47
hi,2022-10-22,2.79
ia,2022-10-22,2.61
id,2022-10-22,1.99
il,2022-10-22,2.24
in,2022-10-22,1.9
ks,2022-10-22,1.51
ky,2022-10-22,1.63
la,2022-10-22,0.8
ma,2022-10-22,2.6
md,2022-10-22,1.93
me,2022-10-22,3.8
mi,2022-10-22,2.96
mn,2022-10-22,2.48
ms,2022-10-22,0.74
mt,2022-10-22,2.39
nc,2022-10-22,1.72
nd,2022-10-22,2.44
ne,2022-10-22,1.17
nh,2022-10-22,2.8
nj,2022-10-22,2.35
nm,2022-10-22,3.31
nv,2022-10-22,1.69
ny,2022-10-22,2.06
oh,2022-10-22,1.81
ok,2022-10-22,1.25
or,2022-10-22,1.78
pa,2022-10-22,1.94
ri,2022-10-22,1.86
sc,2022-10-22,1.02
sd,2022-10-22,1.28
tn,2022-10-22,1.25
tx,2022-10-22,0.63
ut,2022-10-22,1.91
va,2022-10-22,1.78
vt,2022-10-22,4.05
wa,2022-10-22,1.73
wi,2022-10-22,2.27
wv,2022-10-22,1.97
wy,2022-10-22,2.63
ak,2022-10-29,1.12
al,2022-10-29,0.99
ar,2022-10-29,0.81
az,2022-10-29,2
ca,2022-10-29,1.12
co,2022-10-29,2.16
ct,2022-10-29,2.69
dc,2022-10-29,1.67
de,2022-10-29,1.81
fl,2022-10-29,1.17
ga,2022-10-29,0.55
hi,2022-10-29,2.27
ia,2022-10-29,2.54
id,2022-10-29,1.75
il,2022-10-29,2.38
in,2022-10-29,1.9
ks,2022-10-29,1.81
ky,2022-10-29,2
la,2022-10-29,0.79
ma,2022-10-29,2.45
md,2022-10-29,2.04
me,2022-10-29,3.02
mi,2022-10-29,2.81
mn,2022-10-29,2.34
ms,2022-10-29,0.73
mt,2022-10-29,2.03
nc,2022-10-29,1.71
nd,2022-10-29,2.73
ne,2022-10-29,1.42
nh,2022-10-29,2.69
nj,2022-10-29,2.36
nm,2022-10-29,3.68
nv,2022-10-29,1.67
ny,2022-10-29,2.12
oh,2022-10-29,2.12
ok,2022-10-29,1.17
or,2022-10-29,1.72
pa,2022-10-29,1.95
ri,2022-10-29,1.85
sc,2022-10-29,1.32
sd,2022-10-29,1.89
tn,2022-10-29,1.32
tx,2022-10-29,0.7
ut,2022-10-29,2.39
va,2022-10-29,1.95
vt,2022-10-29,3.18
wa,2022-10-29,1.81
wi,2022-10-29,2.32
wv,2022-10-29,1.8
wy,2022-10-29,2.56
ak,2022-11-05,1.7
al,2022-11-05,1.05
ar,2022-11-05,0.97
az,2022-11-05,2.9
ca,2022-11-05,1.3
co,2022-11-05,2.84
ct,2022-11-05,2.56
dc,2022-11-05,1.93
de,2022-11-05,1.69
fl,2022-11-05,1.21
ga,2022-11-05,0.6
hi,2022-11-05,1.84
ia,2022-11-05,2.66
id,2022-11-05,2.03
il,2022-11-05,2.42
in,2022-11-05,2.14
ks,2022-11-05,1.85
ky,2022-11-05,1.87
la,2022-11-05,0.95
ma,2022-11-05,2.24
md,2022-11-05,2.13
me,2022-11-05,2.32
mi,2022-11-05,2.68
mn,2022-11-05,2.47
ms,2022-11-05,0.79
mt,2022-11-05,2.37
nc,2022-11-05,1.69
nd,2022-11-05,3.24
ne,2022-11-05,1.89
nh,2022-11-05,2.25
nj,2022-11-05,2.29
nm,2022-11-05,4.42
nv,2022-11-05,1.95
ny,2022-11-05,2.1
oh,2022-11-05,2.05
ok,2022-11-05,1.07
or,2022-11-05,1.84
pa,2022-11-05,1.99
ri,2022-11-05,1.71
sc,2022-11-05,1.25
sd,2022-11-05,2.04
tn,2022-11-05,1.42
tx,2022-11-05,0.76
ut,2022-11-05,2.63
va,2022-11-05,1.77
vt,2022-11-05,2.56
wa,2022-11-05,1.74
wi,2022-11-05,2.15
wv,2022-11-05,1.82
wy,2022-11-05,2.99
ak,2022-11-12,1.63
al,2022-11-12,0.97
ar,2022-11-12,0.95
az,2022-11-12,3.92
ca,2022-11-12,1.56
co,2022-11-12,3.13
ct,2022-11-12,2.31
dc,2022-11-12,1.7
de,2022-11-12,1.65
fl,2022-11-12,1.23
ga,2022-11-12,0.67
hi,2022-11-12,2.17
ia,2022-11-12,2.36
id,2022-11-12,2.18
il,2022-11-12,2.29
in,2022-11-12,2.07
ks,2022-11-12,2.01
ky,2022-11-12,1.83
la,2022-11-12,0.9
ma,2022-11-12,2.15
md,2022-11-12,2.06
me,2022-11-12,1.97
mi,2022-11-12,2.34
mn,2022-11-12,2.37
ms,2022-11-12,0.73
mt,2022-11-12,2.14
nc,2022-11-12,1.55
nd,2022-11-12,2.99
ne,2022-11-12,2.06
nh,2022-11-12,1.96
nj,2022-11-12,2.15
nm,2022-11-12,4.6
nv,2022-11-12,2.14
ny,2022-11-12,2.08
oh,2022-11-12,1.84
ok,2022-11-12,1.14
or,2022-11-12,2.02
pa,2022-11-12,1.85
ri,2022-11-12,1.58
sc,2022-11-12,1.16
sd,2022-11-12,2.02
tn,2022-11-12,1.28
tx,2022-11-12,0.79
ut,2022-11-12,3.32
va,2022-11-12,1.56
vt,2022-11-12,2.42
wa,2022-11-12,1.86
wi,2022-11-12,1.83
wv,2022-11-12,1.77
wy,2022-11-12,2.4
ak,2022-11-19,1.56
al,2022-11-19,0.98
ar,2022-11-19,0.79
az,2022-11-19,4.9
ca,2022-11-19,1.79
co,2022-11-19,3.47
ct,2022-11-19,2.2
dc,2022-11-19,2.09
de,2022-11-19,1.33
fl,2022-11-19,1.24
ga,2022-11-19,0.64
hi,2022-11-19,2.19
ia,2022-11-19,2.76
id,2022-11-19,2.35
il,2022-11-19,2.41
in,2022-11-19,2.07
ks,2022-11-19,1.95
ky,2022-11-19,1.65
la,2022-11-19,0.94
ma,2022-11-19,2.06
md,2022-11-19,1.96
me,2022-11-19,1.63
mi,2022-11-19,2.31
mn,2022-11-19,2.66
ms,2022-11-19,0.87
mt,2022-11-19,2.27
nc,2022-11-19,1.43
nd,2022-11-19,2.6
ne,2022-11-19,2.34
nh,2022-11-19,1.57
nj,2022-11-19,1.96
nm,2022-11-19,5.09
nv,2022-11-19,2.48
ny,2022-11-19,2.01
oh,2022-11-19,1.91
ok,2022-11-19,1.29
or,2022-11-19,2.17
pa,2022-11-19,1.57
ri,2022-11-19,1.64
sc,2022-11-19,1.17
sd,2022-11-19,1.78
tn,2022-11-19,1.27
tx,2022-11-19,1.02
ut,2022-11-19,3.66
va,2022-11-19,1.68
vt,2022-11-19,1.81
wa,2022-11-19,2.02
wi,2022-11-19,1.77
wv,2022-11-19,1.6
wy,2022-11-19,3.5
ak,2022-11-26,1.78
al,2022-11-26,1.45
ar,2022-11-26,1.42
az,2022-11-26,6.12
ca,2022-11-26,2.6
co,2022-11-26,3.72
ct,2022-11-26,2.52
dc,2022-11-26,2.51
de,2022-11-26,2.12
fl,2022-11-26,1.59
ga,2022-11-26,1.07
hi,2022-11-26,2.2
ia,2022-11-26,2.88
id,2022-11-26,3.24
il,2022-11-26,3.02
in,2022-11-26,2.8
ks,2022-11-26,2.4
ky,2022-11-26,2.24
la,2022-11-26,1.76
ma,2022-11-26,2.52
md,2022-11-26,2.24
me,2022-11-26,1.93
mi,2022-11-26,2.51
mn,2022-11-26,2.13
ms,2022-11-26,1.43
mt,2022-11-26,2.66
nc,2022-11-26,1.87
nd,2022-11-26,3.61
ne,2022-11-26,3.11
nh,2022-11-26,1.78
nj,2022-11-26,2.21
nm,2022-11-26,5.46
nv,2022-11-26,2.97
ny,2022-11-26,2.41
oh,2022-11-26,2.34
ok,2022-11-26,2.11
or,2022-11-26,2.78
pa,2022-11-26,1.85
ri,2022-11-26,1.97
sc,2022-11-26,1.67
sd,2022-11-26,1.95
tn,2022-11-26,1.75
tx,2022-11-26,1.7
ut,2022-11-26,3.99
va,2022-11-26,2.1
vt,2022-11-26,2.13
wa,2022-11-26,2.65
wi,2022-11-26,2.29
wv,2022-11-26,1.91
wy,2022-11-26,4.02
ak,2022-12-03,1.43
al,2022-12-03,2.13
ar,2022-12-03,1.76
az,2022-12-03,5.8
ca,2022-12-03,3.2
co,2022-12-03,3.53
ct,2022-12-03,3.21
dc,2022-12-03,2.58
de,2022-12-03,2.27
fl,2022-12-03,1.91
ga,2022-12-03,1.34
hi,2022-12-03,2.27
ia,2022-12-03,3.58
id,2022-12-03,3.05
il,2022-12-03,3.61
in,2022-12-03,3.52
ks,2022-12-03,2.89
ky,2022-12-03,2.33
la,2022-12-03,1.95
ma,2022-12-03,3.1
md,2022-12-03,2.92
me,2022-12-03,2.08
mi,2022-12-03,2.98
mn,2022-12-03,2.6
ms,2022-12-03,2.04
mt,2022-12-03,2.61
nc,2022-12-03,2.23
nd,2022-12-03,3.87
ne,2022-12-03,3.62
nh,2022-12-03,2.16
nj,2022-12-03,2.66
nm,2022-12-03,4.56
nv,2022-12-03,2.87
ny,2022-12-03,2.68
oh,2022-12-03,2.85
ok,2022-12-03,2.66
or,2022-12-03,2.97
pa,2022-12-03,2.14
ri,2022-12-03,2.42
sc,2022-12-03,2.49
sd,2022-12-03,1.66
tn,2022-12-03,2.14
tx,2022-12-03,2.1
ut,2022-12-03,4.57
va,2022-12-03,2.67
vt,2022-12-03,2.84
wa,2022-12-03,2.84
wi,2022-12-03,2.38
wv,2022-12-03,1.86
wy,2022-12-03,3.43
ak,2022-12-10,1.67
al,2022-12-10,2.35
ar,2022-12-10,1.91
az,2022-12-10,5.14
ca,2022-12-10,3.08
co,2022-12-10,3.05
ct,2022-12-10,3.36
dc,2022-12-10,3.34
de,2022-12-10,2.47
fl,2022-12-10,2.08
ga,2022-12-10,1.67
hi,2022-12-10,2.76
ia,2022-12-10,3.33
id,2022-12-10,2.53
il,2022-12-10,3.75
in,2022-12-10,3.63
ks,2022-12-10,2.98
ky,2022-12-10,2.46
la,2022-12-10,2.09
ma,2022-12-10,3.47
md,2022-12-10,3.28
me,2022-12-10,2.18
mi,2022-12-10,3.07
mn,2022-12-10,2.73
ms,2022-12-10,2.13
mt,2022-12-10,2.85
nc,2022-12-10,2.86
nd,2022-12-10,3.25
ne,2022-12-10,3.13
nh,2022-12-10,2.2
nj,2022-12-10,3.01
nm,2022-12-10,4.07
nv,2022-12-10,2.62
ny,2022-12-10,2.77
oh,2022-12-10,2.93
ok,2022-12-10,2.91
or,2022-12-10,2.87
pa,2022-12-10,2.26
ri,2022-12-10,2.61
sc,2022-12-10,2.91
sd,2022-12-10,1.62
tn,2022-12-10,2.52
tx,2022-12-10,2.39
ut,2022-12-10,3.82
va,2022-12-10,3.07
vt,2022-12-10,2.48
wa,2022-12-10,2.79
wi,2022-12-10,2.44
wv,2022-12-10,2.52
wy,2022-12-10,2.85
ak,2022-12-17,2.34
al,2022-12-17,2.77
ar,2022-12-17,2.19
az,2022-12-17,4.13
ca,2022-12-17,3.05
co,2022-12-17,2.58
ct,2022-12-17,3.82
dc,2022-12-17,3.86
de,2022-12-17,2.97
fl,2022-12-17,2.41
ga,2022-12-17,1.84
hi,2022-12-17,2.47
ia,2022-12-17,3.34
id,2022-12-17,2.3
il,2022-12-17,4.06
in,2022-12-17,3.86
ks,2022-12-17,3.12
ky,2022-12-17,2.72
la,2022-12-17,2.19
ma,2022-12-17,3.86
md,2022-12-17,3.82
me,2022-12-17,2.14
mi,2022-12-17,3.39
mn,2022-12-17,2.74
ms,2022-12-17,2.57
mt,2022-12-17,2.84
nc,2022-12-17,3.61
nd,2022-12-17,3.58
ne,2022-12-17,3.01
nh,2022-12-17,2.77
nj,2022-12-17,3.16
nm,2022-12-17,3.41
nv,2022-12-17,2.27
ny,2022-12-17,2.84
oh,2022-12-17,3.1
ok,2022-12-17,3.14
or,2022-12-17,2.6
pa,2022-12-17,2.49
ri,2022-12-17,2.61
sc,2022-12-17,3.59
sd,2022-12-17,1.58
tn,2022-12-17,2.7
tx,2022-12-17,2.52
ut,2022-12-17,3.38
va,2022-12-17,3.75
vt,2022-12-17,2.68
wa,2022-12-17,2.83
wi,2022-12-17,2.67
wv,2022-12-17,2.92
wy,2022-12-17,2.36
ak,2022-12-24,1.76
al,2022-12-24,3.59
ar,2022-12-24,2.65
az,2022-12-24,3.83
ca,2022-12-24,3.24
co,2022-12-24,2.25
ct,2022-12-24,4.63
dc,2022-12-24,4.55
de,2022-12-24,3.34
fl,2022-12-24,2.75
ga,2022-12-24,2.18
hi,2022-12-24,3.2
ia,2022-12-24,3.43
id,2022-12-24,2.32
il,2022-12-24,4.15
in,2022-12-24,3.67
ks,2022-12-24,3.15
ky,2022-12-24,3.32
la,2022-12-24,2.94
ma,2022-12-24,4.54
md,2022-12-24,4.44
me,2022-12-24,2.36
mi,2022-12-24,3.43
mn,2022-12-24,2.96
ms,2022-12-24,3.34
mt,2022-12-24,2.68
nc,2022-12-24,4.8
nd,2022-12-24,2.9
ne,2022-12-24,2.57
nh,2022-12-24,2.97
nj,2022-12-24,3.62
nm,2022-12-24,3.23
nv,2022-12-24,2.45
ny,2022-12-24,3.16
oh,2022-12-24,3.32
ok,2022-12-24,3.04
or,2022-12-24,2.58
pa,2022-12-24,2.67
ri,2022-12-24,3.33
sc,2022-12-24,4.67
sd,2022-12-24,1.54
tn,2022-12-24,3.22
tx,2022-12-24,3.19
ut,2022-12-24,3.17
va,2022-12-24,4.92
vt,2022-12-24,3.04
wa,2022-12-24,3.08
wi,2022-12-24,2.62
wv,2022-12-24,4.09
wy,2022-12-24,2.52
ak,2022-12-31,2.41
al,2022-12-31,4.82
ar,2022-12-31,3.34
az,2022-12-31,3.61
ca,2022-12-31,3.65
co,2022-12-31,2.24
ct,2022-12-31,5.46
dc,2022-12-31,5.27
de,2022-12-31,4.43
fl,2022-12-31,3.65
ga,2022-12-31,2.86
hi,2022-12-31,3.45
ia,2022-12-31,3.3
id,2022-12-31,2.18
il,2022-12-31,4
in,2022-12-31,3.69
ks,2022-12-31,3.08
ky,2022-12-31,3.71
la,2022-12-31,3.99
ma,2022-12-31,5.37
md,2022-12-31,4.79
me,2022-12-31,2.46
mi,2022-12-31,3.48
mn,2022-12-31,2.9
ms,2022-12-31,5.15
mt,2022-12-31,2.88
nc,2022-12-31,6.14
nd,2022-12-31,2.98
ne,2022-12-31,2.04
nh,2022-12-31,3.25
nj,2022-12-31,4.34
nm,2022-12-31,3.44
nv,2022-12-31,2.6
ny,2022-12-31,3.46
oh,2022-12-31,3.25
ok,2022-12-31,3.81
or,2022-12-31,2.6
pa,2022-12-31,3.15
ri,2022-12-31,4.09
sc,2022-12-31,5.82
sd,2022-12-31,1.04
tn,2022-12-31,3.83
tx,2022-12-31,4.14
ut,2022-12-31,3.47
va,2022-12-31,6
vt,2022-12-31,2.85
wa,2022-12-31,2.98
wi,2022-12-31,2.77
wv,2022-12-31,4.89
wy,2022-12-31,2.02
ak,2023-01-07,2.16
al,2023-01-07,4.2
ar,2023-01-07,2.82
az,2023-01-07,2.71
ca,2023-01-07,2.87
co,2023-01-07,1.74
ct,2023-01-07,4.73
dc,2023-01-07,4.06
de,2023-01-07,4.14
fl,2023-01-07,3.44
ga,2023-01-07,3.27
hi,2023-01-07,3.05
ia,2023-01-07,3.12
id,2023-01-07,1.92
il,2023-01-07,3.19
in,2023-01-07,3.04
ks,2023-01-07,2.49
ky,2023-01-07,2.93
la,2023-01-07,3.89
ma,2023-01-07,4.86
md,2023-01-07,4.2
me,2023-01-07,3.14
mi,2023-01-07,2.76
mn,2023-01-07,2.33
ms,2023-01-07,4.12
mt,2023-01-07,1.81
nc,2023-01-07,5.38
nd,2023-01-07,2.11
ne,2023-01-07,1.88
nh,2023-01-07,3.35
nj,2023-01-07,4
nm,2023-01-07,2.84
nv,2023-01-07,2.12
ny,2023-01-07,3.2
oh,2023-01-07,2.54
ok,2023-01-07,3.38
or,2023-01-07,2.3
pa,2023-01-07,2.74
ri,2023-01-07,3.57
sc,2023-01-07,4.88
sd,2023-01-07,0.93
tn,2023-01-07,3.29
tx,2023-01-07,3.63
ut,2023-01-07,2.65
va,2023-01-07,5.05
vt,2023-01-07,2.78
wa,2023-01-07,2.86
wi,2023-01-07,2.34
wv,2023-01-07,4.29
wy,2023-01-07,1.85
ak,2023-01-14,2.1
al,2023-01-14,3.27
ar,2023-01-14,2.12
az,2023-01-14,1.87
ca,2023-01-14,1.97
co,2023-01-14,1.2
ct,2023-01-14,3.77
dc,2023-01-14,3.77
de,2023-01-14,3.03
fl,2023-01-14,2.85
ga,2023-01-14,2.35
hi,2023-01-14,2.55
ia,2023-01-14,2.47
id,2023-01-14,1.62
il,2023-01-14,2.43
in,2023-01-14,2.22
ks,2023-01-14,1.89
ky,2023-01-14,2.56
la,2023-01-14,3.18
ma,2023-01-14,4.2
md,2023-01-14,3.29
me,2023-01-14,2.54
mi,2023-01-14,2.02
mn,2023-01-14,2.17
ms,2023-01-14,3.37
mt,2023-01-14,1.58
nc,2023-01-14,3.99
nd,2023-01-14,2.32
ne,2023-01-14,1.31
nh,2023-01-14,2.67
nj,2023-01-14,3.33
nm,2023-01-14,2.18
nv,2023-01-14,1.44
ny,2023-01-14,2.54
oh,2023-01-14,1.85
ok,2023-01-14,2.57
or,2023-01-14,1.93
pa,2023-01-14,2.35
ri,2023-01-14,2.73
sc,2023-01-14,3.54
sd,2023-01-14,1.02
tn,2023-01-14,2.6
tx,2023-01-14,2.64
ut,2023-01-14,1.8
va,2023-01-14,3.87
vt,2023-01-14,2.49
wa,2023-01-14,2.66
wi,2023-01-14,1.95
wv,2023-01-14,3.21
wy,2023-01-14,1.62
ak,2023-01-21,2.38
al,2023-01-21,2.95
ar,2023-01-21,1.46
az,2023-01-21,1.6
ca,2023-01-21,1.53
co,2023-01-21,1.37
ct,2023-01-21,3.1
dc,2023-01-21,3.02
de,2023-01-21,2.72
fl,2023-01-21,2.61
ga,2023-01-21,2.11
hi,2023-01-21,2.81
ia,2023-01-21,2.37
id,2023-01-21,1.48
il,2023-01-21,2.24
in,2023-01-21,1.9
ks,2023-01-21,1.75
ky,2023-01-21,2.19
la,2023-01-21,2.83
ma,2023-01-21,3.38
md,2023-01-21,2.7
me,2023-01-21,2.6
mi,2023-01-21,1.86
mn,2023-01-21,2.26
ms,2023-01-21,2.94
mt,2023-01-21,1.63
nc,2023-01-21,3.44
nd,2023-01-21,2.05
ne,2023-01-21,1.17
nh,2023-01-21,2.42
nj,2023-01-21,3
nm,2023-01-21,1.78
nv,2023-01-21,1.19
ny,2023-01-21,2.23
oh,2023-01-21,1.63
ok,2023-01-21,2.61
or,2023-01-21,1.75
pa,2023-01-21,2.17
ri,2023-01-21,2.83
sc,2023-01-21,3
sd,2023-01-21,1.27
tn,2023-01-21,2.44
tx,2023-01-21,2.36
ut,2023-01-21,1.54
va,2023-01-21,3.47
vt,2023-01-21,3.09
wa,2023-01-21,2.6
wi,2023-01-21,1.72
wv,2023-01-21,2.81
wy,2023-01-21,1.35
ak,2023-01-28,2.34
al,2023-01-28,2.99
ar,2023-01-28,1.53
az,2023-01-28,1.52
ca,2023-01-28,1.49
co,2023-01-28,1.29
ct,2023-01-28,2.78
dc,2023-01-28,2.64
de,2023-01-28,2.66
fl,2023-01-28,2.47
ga,2023-01-28,1.79
hi,2023-01-28,1.98
ia,2023-01-28,2.37
id,2023-01-28,1.67
il,2023-01-28,1.98
in,2023-01-28,1.77
ks,2023-01-28,1.74
ky,2023-01-28,2.18
la,2023-01-28,2.65
ma,2023-01-28,2.97
md,2023-01-28,2.58
me,2023-01-28,2.81
mi,2023-01-28,1.72
mn,2023-01-28,2.48
ms,2023-01-28,2.4
mt,2023-01-28,1.58
nc,2023-01-28,3.09
nd,2023-01-28,2.64
ne,2023-01-28,1.12
nh,2023-01-28,1.61
nj,2023-01-28,2.81
nm,2023-01-28,1.63
nv,2023-01-28,1.21
ny,2023-01-28,1.99
oh,2023-01-28,1.58
ok,2023-01-28,2.08
or,2023-01-28,1.91
pa,2023-01-28,2.03
ri,2023-01-28,2.8
sc,2023-01-28,2.47
sd,2023-01-28,1.32
tn,2023-01-28,2.4
tx,2023-01-28,2.12
ut,2023-01-28,1.36
va,2023-01-28,3.18
vt,2023-01-28,3.58
wa,2023-01-28,2.59
wi,2023-01-28,1.61
wv,2023-01-28,2.69
wy,2023-01-28,1.62
ak,2023-02-04,2.66
al,2023-02-04,2.82
ar,2023-02-04,1.35
az,2023-02-04,1.53
ca,2023-02-04,1.6
co,2023-02-04,1.51
ct,2023-02-04,2.39
dc,2023-02-04,2.02
de,2023-02-04,3.01
fl,2023-02-04,2.23
ga,2023-02-04,1.72
hi,2023-02-04,2.04
ia,2023-02-04,2.44
id,2023-02-04,1.81
il,2023-02-04,1.92
in,2023-02-04,1.78
ks,2023-02-04,1.51
ky,2023-02-04,2.34
la,2023-02-04,2.65
ma,2023-02-04,2.73
md,2023-02-04,2.21
me,2023-02-04,2.42
mi,2023-02-04,1.7
mn,2023-02-04,2.57
ms,2023-02-04,2.37
mt,2023-02-04,2.05
nc,2023-02-04,2.89
nd,2023-02-04,3.61
ne,2023-02-04,1.09
nh,2023-02-04,2.3
nj,2023-02-04,2.48
nm,2023-02-04,1.65
nv,2023-02-04,1.23
ny,2023-02-04,1.82
oh,2023-02-04,1.55
ok,2023-02-04,2.15
or,2023-02-04,2.33
pa,2023-02-04,1.94
ri,2023-02-04,2.36
sc,2023-02-04,2.5
sd,2023-02-04,1.36
tn,2023-02-04,2.44
tx,2023-02-04,2.08
ut,2023-02-04,1.56
va,2023-02-04,2.93
vt,2023-02-04,3.67
wa,2023-02-04,2.81
wi,2023-02-04,1.5
wv,2023-02-04,2.57
wy,2023-02-04,1.43
ak,2023-02-11,2.54
al,2023-02-11,2.64
ar,2023-02-11,1.09
az,2023-02-11,1.66
ca,2023-02-11,1.7
co,2023-02-11,1.8
ct,2023-02-11,2.2
dc,2023-02-11,1.91
de,2023-02-11,2.48
fl,2023-02-11,1.93
ga,2023-02-11,1.28
hi,2023-02-11,1.79
ia,2023-02-11,2.45
id,2023-02-11,1.99
il,2023-02-11,2.08
in,2023-02-11,1.88
ks,2023-02-11,1.74
ky,2023-02-11,2.19
la,2023-02-11,2.62
ma,2023-02-11,2.45
md,2023-02-11,1.99
me,2023-02-11,3.08
mi,2023-02-11,1.8
mn,2023-02-11,2.82
ms,2023-02-11,2.3
mt,2023-02-11,2.37
nc,2023-02-11,2.75
nd,2023-02-11,3.27
ne,2023-02-11,1.52
nh,2023-02-11,1.73
nj,2023-02-11,2.02
nm,2023-02-11,1.55
nv,2023-02-11,1.31
ny,2023-02-11,1.49
oh,2023-02-11,1.68
ok,2023-02-11,1.61
or,2023-02-11,2.43
pa,2023-02-11,1.92
ri,2023-02-11,1.91
sc,2023-02-11,2.11
sd,2023-02-11,2.05
tn,2023-02-11,2.3
tx,2023-02-11,1.83
ut,2023-02-11,1.97
va,2023-02-11,2.51
vt,2023-02-11,2.93
wa,2023-02-11,2.84
wi,2023-02-11,1.73
wv,2023-02-11,2.36
wy,2023-02-11,1.54
ak,2023-02-18,2.78
al,2023-02-18,2.32
ar,2023-02-18,1.1
az,2023-02-18,1.85
ca,2023-02-18,1.76
co,2023-02-18,1.96
ct,2023-02-18,1.8
dc,2023-02-18,1.78
de,2023-02-18,2.3
fl,2023-02-18,1.76
ga,2023-02-18,1.02
hi,2023-02-18,1.76
ia,2023-02-18,2.77
id,2023-02-18,2.3
il,2023-02-18,2.09
in,2023-02-18,1.97
ks,2023-02-18,1.84
ky,2023-02-18,2.12
la,2023-02-18,2.33
ma,2023-02-18,2.22
md,2023-02-18,1.72
me,2023-02-18,3.36
mi,2023-02-18,2.07
mn,2023-02-18,2.59
ms,2023-02-18,1.83
mt,2023-02-18,2.21
nc,2023-02-18,2.43
nd,2023-02-18,3.44
ne,2023-02-18,1.63
nh,2023-02-18,2.21
nj,2023-02-18,1.66
nm,2023-02-18,1.89
nv,2023-02-18,1.37
ny,2023-02-18,1.4
oh,2023-02-18,1.75
ok,2023-02-18,1.75
or,2023-02-18,2.19
pa,2023-02-18,1.83
ri,2023-02-18,1.64
sc,2023-02-18,1.64
sd,2023-02-18,1.78
tn,2023-02-18,2.05
tx,2023-02-18,1.62
ut,2023-02-18,2.13
va,2023-02-18,2
vt,2023-02-18,2.44
wa,2023-02-18,2.57
wi,2023-02-18,1.81
wv,2023-02-18,2.36
wy,2023-02-18,2.33
ak,2023-02-25,2.57
al,2023-02-25,1.79
ar,2023-02-25,1.17
az,2023-02-25,1.9
ca,2023-02-25,1.79
co,2023-02-25,1.9
ct,2023-02-25,1.6
dc,2023-02-25,1.27
de,2023-02-25,1.77
fl,2023-02-25,1.58
ga,2023-02-25,1.02
hi,2023-02-25,1.54
ia,2023-02-25,2.43
id,2023-02-25,2.49
il,2023-02-25,2.14
in,2023-02-25,1.99
ks,2023-02-25,1.78
ky,2023-02-25,1.85
la,2023-02-25,2.07
ma,2023-02-25,1.94
md,2023-02-25,1.44
me,2023-02-25,3.37
mi,2023-02-25,2.24
mn,2023-02-25,2.59
ms,2023-02-25,1.49
mt,2023-02-25,2.92
nc,2023-02-25,2.09
nd,2023-02-25,2.53
ne,2023-02-25,1.66
nh,2023-02-25,1.94
nj,2023-02-25,1.32
nm,2023-02-25,1.9
nv,2023-02-25,1.39
ny,2023-02-25,1.35
oh,2023-02-25,1.72
ok,2023-02-25,1.49
or,2023-02-25,2.04
pa,2023-02-25,1.7
ri,2023-02-25,1.38
sc,2023-02-25,1.45
sd,2023-02-25,2.1
tn,2023-02-25,1.83
tx,2023-02-25,1.64
ut,2023-02-25,2.3
va,2023-02-25,1.57
vt,2023-02-25,2.56
wa,2023-02-25,2.42
wi,2023-02-25,2
wv,2023-02-25,2.18
wy,2023-02-25,1.9
ak,2023-03-04,2.55
al,2023-03-04,1.33
ar,2023-03-04,1.07
az,2023-03-04,1.88
ca,2023-03-04,1.55
co,2023-03-04,1.75
ct,2023-03-04,1.29
dc,2023-03-04,1.12
de,2023-03-04,1.28
fl,2023-03-04,1.44
ga,2023-03-04,0.88
hi,2023-03-04,1.65
ia,2023-03-04,2.81
id,2023-03-04,2.44
il,2023-03-04,2.03
in,2023-03-04,1.56
ks,2023-03-04,1.48
ky,2023-03-04,1.52
la,2023-03-04,1.73
ma,2023-03-04,1.64
md,2023-03-04,1.22
me,2023-03-04,3.05
mi,2023-03-04,2.1
mn,2023-03-04,2.18
ms,2023-03-04,1.4
mt,2023-03-04,2.24
nc,2023-03-04,1.65
nd,2023-03-04,2.32
ne,2023-03-04,1.87
nh,2023-03-04,1.76
nj,2023-03-04,1.11
nm,2023-03-04,1.95
nv,2023-03-04,1.23
ny,2023-03-04,1.06
oh,2023-03-04,1.68
ok,2023-03-04,1.44
or,2023-03-04,1.73
pa,2023-03-04,1.32
ri,2023-03-04,1.25
sc,2023-03-04,1.35
sd,2023-03-04,1.46
tn,2023-03-04,1.36
tx,2023-03-04,1.42
ut,2023-03-04,2.18
va,2023-03-04,1.34
vt,2023-03-04,2.41
wa,2023-03-04,2.35
wi,2023-03-04,1.73
wv,2023-03-04,1.9
wy,2023-03-04,1.51
ak,2023-03-11,2.37
al,2023-03-11,0.97
ar,2023-03-11,0.81
az,2023-03-11,1.63
ca,2023-03-11,1.4
co,2023-03-11,1.58
ct,2023-03-11,1.07
dc,2023-03-11,0.66
de,2023-03-11,1.19
fl,2023-03-11,1.27
ga,2023-03-11,0.61
hi,2023-03-11,1.51
ia,2023-03-11,2.87
id,2023-03-11,2.13
il,2023-03-11,1.87
in,2023-03-11,1.44
ks,2023-03-11,1.42
ky,2023-03-11,1.26
la,2023-03-11,1.34
ma,2023-03-11,1.38
md,2023-03-11,1.02
me,2023-03-11,2.37
mi,2023-03-11,1.96
mn,2023-03-11,2.15
ms,2023-03-11,0.92
mt,2023-03-11,2.43
nc,2023-03-11,1.25
nd,2023-03-11,1.73
ne,2023-03-11,1.91
nh,2023-03-11,1.35
nj,2023-03-11,0.91
nm,2023-03-11,1.81
nv,2023-03-11,1.3
ny,2023-03-11,0.83
oh,2023-03-11,1.61
ok,2023-03-11,1.53
or,2023-03-11,1.49
pa,2023-03-11,1.21
ri,2023-03-11,0.91
sc,2023-03-11,0.95
sd,2023-03-11,0.9
tn,2023-03-11,1.12
tx,2023-03-11,1.26
ut,2023-03-11,1.98
va,2023-03-11,1.07
vt,2023-03-11,2.01
wa,2023-03-11,2.16
wi,2023-03-11,1.76
wv,2023-03-11,1.85
wy,2023-03-11,1.82
ak,2023-03-18,1.96
al,2023-03-18,0.87
ar,2023-03-18,0.68
az,2023-03-18,1.73
ca,2023-03-18,1.15
co,2023-03-18,1.35
ct,2023-03-18,0.91
dc,2023-03-18,0.7
de,2023-03-18,1.21
fl,2023-03-18,1.26
ga,2023-03-18,0.65
hi,2023-03-18,1.8
ia,2023-03-18,2.68
id,2023-03-18,1.77
il,2023-03-18,1.78
in,2023-03-18,1.29
ks,2023-03-18,1.39
ky,2023-03-18,1.2
la,2023-03-18,1.29
ma,2023-03-18,1.29
md,2023-03-18,0.85
me,2023-03-18,2.08
mi,2023-03-18,1.91
mn,2023-03-18,1.72
ms,2023-03-18,0.96
mt,2023-03-18,2.27
nc,2023-03-18,1.19
nd,2023-03-18,1.76
ne,2023-03-18,1.65
nh,2023-03-18,1.25
nj,2023-03-18,0.75
nm,2023-03-18,1.96
nv,2023-03-18,1.15
ny,2023-03-18,0.8
oh,2023-03-18,1.47
ok,2023-03-18,1.72
or,2023-03-18,1.57
pa,2023-03-18,1.01
ri,2023-03-18,0.8
sc,2023-03-18,0.87
sd,2023-03-18,1.16
tn,2023-03-18,1.03
tx,2023-03-18,1.04
ut,2023-03-18,1.77
va,2023-03-18,0.98
vt,2023-03-18,1.4
wa,2023-03-18,2.05
wi,2023-03-18,1.66
wv,2023-03-18,1.48
wy,2023-03-18,1.3
ak,2023-03-25,2.1
al,2023-03-25,1.06
ar,2023-03-25,0.83
az,2023-03-25,1.66
ca,2023-03-25,1.01
co,2023-03-25,1.48
ct,2023-03-25,0.83
dc,2023-03-25,0.82
de,2023-03-25,0.84
fl,2023-03-25,1.26
ga,2023-03-25,0.58
hi,2023-03-25,2.51
ia,2023-03-25,2.64
id,2023-03-25,1.57
il,2023-03-25,1.76
in,2023-03-25,1.29
ks,2023-03-25,1.23
ky,2023-03-25,1.32
la,2023-03-25,1.18
ma,2023-03-25,1.11
md,2023-03-25,0.78
me,2023-03-25,1.8
mi,2023-03-25,2.01
mn,2023-03-25,1.46
ms,2023-03-25,1.04
mt,2023-03-25,2.13
nc,2023-03-25,1.07
nd,2023-03-25,1.7
ne,2023-03-25,1.61
nh,2023-03-25,0.85
nj,2023-03-25,0.66
nm,2023-03-25,2.2
nv,2023-03-25,1.21
ny,2023-03-25,0.68
oh,2023-03-25,1.34
ok,2023-03-25,1.38
or,2023-03-25,1.47
pa,2023-03-25,0.88
ri,2023-03-25,0.7
sc,2023-03-25,0.91
sd,2023-03-25,0.98
tn,2023-03-25,0.97
tx,2023-03-25,1.03
ut,2023-03-25,1.34
va,2023-03-25,0.91
vt,2023-03-25,1.41
wa,2023-03-25,1.92
wi,2023-03-25,1.65
wv,2023-03-25,1.37
wy,2023-03-25,1.62
ak,2023-04-01,1.74
al,2023-04-01,0.91
ar,2023-04-01,0.8
az,2023-04-01,1.53
ca,2023-04-01,1
co,2023-04-01,1.36
ct,2023-04-01,0.87
dc,2023-04-01,0.65
de,2023-04-01,0.58
fl,2023-04-01,1.2
ga,2023-04-01,0.45
hi,2023-04-01,3.13
ia,2023-04-01,2.4
id,2023-04-01,1.39
il,2023-04-01,1.72
in,2023-04-01,1.19
ks,2023-04-01,1.06
ky,2023-04-01,1.06
la,2023-04-01,1.13
ma,2023-04-01,1.07
md,2023-04-01,0.7
me,2023-04-01,1.7
mi,2023-04-01,1.94
mn,2023-04-01,1.67
ms,2023-04-01,0.96
mt,2023-04-01,2.01
nc,2023-04-01,1.04
nd,2023-04-01,1.54
ne,2023-04-01,1.62
nh,2023-04-01,0.85
nj,2023-04-01,0.51
nm,2023-04-01,2.15
nv,2023-04-01,0.99
ny,2023-04-01,0.62
oh,2023-04-01,1.22
ok,2023-04-01,0.91
or,2023-04-01,1.39
pa,2023-04-01,0.8
ri,2023-04-01,0.86
sc,2023-04-01,0.84
sd,2023-04-01,1.21
tn,2023-04-01,0.92
tx,2023-04-01,1
ut,2023-04-01,1.41
va,2023-04-01,0.83
vt,2023-04-01,1.35
wa,2023-04-01,1.67
wi,2023-04-01,1.63
wv,2023-04-01,1.28
wy,2023-04-01,1.34
ak,2023-04-08,1.54
al,2023-04-08,0.82
ar,2023-04-08,0.78
az,2023-04-08,1.62
ca,2023-04-08,0.96
co,2023-04-08,1.13
ct,2023-04-08,0.78
dc,2023-04-08,0.67
de,2023-04-08,0.64
fl,2023-04-08,1.14
ga,2023-04-08,0.48
hi,2023-04-08,3.53
ia,2023-04-08,1.97
id,2023-04-08,1.22
il,2023-04-08,1.5
in,2023-04-08,1.04
ks,2023-04-08,0.87
ky,2023-04-08,1.02
la,2023-04-08,0.94
ma,2023-04-08,1.01
md,2023-04-08,0.6
me,2023-04-08,1.28
mi,2023-04-08,1.62
mn,2023-04-08,1.39
ms,2023-04-08,0.95
mt,2023-04-08,1.34
nc,2023-04-08,0.9
nd,2023-04-08,1.82
ne,2023-04-08,1.25
nh,2023-04-08,1.1
nj,2023-04-08,0.45
nm,2023-04-08,2.12
nv,2023-04-08,1.01
ny,2023-04-08,0.59
oh,2023-04-08,1.03
ok,2023-04-08,1.09
or,2023-04-08,1.21
pa,2023-04-08,0.72
ri,2023-04-08,0.57
sc,2023-04-08,0.8
sd,2023-04-08,0.86
tn,2023-04-08,0.78
tx,2023-04-08,0.99
ut,2023-04-08,1.12
va,2023-04-08,0.74
vt,2023-04-08,0.88
wa,2023-04-08,1.58
wi,2023-04-08,1.46
wv,2023-04-08,1.1
wy,2023-04-08,1.36
ak,2023-04-15,1.46
al,2023-04-15,0.69
ar,2023-04-15,0.77
az,2023-04-15,1.72
ca,2023-04-15,0.98
co,2023-04-15,1.08
ct,2023-04-15,0.61
dc,2023-04-15,0.48
de,2023-04-15,0.51
fl,2023-04-15,1.05
ga,2023-04-15,0.41
hi,2023-04-15,2.87
ia,2023-04-15,1.95
id,2023-04-15,1.04
il,2023-04-15,1.25
in,2023-04-15,0.87
ks,2023-04-15,0.77
ky,2023-04-15,0.8
la,2023-04-15,1.01
ma,2023-04-15,0.94
md,2023-04-15,0.51
me,2023-04-15,1.19
mi,2023-04-15,1.35
mn,2023-04-15,1.08
ms,2023-04-15,1.07
mt,2023-04-15,1.12
nc,2023-04-15,0.75
nd,2023-04-15,1.64
ne,2023-04-15,0.8
nh,2023-04-15,0.77
nj,2023-04-15,0.46
nm,2023-04-15,2.26
nv,2023-04-15,1.04
ny,2023-04-15,0.54
oh,2023-04-15,0.84
ok,2023-04-15,1
or,2023-04-15,1.17
pa,2023-04-15,0.49
ri,2023-04-15,0.6
sc,2023-04-15,0.65
sd,2023-04-15,0.7
tn,2023-04-15,0.73
tx,2023-04-15,1.02
ut,2023-04-15,1.11
va,2023-04-15,0.65
vt,2023-04-15,0.68
wa,2023-04-15,1.42
wi,2023-04-15,1.28
wv,2023-04-15,1
wy,2023-04-15,1.34
ak,2023-04-22,1.22
al,2023-04-22,0.63
ar,2023-04-22,0.5
az,2023-04-22,1.7
ca,2023-04-22,0.84
co,2023-04-22,0.82
ct,2023-04-22,0.51
dc,2023-04-22,0.4
de,2023-04-22,0.37
fl,2023-04-22,0.96
ga,2023-04-22,0.38
hi,2023-04-22,2.14
ia,2023-04-22,1.69
id,2023-04-22,0.9
il,2023-04-22,1.02
in,2023-04-22,0.62
ks,2023-04-22,0.58
ky,2023-04-22,0.73
la,2023-04-22,0.82
ma,2023-04-22,0.65
md,2023-04-22,0.4
me,2023-04-22,0.91
mi,2023-04-22,1.05
mn,2023-04-22,1.02
ms,2023-04-22,0.83
mt,2023-04-22,0.99
nc,2023-04-22,0.72
nd,2023-04-22,1.08
ne,2023-04-22,0.71
nh,2023-04-22,0.79
nj,2023-04-22,0.31
nm,2023-04-22,1.82
nv,2023-04-22,0.87
ny,2023-04-22,0.42
oh,2023-04-22,0.67
ok,2023-04-22,0.79
or,2023-04-22,1.16
pa,2023-04-22,0.43
ri,2023-04-22,0.41
sc,2023-04-22,0.71
sd,2023-04-22,0.55
tn,2023-04-22,0.67
tx,2023-04-22,0.86
ut,2023-04-22,0.94
va,2023-04-22,0.55
vt,2023-04-22,0.67
wa,2023-04-22,1.32
wi,2023-04-22,0.94
wv,2023-04-22,0.62
wy,2023-04-22,1
ak,2023-04-29,0.91
al,2023-04-29,0.67
ar,2023-04-29,0.8
az,2023-04-29,1.47
ca,2023-04-29,0.77
co,2023-04-29,0.7
ct,2023-04-29,0.51
dc,2023-04-29,0.35
de,2023-04-29,0.25
fl,2023-04-29,0.95
ga,2023-04-29,0.33
hi,2023-04-29,2.35
ia,2023-04-29,1.26
id,2023-04-29,0.7
il,2023-04-29,0.88
in,2023-04-29,0.7
ks,2023-04-29,0.52
ky,2023-04-29,0.73
la,2023-04-29,0.72
ma,2023-04-29,0.6
md,2023-04-29,0.42
me,2023-04-29,0.6
mi,2023-04-29,0.93
mn,2023-04-29,0.84
ms,2023-04-29,0.81
mt,2023-04-29,0.79
nc,2023-04-29,0.65
nd,2023-04-29,1.25
ne,2023-04-29,0.6
nh,2023-04-29,0.53
nj,2023-04-29,0.29
nm,2023-04-29,1.98
nv,2023-04-29,0.82
ny,2023-04-29,0.37
oh,2023-04-29,0.53
ok,2023-04-29,0.51
or,2023-04-29,1.03
pa,2023-04-29,0.33
ri,2023-04-29,0.34
sc,2023-04-29,0.6
sd,2023-04-29,0.8
tn,2023-04-29,0.62
tx,2023-04-29,0.7
ut,2023-04-29,0.8
va,2023-04-29,0.48
vt,2023-04-29,0.42
wa,2023-04-29,1.26
wi,2023-04-29,0.86
wv,2023-04-29,0.67
wy,2023-04-29,1.49
ak,2023-05-06,1.23
al,2023-05-06,0.65
ar,2023-05-06,0.7
az,2023-05-06,1.27
ca,2023-05-06,0.76
co,2023-05-06,0.7
ct,2023-05-06,0.47
dc,2023-05-06,0.45
de,2023-05-06,0.3
fl,2023-05-06,0.89
ga,2023-05-06,0.35
hi,2023-05-06,1.91
ia,2023-05-06,1.21
id,2023-05-06,0.68
il,2023-05-06,0.89
in,2023-05-06,0.66
ks,2023-05-06,0.44
ky,2023-05-06,0.7
la,2023-05-06,0.74
ma,2023-05-06,0.63
md,2023-05-06,0.41
me,2023-05-06,0.61
mi,2023-05-06,0.84
mn,2023-05-06,0.85
ms,2023-05-06,0.7
mt,2023-05-06,0.9
nc,2023-05-06,0.63
nd,2023-05-06,0.73
ne,2023-05-06,0.52
nh,2023-05-06,0.4
nj,2023-05-06,0.33
nm,2023-05-06,1.66
nv,2023-05-06,0.78
ny,2023-05-06,0.36
oh,2023-05-06,0.54
ok,2023-05-06,0.5
or,2023-05-06,0.96
pa,2023-05-06,0.35
ri,2023-05-06,0.33
sc,2023-05-06,0.61
sd,2023-05-06,0.49
tn,2023-05-06,0.61
tx,2023-05-06,0.66
ut,2023-05-06,0.81
va,2023-05-06,0.57
vt,2023-05-06,0.51
wa,2023-05-06,1.07
wi,2023-05-06,0.83
wv,2023-05-06,0.57
wy,2023-05-06,1.19
ak,2023-05-13,0.97
al,2023-05-13,0.62
ar,2023-05-13,0.45
az,2023-05-13,1.23
ca,2023-05-13,0.81
co,2023-05-13,0.71
ct,2023-05-13,0.47
dc,2023-05-13,0.44
de,2023-05-13,0.32
fl,2023-05-13,0.87
ga,2023-05-13,0.33
hi,2023-05-13,2.07
ia,2023-05-13,1.16
id,2023-05-13,0.45
il,2023-05-13,0.81
in,2023-05-13,0.53
ks,2023-05-13,0.43
ky,2023-05-13,0.6
la,2023-05-13,0.71
ma,2023-05-13,0.56
md,2023-05-13,0.4
me,2023-05-13,0.57
mi,2023-05-13,0.84
mn,2023-05-13,0.74
ms,2023-05-13,0.68
mt,2023-05-13,0.56
nc,2023-05-13,0.62
nd,2023-05-13,0.86
ne,2023-05-13,0.48
nh,2023-05-13,0.68
nj,2023-05-13,0.28
nm,2023-05-13,1.49
nv,2023-05-13,0.72
ny,2023-05-13,0.36
oh,2023-05-13,0.56
ok,2023-05-13,0.37
or,2023-05-13,0.83
pa,2023-05-13,0.31
ri,2023-05-13,0.35
sc,2023-05-13,0.64
sd,2023-05-13,0.35
tn,2023-05-13,0.58
tx,2023-05-13,0.6
ut,2023-05-13,0.82
va,2023-05-13,0.54
vt,2023-05-13,0.44
wa,2023-05-13,0.95
wi,2023-05-13,0.73
wv,2023-05-13,0.46
wy,2023-05-13,1.06
ak,2023-05-20,0.82
al,2023-05-20,0.57
ar,2023-05-20,0.59
az,2023-05-20,1.17
ca,2023-05-20,0.76
co,2023-05-20,0.63
ct,2023-05-20,0.44
dc,2023-05-20,0.45
de,2023-05-20,0.39
fl,2023-05-20,0.87
ga,2023-05-20,0.31
hi,2023-05-20,1.68
ia,2023-05-20,0.94
id,2023-05-20,0.62
il,2023-05-20,0.71
in,2023-05-20,0.41
ks,2023-05-20,0.37
ky,2023-05-20,0.58
la,2023-05-20,0.67
ma,2023-05-20,0.54
md,2023-05-20,0.34
me,2023-05-20,0.55
mi,2023-05-20,0.65
mn,2023-05-20,0.45
ms,2023-05-20,0.65
mt,2023-05-20,0.43
nc,2023-05-20,0.62
nd,2023-05-20,0.56
ne,2023-05-20,0.31
nh,2023-05-20,0.43
nj,2023-05-20,0.3
nm,2023-05-20,1.39
nv,2023-05-20,0.76
ny,2023-05-20,0.38
oh,2023-05-20,0.43
ok,2023-05-20,0.32
or,2023-05-20,0.77
pa,2023-05-20,0.28
ri,2023-05-20,0.41
sc,2023-05-20,0.6
sd,2023-05-20,0.48
tn,2023-05-20,0.53
tx,2023-05-20,0.56
ut,2023-05-20,0.74
va,2023-05-20,0.49
vt,2023-05-20,0.51
wa,2023-05-20,0.93
wi,2023-05-20,0.52
wv,2023-05-20,0.41
wy,2023-05-20,0.67
ak,2023-05-27,0.83
al,2023-05-27,0.54
ar,2023-05-27,0.4
az,2023-05-27,0.91
ca,2023-05-27,0.63
co,2023-05-27,0.6
ct,2023-05-27,0.58
dc,2023-05-27,0.46
de,2023-05-27,0.28
fl,2023-05-27,0.94
ga,2023-05-27,0.33
hi,2023-05-27,1.92
ia,2023-05-27,0.81
id,2023-05-27,0.39
il,2023-05-27,0.53
in,2023-05-27,0.37
ks,2023-05-27,0.27
ky,2023-05-27,0.51
la,2023-05-27,0.68
ma,2023-05-27,0.57
md,2023-05-27,0.34
me,2023-05-27,0.67
mi,2023-05-27,0.6
mn,2023-05-27,0.42
ms,2023-05-27,0.61
mt,2023-05-27,0.49
nc,2023-05-27,0.57
nd,2023-05-27,0.55
ne,2023-05-27,0.2
nh,2023-05-27,0.47
nj,2023-05-27,0.38
nm,2023-05-27,1.1
nv,2023-05-27,0.7
ny,2023-05-27,0.36
oh,2023-05-27,0.42
ok,2023-05-27,0.27
or,2023-05-27,0.7
pa,2023-05-27,0.28
ri,2023-05-27,0.43
sc,2023-05-27,0.6
sd,2023-05-27,0.27
tn,2023-05-27,0.45
tx,2023-05-27,0.51
ut,2023-05-27,0.61
va,2023-05-27,0.49
vt,2023-05-27,0.6
wa,2023-05-27,0.83
wi,2023-05-27,0.46
wv,2023-05-27,0.45
wy,2023-05-27,0.8
ak,2023-06-03,1.26
al,2023-06-03,0.57
ar,2023-06-03,0.43
az,2023-06-03,0.9
ca,2023-06-03,0.69
co,2023-06-03,0.37
ct,2023-06-03,0.55
dc,2023-06-03,0.33
de,2023-06-03,0.25
fl,2023-06-03,1.08
ga,2023-06-03,0.33
hi,2023-06-03,1.66
ia,2023-06-03,0.85
id,2023-06-03,0.43
il,2023-06-03,0.56
in,2023-06-03,0.41
ks,2023-06-03,0.27
ky,2023-06-03,0.38
la,2023-06-03,0.74
ma,2023-06-03,0.69
md,2023-06-03,0.44
me,2023-06-03,0.55
mi,2023-06-03,0.54
mn,2023-06-03,0.33
ms,2023-06-03,0.57
mt,2023-06-03,0.36
nc,2023-06-03,0.63
nd,2023-06-03,0.44
ne,2023-06-03,0.23
nh,2023-06-03,0.47
nj,2023-06-03,0.36
nm,2023-06-03,0.86
nv,2023-06-03,0.76
ny,2023-06-03,0.42
oh,2023-06-03,0.37
ok,2023-06-03,0.19
or,2023-06-03,0.68
pa,2023-06-03,0.29
ri,2023-06-03,0.49
sc,2023-06-03,0.65
sd,2023-06-03,0.23
tn,2023-06-03,0.41
tx,2023-06-03,0.49
ut,2023-06-03,0.74
va,2023-06-03,0.55
vt,2023-06-03,0.53
wa,2023-06-03,0.78
wi,2023-06-03,0.47
wv,2023-06-03,0.42
wy,2023-06-03,0.82
ak,2023-06-10,1.21
al,2023-06-10,0.46
ar,2023-06-10,0.33
az,2023-06-10,0.85
ca,2023-06-10,0.68
co,2023-06-10,0.39
ct,2023-06-10,0.41
dc,2023-06-10,0.49
de,2023-06-10,0.35
fl,2023-06-10,1.07
ga,2023-06-10,0.3
hi,2023-06-10,1.74
ia,2023-06-10,0.72
id,2023-06-10,0.44
il,2023-06-10,0.44
in,2023-06-10,0.28
ks,2023-06-10,0.25
ky,2023-06-10,0.28
la,2023-06-10,0.59
ma,2023-06-10,0.58
md,2023-06-10,0.34
me,2023-06-10,0.5
mi,2023-06-10,0.39
mn,2023-06-10,0.31
ms,2023-06-10,0.51
mt,2023-06-10,0.32
nc,2023-06-10,0.53
nd,2023-06-10,0.4
ne,2023-06-10,0.19
nh,2023-06-10,0.47
nj,2023-06-10,0.33
nm,2023-06-10,0.74
nv,2023-06-10,0.67
ny,2023-06-10,0.35
oh,2023-06-10,0.25
ok,2023-06-10,0.18
or,2023-06-10,0.63
pa,2023-06-10,0.25
ri,2023-06-10,0.41
sc,2023-06-10,0.63
sd,2023-06-10,0.18
tn,2023-06-10,0.37
tx,2023-06-10,0.4
ut,2023-06-10,0.54
va,2023-06-10,0.48
vt,2023-06-10,0.58
wa,2023-06-10,0.85
wi,2023-06-10,0.33
wv,2023-06-10,0.28
wy,2023-06-10,0.45
ak,2023-06-17,1.71
al,2023-06-17,0.45
ar,2023-06-17,0.24
az,2023-06-17,0.8
ca,2023-06-17,0.67
co,2023-06-17,0.41
ct,2023-06-17,0.43
dc,2023-06-17,0.31
de,2023-06-17,0.36
fl,2023-06-17,1.08
ga,2023-06-17,0.32
hi,2023-06-17,1.33
ia,2023-06-17,0.74
id,2023-06-17,0.3
il,2023-06-17,0.46
in,2023-06-17,0.3
ks,2023-06-17,0.13
ky,2023-06-17,0.32
la,2023-06-17,0.59
ma,2023-06-17,0.59
md,2023-06-17,0.41
me,2023-06-17,0.47
mi,2023-06-17,0.45
mn,2023-06-17,0.41
ms,2023-06-17,0.36
mt,2023-06-17,0.3
nc,2023-06-17,0.55
nd,2023-06-17,0.13
ne,2023-06-17,0.2
nh,2023-06-17,0.57
nj,2023-06-17,0.31
nm,2023-06-17,0.74
nv,2023-06-17,0.67
ny,2023-06-17,0.35
oh,2023-06-17,0.24
ok,2023-06-17,0.24
or,2023-06-17,0.66
pa,2023-06-17,0.27
ri,2023-06-17,0.47
sc,2023-06-17,0.59
sd,2023-06-17,0.18
tn,2023-06-17,0.33
tx,2023-06-17,0.38
ut,2023-06-17,0.47
va,2023-06-17,0.52
vt,2023-06-17,0.6
wa,2023-06-17,0.79
wi,2023-06-17,0.32
wv,2023-06-17,0.36
wy,2023-06-17,0.36
ak,2023-06-24,1.68
al,2023-06-24,0.49
ar,2023-06-24,0.3
az,2023-06-24,0.89
ca,2023-06-24,0.61
co,2023-06-24,0.39
ct,2023-06-24,0.45
dc,2023-06-24,0.5
de,2023-06-24,0.25
fl,2023-06-24,1.19
ga,2023-06-24,0.35
hi,2023-06-24,1.73
ia,2023-06-24,0.71
id,2023-06-24,0.37
il,2023-06-24,0.41
in,2023-06-24,0.24
ks,2023-06-24,0.26
ky,2023-06-24,0.31
la,2023-06-24,0.66
ma,2023-06-24,0.54
md,2023-06-24,0.43
me,2023-06-24,0.3
mi,2023-06-24,0.38
mn,2023-06-24,0.29
ms,2023-06-24,0.56
mt,2023-06-24,0.48
nc,2023-06-24,0.52
nd,2023-06-24,0.23
ne,2023-06-24,0.23
nh,2023-06-24,0.46
nj,2023-06-24,0.32
nm,2023-06-24,0.69
nv,2023-06-24,0.66
ny,2023-06-24,0.32
oh,2023-06-24,0.26
ok,2023-06-24,0.31
or,2023-06-24,0.7
pa,2023-06-24,0.28
ri,2023-06-24,0.43
sc,2023-06-24,0.6
sd,2023-06-24,0.13
tn,2023-06-24,0.36
tx,2023-06-24,0.44
ut,2023-06-24,0.44
va,2023-06-24,0.44
vt,2023-06-24,0.69
wa,2023-06-24,1.02
wi,2023-06-24,0.3
wv,2023-06-24,0.38
wy,2023-06-24,0.5
ak,2023-07-01,1.45
al,2023-07-01,0.53
ar,2023-07-01,0.29
az,2023-07-01,0.83
ca,2023-07-01,0.7
co,2023-07-01,0.42
ct,2023-07-01,0.39
dc,2023-07-01,0.49
de,2023-07-01,0.41
fl,2023-07-01,1.34
ga,2023-07-01,0.38
hi,2023-07-01,1.95
ia,2023-07-01,0.77
id,2023-07-01,0.45
il,2023-07-01,0.4
in,2023-07-01,0.23
ks,2023-07-01,0.22
ky,2023-07-01,0.33
la,2023-07-01,0.87
ma,2023-07-01,0.48
md,2023-07-01,0.45
me,2023-07-01,0.34
mi,2023-07-01,0.36
mn,2023-07-01,0.37
ms,2023-07-01,0.48
mt,2023-07-01,0.4
nc,2023-07-01,0.53
nd,2023-07-01,0.21
ne,2023-07-01,0.24
nh,2023-07-01,0.48
nj,2023-07-01,0.34
nm,2023-07-01,0.8
nv,2023-07-01,0.71
ny,2023-07-01,0.32
oh,2023-07-01,0.25
ok,2023-07-01,0.32
or,2023-07-01,0.72
pa,2023-07-01,0.32
ri,2023-07-01,0.36
sc,2023-07-01,0.53
sd,2023-07-01,0.31
tn,2023-07-01,0.37
tx,2023-07-01,0.49
ut,2023-07-01,0.43
va,2023-07-01,0.49
vt,2023-07-01,0.48
wa,2023-07-01,0.92
wi,2023-07-01,0.23
wv,2023-07-01,0.29
wy,2023-07-01,0.58
ak,2023-07-08,1.98
al,2023-07-08,0.81
ar,2023-07-08,0.28
az,2023-07-08,0.91
ca,2023-07-08,0.78
co,2023-07-08,0.41
ct,2023-07-08,0.42
dc,2023-07-08,0.57
de,2023-07-08,0.38
fl,2023-07-08,1.54
ga,2023-07-08,0.44
hi,2023-07-08,2.02
ia,2023-07-08,0.74
id,2023-07-08,0.43
il,2023-07-08,0.45
in,2023-07-08,0.27
ks,2023-07-08,0.25
ky,2023-07-08,0.38
la,2023-07-08,1.06
ma,2023-07-08,0.49
md,2023-07-08,0.49
me,2023-07-08,0.45
mi,2023-07-08,0.34
mn,2023-07-08,0.32
ms,2023-07-08,0.59
mt,2023-07-08,0.54
nc,2023-07-08,0.67
nd,2023-07-08,0.29
ne,2023-07-08,0.14
nh,2023-07-08,0.64
nj,2023-07-08,0.35
nm,2023-07-08,0.77
nv,2023-07-08,0.75
ny,2023-07-08,0.36
oh,2023-07-08,0.3
ok,2023-07-08,0.34
or,2023-07-08,0.79
pa,2023-07-08,0.3
ri,2023-07-08,0.33
sc,2023-07-08,0.75
sd,2023-07-08,0.23
tn,2023-07-08,0.48
tx,2023-07-08,0.65
ut,2023-07-08,0.52
va,2023-07-08,0.58
vt,2023-07-08,0.35
wa,2023-07-08,1.12
wi,2023-07-08,0.28
wv,2023-07-08,0.24
wy,2023-07-08,0.55
ak,2023-07-15,1.67
al,2023-07-15,0.91
ar,2023-07-15,0.39
az,2023-07-15,0.89
ca,2023-07-15,0.81
co,2023-07-15,0.48
ct,2023-07-15,0.46
dc,2023-07-15,0.48
de,2023-07-15,0.6
fl,2023-07-15,1.75
ga,2023-07-15,0.56
hi,2023-07-15,2.17
ia,2023-07-15,0.9
id,2023-07-15,0.4
il,2023-07-15,0.44
in,2023-07-15,0.33
ks,2023-07-15,0.31
ky,2023-07-15,0.43
la,2023-07-15,1.27
ma,2023-07-15,0.53
md,2023-07-15,0.68
me,2023-07-15,0.59
mi,2023-07-15,0.36
mn,2023-07-15,0.35
ms,2023-07-15,0.71
mt,2023-07-15,0.53
nc,2023-07-15,0.73
nd,2023-07-15,0.28
ne,2023-07-15,0.18
nh,2023-07-15,0.53
nj,2023-07-15,0.43
nm,2023-07-15,0.76
nv,2023-07-15,0.83
ny,2023-07-15,0.4
oh,2023-07-15,0.34
ok,2023-07-15,0.25
or,2023-07-15,0.89
pa,2023-07-15,0.33
ri,2023-07-15,0.34
sc,2023-07-15,0.78
sd,2023-07-15,0.22
tn,2023-07-15,0.57
tx,2023-07-15,0.77
ut,2023-07-15,0.59
va,2023-07-15,0.62
vt,2023-07-15,0.5
wa,2023-07-15,1.05
wi,2023-07-15,0.27
wv,2023-07-15,0.36
wy,2023-07-15,0.64
ak,2023-07-22,1.92
al,2023-07-22,1.22
ar,2023-07-22,0.49
az,2023-07-22,0.88
ca,2023-07-22,0.96
co,2023-07-22,0.5
ct,2023-07-22,0.52
dc,2023-07-22,0.49
de,2023-07-22,0.68
fl,2023-07-22,2.09
ga,2023-07-22,0.72
hi,2023-07-22,2.37
ia,2023-07-22,0.87
id,2023-07-22,0.39
il,2023-07-22,0.58
in,2023-07-22,0.41
ks,2023-07-22,0.36
ky,2023-07-22,0.47
la,2023-07-22,1.74
ma,2023-07-22,0.72
md,2023-07-22,0.65
me,2023-07-22,0.53
mi,2023-07-22,0.4
mn,2023-07-22,0.54
ms,2023-07-22,1.13
mt,2023-07-22,0.51
nc,2023-07-22,0.97
nd,2023-07-22,0.5
ne,2023-07-22,0.18
nh,2023-07-22,0.46
nj,2023-07-22,0.54
nm,2023-07-22,0.9
nv,2023-07-22,0.87
ny,2023-07-22,0.51
oh,2023-07-22,0.41
ok,2023-07-22,0.39
or,2023-07-22,0.97
pa,2023-07-22,0.34
ri,2023-07-22,0.48
sc,2023-07-22,0.97
sd,2023-07-22,0.2
tn,2023-07-22,0.77
tx,2023-07-22,1
ut,2023-07-22,0.65
va,2023-07-22,0.75
vt,2023-07-22,0.48
wa,2023-07-22,1.1
wi,2023-07-22,0.38
wv,2023-07-22,0.38
wy,2023-07-22,0.56
ak,2023-07-29,1.97
al,2023-07-29,1.62
ar,2023-07-29,0.57
az,2023-07-29,0.96
ca,2023-07-29,1.25
co,2023-07-29,0.63
ct,2023-07-29,0.75
dc,2023-07-29,0.71
de,2023-07-29,0.84
fl,2023-07-29,2.55
ga,2023-07-29,0.97
hi,2023-07-29,3.22
ia,2023-07-29,0.98
id,2023-07-29,0.49
il,2023-07-29,0.74
in,2023-07-29,0.65
ks,2023-07-29,0.55
ky,2023-07-29,0.67
la,2023-07-29,2.1
ma,2023-07-29,0.85
md,2023-07-29,0.93
me,2023-07-29,0.71
mi,2023-07-29,0.5
mn,2023-07-29,0.64
ms,2023-07-29,1.63
mt,2023-07-29,0.68
nc,2023-07-29,1.21
nd,2023-07-29,0.53
ne,2023-07-29,0.45
nh,2023-07-29,0.69
nj,2023-07-29,0.65
nm,2023-07-29,1.15
nv,2023-07-29,0.86
ny,2023-07-29,0.67
oh,2023-07-29,0.52
ok,2023-07-29,0.63
or,2023-07-29,1.12
pa,2023-07-29,0.5
ri,2023-07-29,0.55
sc,2023-07-29,1.31
sd,2023-07-29,0.2
tn,2023-07-29,1.03
tx,2023-07-29,1.28
ut,2023-07-29,0.72
va,2023-07-29,0.89
vt,2023-07-29,0.69
wa,2023-07-29,1.22
wi,2023-07-29,0.44
wv,2023-07-29,0.46
wy,2023-07-29,0.63
ak,2023-08-05,1.69
al,2023-08-05,2.17
ar,2023-08-05,0.99
az,2023-08-05,1.17
ca,2023-08-05,1.53
co,2023-08-05,0.7
ct,2023-08-05,1.03
dc,2023-08-05,1
de,2023-08-05,1.04
fl,2023-08-05,3.02
ga,2023-08-05,1.33
hi,2023-08-05,3.46
ia,2023-08-05,1.12
id,2023-08-05,0.84
il,2023-08-05,0.98
in,2023-08-05,0.81
ks,2023-08-05,0.59
ky,2023-08-05,1.03
la,2023-08-05,2.38
ma,2023-08-05,0.95
md,2023-08-05,1.03
me,2023-08-05,0.71
mi,2023-08-05,0.69
mn,2023-08-05,0.8
ms,2023-08-05,2.11
mt,2023-08-05,0.73
nc,2023-08-05,1.46
nd,2023-08-05,0.64
ne,2023-08-05,0.35
nh,2023-08-05,0.85
nj,2023-08-05,0.78
nm,2023-08-05,1.08
nv,2023-08-05,1.1
ny,2023-08-05,0.81
oh,2023-08-05,0.66
ok,2023-08-05,0.9
or,2023-08-05,1.26
pa,2023-08-05,0.56
ri,2023-08-05,0.56
sc,2023-08-05,2.02
sd,2023-08-05,0.41
tn,2023-08-05,1.27
tx,2023-08-05,1.72
ut,2023-08-05,0.85
va,2023-08-05,1.17
vt,2023-08-05,1.25
wa,2023-08-05,1.57
wi,2023-08-05,0.59
wv,2023-08-05,0.86
wy,2023-08-05,1.1
ak,2023-08-12,1.71
al,2023-08-12,2.74
ar,2023-08-12,1.28
az,2023-08-12,1.28
ca,2023-08-12,1.81
co,2023-08-12,0.95
ct,2023-08-12,1.32
dc,2023-08-12,1.27
de,2023-08-12,1.07
fl,2023-08-12,3.34
ga,2023-08-12,1.69
hi,2023-08-12,3.8
ia,2023-08-12,1.44
id,2023-08-12,0.89
il,2023-08-12,1.13
in,2023-08-12,1.05
ks,2023-08-12,0.67
ky,2023-08-12,1.5
la,2023-08-12,2.78
ma,2023-08-12,1.31
md,2023-08-12,1.21
me,2023-08-12,0.95
mi,2023-08-12,0.85
mn,2023-08-12,0.94
ms,2023-08-12,2.9
mt,2023-08-12,0.98
nc,2023-08-12,1.98
nd,2023-08-12,0.68
ne,2023-08-12,0.67
nh,2023-08-12,1.01
nj,2023-08-12,0.91
nm,2023-08-12,1.61
nv,2023-08-12,1.47
ny,2023-08-12,1.08
oh,2023-08-12,0.8
ok,2023-08-12,1.09
or,2023-08-12,1.56
pa,2023-08-12,0.79
ri,2023-08-12,0.74
sc,2023-08-12,2.61
sd,2023-08-12,0.55
tn,2023-08-12,1.7
tx,2023-08-12,2.14
ut,2023-08-12,1.01
va,2023-08-12,1.47
vt,2023-08-12,1.35
wa,2023-08-12,1.84
wi,2023-08-12,0.72
wv,2023-08-12,0.91
wy,2023-08-12,0.96
ak,2023-08-19,1.62
al,2023-08-19,3.74
ar,2023-08-19,1.87
az,2023-08-19,1.76
ca,2023-08-19,2.33
co,2023-08-19,1.1
ct,2023-08-19,1.53
dc,2023-08-19,1.52
de,2023-08-19,1.39
fl,2023-08-19,3.67
ga,2023-08-19,2.34
hi,2023-08-19,4.1
ia,2023-08-19,1.82
id,2023-08-19,1.26
il,2023-08-19,1.54
in,2023-08-19,1.43
ks,2023-08-19,1.13
ky,2023-08-19,1.76
la,2023-08-19,3.44
ma,2023-08-19,1.59
md,2023-08-19,1.52
me,2023-08-19,1.19
mi,2023-08-19,0.98
mn,2023-08-19,1.19
ms,2023-08-19,3.72
mt,2023-08-19,1.22
nc,2023-08-19,2.48
nd,2023-08-19,1.09
ne,2023-08-19,0.84
nh,2023-08-19,0.85
nj,2023-08-19,1.15
nm,2023-08-19,2.1
nv,2023-08-19,1.76
ny,2023-08-19,1.18
oh,2023-08-19,1.03
ok,2023-08-19,1.23
or,2023-08-19,1.94
pa,2023-08-19,0.92
ri,2023-08-19,0.85
sc,2023-08-19,3.21
sd,2023-08-19,0.98
tn,2023-08-19,2.4
tx,2023-08-19,2.74
ut,2023-08-19,1.17
va,2023-08-19,1.9
vt,2023-08-19,1.32
wa,2023-08-19,2.15
wi,2023-08-19,0.82
wv,2023-08-19,1.33
wy,2023-08-19,1.44
ak,2023-08-26,1.95
al,2023-08-26,4.97
ar,2023-08-26,2.6
az,2023-08-26,1.7
ca,2023-08-26,2.42
co,2023-08-26,1.42
ct,2023-08-26,1.73
dc,2023-08-26,1.86
de,2023-08-26,1.16
fl,2023-08-26,4.48
ga,2023-08-26,2.54
hi,2023-08-26,4.21
ia,2023-08-26,2.24
id,2023-08-26,1.42
il,2023-08-26,1.89
in,2023-08-26,1.91
ks,2023-08-26,1.63
ky,2023-08-26,2.4
la,2023-08-26,4.15
ma,2023-08-26,1.71
md,2023-08-26,1.91
me,2023-08-26,1.65
mi,2023-08-26,1.31
mn,2023-08-26,1.52
ms,2023-08-26,3.7
mt,2023-08-26,1.51
nc,2023-08-26,2.99
nd,2023-08-26,0.86
ne,2023-08-26,1
nh,2023-08-26,1.44
nj,2023-08-26,1.29
nm,2023-08-26,2.23
nv,2023-08-26,1.9
ny,2023-08-26,1.46
oh,2023-08-26,1.38
ok,2023-08-26,1.6
or,2023-08-26,2.35
pa,2023-08-26,1.08
ri,2023-08-26,1.41
sc,2023-08-26,3.94
sd,2023-08-26,0.99
tn,2023-08-26,3.21
tx,2023-08-26,3.58
ut,2023-08-26,1.31
va,2023-08-26,2.44
vt,2023-08-26,1.42
wa,2023-08-26,2.5
wi,2023-08-26,1.04
wv,2023-08-26,1.72
wy,2023-08-26,1.62
ak,2023-09-02,2.34
al,2023-09-02,4.33
ar,2023-09-02,3.41
az,2023-09-02,1.79
ca,2023-09-02,2.52
co,2023-09-02,1.59
ct,2023-09-02,1.97
dc,2023-09-02,2.23
de,2023-09-02,1.39
fl,2023-09-02,4.2
ga,2023-09-02,1.99
hi,2023-09-02,3.94
ia,2023-09-02,2.49
id,2023-09-02,1.87
il,2023-09-02,1.96
in,2023-09-02,1.87
ks,2023-09-02,1.91
ky,2023-09-02,2.65
la,2023-09-02,3.81
ma,2023-09-02,1.95
md,2023-09-02,2.24
me,2023-09-02,1.5
mi,2023-09-02,1.52
mn,2023-09-02,1.56
ms,2023-09-02,3.17
mt,2023-09-02,1.75
nc,2023-09-02,3.23
nd,2023-09-02,1.06
ne,2023-09-02,0.99
nh,2023-09-02,1.65
nj,2023-09-02,1.5
nm,2023-09-02,2.16
nv,2023-09-02,1.79
ny,2023-09-02,1.57
oh,2023-09-02,1.72
ok,2023-09-02,1.69
or,2023-09-02,2.48
pa,2023-09-02,1.38
ri,2023-09-02,1.49
sc,2023-09-02,4.05
sd,2023-09-02,1.18
tn,2023-09-02,2.84
tx,2023-09-02,3.78
ut,2023-09-02,1.73
va,2023-09-02,2.57
vt,2023-09-02,1.65
wa,2023-09-02,2.73
wi,2023-09-02,1.22
wv,2023-09-02,2.45
wy,2023-09-02,1.77
ak,2023-09-09,2.57
al,2023-09-09,3.5
ar,2023-09-09,3.52
az,2023-09-09,1.81
ca,2023-09-09,2.58
co,2023-09-09,1.77
ct,2023-09-09,2.36
dc,2023-09-09,2.74
de,2023-09-09,1.79
fl,2023-09-09,3.33
ga,2023-09-09,1.51
hi,2023-09-09,3.89
ia,2023-09-09,2.51
id,2023-09-09,2.13
il,2023-09-09,1.99
in,2023-09-09,1.82
ks,2023-09-09,2.44
ky,2023-09-09,2.65
la,2023-09-09,3.16
ma,2023-09-09,2.16
md,2023-09-09,2.49
me,2023-09-09,1.77
mi,2023-09-09,1.96
mn,2023-09-09,1.71
ms,2023-09-09,2.81
mt,2023-09-09,1.97
nc,2023-09-09,3.57
nd,2023-09-09,1.43
ne,2023-09-09,1.07
nh,2023-09-09,1.65
nj,2023-09-09,1.86
nm,2023-09-09,1.93
nv,2023-09-09,1.9
ny,2023-09-09,1.87
oh,2023-09-09,2.13
ok,2023-09-09,1.57
or,2023-09-09,2.72
pa,2023-09-09,1.71
ri,2023-09-09,1.75
sc,2023-09-09,3.57
sd,2023-09-09,1.27
tn,2023-09-09,2.35
tx,2023-09-09,3.24
ut,2023-09-09,2.04
va,2023-09-09,2.69
vt,2023-09-09,2.11
wa,2023-09-09,3.02
wi,2023-09-09,1.34
wv,2023-09-09,2.79
wy,2023-09-09,2.25
ak,2023-09-16,2.5
al,2023-09-16,2.61
ar,2023-09-16,2.36
az,2023-09-16,1.7
ca,2023-09-16,2.06
co,2023-09-16,1.65
ct,2023-09-16,2.27
dc,2023-09-16,2.27
de,2023-09-16,1.97
fl,2023-09-16,2.3
ga,2023-09-16,1.17
hi,2023-09-16,3.32
ia,2023-09-16,2.56
id,2023-09-16,2.13
il,2023-09-16,1.76
in,2023-09-16,1.55
ks,2023-09-16,1.77
ky,2023-09-16,2.21
la,2023-09-16,2.44
ma,2023-09-16,2.01
md,2023-09-16,2.05
me,2023-09-16,1.69
mi,2023-09-16,2.01
mn,2023-09-16,2.02
ms,2023-09-16,1.99
mt,2023-09-16,2.4
nc,2023-09-16,3.41
nd,2023-09-16,1.66
ne,2023-09-16,0.99
nh,2023-09-16,2.27
nj,2023-09-16,1.86
nm,2023-09-16,2.02
nv,2023-09-16,1.7
ny,2023-09-16,1.86
oh,2023-09-16,1.84
ok,2023-09-16,1.82
or,2023-09-16,3.28
pa,2023-09-16,1.57
ri,2023-09-16,1.63
sc,2023-09-16,2.76
sd,2023-09-16,1.54
tn,2023-09-16,1.7
tx,2023-09-16,2.35
ut,2023-09-16,1.93
va,2023-09-16,2.38
vt,2023-09-16,1.91
wa,2023-09-16,3.1
wi,2023-09-16,1.41
wv,2023-09-16,2.59
wy,2023-09-16,2.11
ak,2023-09-23,1.98
al,2023-09-23,1.83
ar,2023-09-23,2.06
az,2023-09-23,1.91
ca,2023-09-23,1.73
co,2023-09-23,1.86
ct,2023-09-23,2.39
dc,2023-09-23,2.04
de,2023-09-23,1.93
fl,2023-09-23,1.79
ga,2023-09-23,0.96
hi,2023-09-23,2.89
ia,2023-09-23,2.44
id,2023-09-23,2.24
il,2023-09-23,1.69
in,2023-09-23,1.52
ks,2023-09-23,1.63
ky,2023-09-23,1.98
la,2023-09-23,1.67
ma,2023-09-23,2.2
md,2023-09-23,2.1
me,2023-09-23,1.69
mi,2023-09-23,2.09
mn,2023-09-23,2.43
ms,2023-09-23,1.86
mt,2023-09-23,2.82
nc,2023-09-23,3
nd,2023-09-23,1.32
ne,2023-09-23,0.95
nh,2023-09-23,2.13
nj,2023-09-23,1.91
nm,2023-09-23,2.39
nv,2023-09-23,1.62
ny,2023-09-23,1.94
oh,2023-09-23,1.73
ok,2023-09-23,1.24
or,2023-09-23,3.1
pa,2023-09-23,1.64
ri,2023-09-23,1.77
sc,2023-09-23,2.34
sd,2023-09-23,1.5
tn,2023-09-23,1.34
tx,2023-09-23,1.81
ut,2023-09-23,2.11
va,2023-09-23,2.33
vt,2023-09-23,2.29
wa,2023-09-23,2.99
wi,2023-09-23,1.94
wv,2023-09-23,2.58
wy,2023-09-23,2.25
ak,2023-09-30,1.83
al,2023-09-30,1.46
ar,2023-09-30,1.56
az,2023-09-30,2.24
ca,2023-09-30,1.43
co,2023-09-30,1.99
ct,2023-09-30,2.23
dc,2023-09-30,1.47
de,2023-09-30,1.68
fl,2023-09-30,1.45
ga,2023-09-30,0.85
hi,2023-09-30,2.8
ia,2023-09-30,2.24
id,2023-09-30,2.34
il,2023-09-30,1.46
in,2023-09-30,1.29
ks,2023-09-30,1.43
ky,2023-09-30,1.9
la,2023-09-30,1.39
ma,2023-09-30,2.16
md,2023-09-30,1.89
me,2023-09-30,1.83
mi,2023-09-30,1.86
mn,2023-09-30,2.22
ms,2023-09-30,1.53
mt,2023-09-30,3.07
nc,2023-09-30,2.48
nd,2023-09-30,1.55
ne,2023-09-30,0.96
nh,2023-09-30,1.91
nj,2023-09-30,1.74
nm,2023-09-30,2.81
nv,2023-09-30,1.67
ny,2023-09-30,1.91
oh,2023-09-30,1.5
ok,2023-09-30,0.99
or,2023-09-30,3.34
pa,2023-09-30,1.55
ri,2023-09-30,1.83
sc,2023-09-30,1.98
sd,2023-09-30,1.6
tn,2023-09-30,1.19
tx,2023-09-30,1.44
ut,2023-09-30,1.92
va,2023-09-30,1.93
vt,2023-09-30,2.69
wa,2023-09-30,2.78
wi,2023-09-30,1.73
wv,2023-09-30,2.36
wy,2023-09-30,2.65
ak,2023-10-07,1.47
al,2023-10-07,1.23
ar,2023-10-07,1.24
az,2023-10-07,2.26
ca,2023-10-07,1.28
co,2023-10-07,2.05
ct,2023-10-07,1.98
dc,2023-10-07,1.18
de,2023-10-07,1.47
fl,2023-10-07,1.22
ga,2023-10-07,0.7
hi,2023-10-07,2.29
ia,2023-10-07,1.92
id,2023-10-07,2.37
il,2023-10-07,1.28
in,2023-10-07,1.1
ks,2023-10-07,1.1
ky,2023-10-07,1.67
la,2023-10-07,1.11
ma,2023-10-07,2.07
md,2023-10-07,1.57
me,2023-10-07,1.99
mi,2023-10-07,1.51
mn,2023-10-07,1.63
ms,2023-10-07,1.32
mt,2023-10-07,2.98
nc,2023-10-07,2.12
nd,2023-10-07,1.08
ne,2023-10-07,0.75
nh,2023-10-07,1.99
nj,2023-10-07,1.52
nm,2023-10-07,2.83
nv,2023-10-07,1.58
ny,2023-10-07,1.56
oh,2023-10-07,1.18
ok,2023-10-07,0.95
or,2023-10-07,2.8
pa,2023-10-07,1.43
ri,2023-10-07,1.68
sc,2023-10-07,1.78
sd,2023-10-07,1.4
tn,2023-10-07,1.13
tx,2023-10-07,1.16
ut,2023-10-07,1.94
va,2023-10-07,1.59
vt,2023-10-07,2.16
wa,2023-10-07,2.57
wi,2023-10-07,1.45
wv,2023-10-07,2.17
wy,2023-10-07,3.12
ak,2023-10-14,1.2
al,2023-10-14,1.17
ar,2023-10-14,1.1
az,2023-10-14,2.37
ca,2023-10-14,1.16
co,2023-10-14,2.32
ct,2023-10-14,1.6
dc,2023-10-14,1.1
de,2023-10-14,1.32
fl,2023-10-14,1.08
ga,2023-10-14,0.65
hi,2023-10-14,2.49
ia,2023-10-14,2.01
id,2023-10-14,2.21
il,2023-10-14,1.31
in,2023-10-14,1.18
ks,2023-10-14,1.18
ky,2023-10-14,1.67
la,2023-10-14,1.05
ma,2023-10-14,1.72
md,2023-10-14,1.35
me,2023-10-14,1.75
mi,2023-10-14,1.35
mn,2023-10-14,1.83
ms,2023-10-14,1.18
mt,2023-10-14,2.73
nc,2023-10-14,1.82
nd,2023-10-14,1.42
ne,2023-10-14,0.78
nh,2023-10-14,1.49
nj,2023-10-14,1.24
nm,2023-10-14,3.09
nv,2023-10-14,1.69
ny,2023-10-14,1.22
oh,2023-10-14,1.18
ok,2023-10-14,0.9
or,2023-10-14,2.35
pa,2023-10-14,1.15
ri,2023-10-14,1.45
sc,2023-10-14,1.6
sd,2023-10-14,1.27
tn,2023-10-14,1.03
tx,2023-10-14,1.08
ut,2023-10-14,1.79
va,2023-10-14,1.62
vt,2023-10-14,1.77
wa,2023-10-14,2.28
wi,2023-10-14,1.35
wv,2023-10-14,2
wy,2023-10-14,2.1
ak,2023-10-21,1.24
al,2023-10-21,1.18
ar,2023-10-21,1.02
az,2023-10-21,2.59
ca,2023-10-21,1.18
co,2023-10-21,2.46
ct,2023-10-21,1.51
dc,2023-10-21,1.28
de,2023-10-21,1.13
fl,2023-10-21,1
ga,2023-10-21,0.63
hi,2023-10-21,2.01
ia,2023-10-21,2.12
id,2023-10-21,1.92
il,2023-10-21,1.57
in,2023-10-21,1.51
ks,2023-10-21,1.53
ky,2023-10-21,1.73
la,2023-10-21,0.98
ma,2023-10-21,1.6
md,2023-10-21,1.48
me,2023-10-21,1.57
mi,2023-10-21,1.43
mn,2023-10-21,1.93
ms,2023-10-21,1.12
mt,2023-10-21,2.55
nc,2023-10-21,1.56
nd,2023-10-21,1.65
ne,2023-10-21,1.06
nh,2023-10-21,1.47
nj,2023-10-21,1.06
nm,2023-10-21,3.6
nv,2023-10-21,1.66
ny,2023-10-21,1.09
oh,2023-10-21,1.37
ok,2023-10-21,1.43
or,2023-10-21,2.03
pa,2023-10-21,1.21
ri,2023-10-21,1.36
sc,2023-10-21,1.36
sd,2023-10-21,1.37
tn,2023-10-21,1.11
tx,2023-10-21,1.1
ut,2023-10-21,1.94
va,2023-10-21,1.59
vt,2023-10-21,1.8
wa,2023-10-21,1.75
wi,2023-10-21,1.6
wv,2023-10-21,2.33
wy,2023-10-21,2.28
ak,2023-10-28,1.29
al,2023-10-28,1.13
ar,2023-10-28,0.94
az,2023-10-28,2.52
ca,2023-10-28,1.08
co,2023-10-28,2.36
ct,2023-10-28,1.56
dc,2023-10-28,1.16
de,2023-10-28,1.31
fl,2023-10-28,0.94
ga,2023-10-28,0.67
hi,2023-10-28,2.03
ia,2023-10-28,2
id,2023-10-28,1.68
il,2023-10-28,1.61
in,2023-10-28,1.37
ks,2023-10-28,1.39
ky,2023-10-28,1.88
la,2023-10-28,1.01
ma,2023-10-28,1.37
md,2023-10-28,1.43
me,2023-10-28,1.68
mi,2023-10-28,1.56
mn,2023-10-28,1.9
ms,2023-10-28,1.41
mt,2023-10-28,2.11
nc,2023-10-28,1.6
nd,2023-10-28,1.27
ne,2023-10-28,1.42
nh,2023-10-28,1.38
nj,2023-10-28,0.98
nm,2023-10-28,4.23
nv,2023-10-28,1.72
ny,2023-10-28,1.08
oh,2023-10-28,1.49
ok,2023-10-28,1.6
or,2023-10-28,1.83
pa,2023-10-28,1.25
ri,2023-10-28,1.03
sc,2023-10-28,1.23
sd,2023-10-28,1.84
tn,2023-10-28,1.25
tx,2023-10-28,1.18
ut,2023-10-28,1.93
va,2023-10-28,1.77
vt,2023-10-28,1.79
wa,2023-10-28,1.55
wi,2023-10-28,1.8
wv,2023-10-28,2.52
wy,2023-10-28,2.1
ak,2023-11-04,1.39
al,2023-11-04,1.09
ar,2023-11-04,0.9
az,2023-11-04,2.35
ca,2023-11-04,1.06
co,2023-11-04,2.44
ct,2023-11-04,1.49
dc,2023-11-04,0.92
de,2023-11-04,1.15
fl,2023-11-04,0.82
ga,2023-11-04,0.66
hi,2023-11-04,1.67
ia,2023-11-04,1.73
id,2023-11-04,1.59
il,2023-11-04,1.76
in,2023-11-04,1.42
ks,2023-11-04,1.64
ky,2023-11-04,2.08
la,2023-11-04,0.8
ma,2023-11-04,1.16
md,2023-11-04,1.46
me,2023-11-04,1.59
mi,2023-11-04,1.59
mn,2023-11-04,2
ms,2023-11-04,1.16
mt,2023-11-04,2.27
nc,2023-11-04,1.49
nd,2023-11-04,1.76
ne,2023-11-04,1.32
nh,2023-11-04,1.27
nj,2023-11-04,0.88
nm,2023-11-04,4.9
nv,2023-11-04,1.58
ny,2023-11-04,0.96
oh,2023-11-04,1.59
ok,2023-11-04,1.49
or,2023-11-04,1.94
pa,2023-11-04,1.19
ri,2023-11-04,0.89
sc,2023-11-04,1.38
sd,2023-11-04,2.35
tn,2023-11-04,1.32
tx,2023-11-04,1.07
ut,2023-11-04,2.11
va,2023-11-04,1.6
vt,2023-11-04,1.84
wa,2023-11-04,1.58
wi,2023-11-04,1.68
wv,2023-11-04,2.42
wy,2023-11-04,2.79
ak,2023-11-11,1.03
al,2023-11-11,1.27
ar,2023-11-11,1.29
az,2023-11-11,2.87
ca,2023-11-11,1.25
co,2023-11-11,2.55
ct,2023-11-11,1.63
dc,2023-11-11,1.06
de,2023-11-11,1.12
fl,2023-11-11,0.82
ga,2023-11-11,0.82
hi,2023-11-11,1.9
ia,2023-11-11,2.04
id,2023-11-11,1.82
il,2023-11-11,2.06
in,2023-11-11,1.96
ks,2023-11-11,2.11
ky,2023-11-11,2.41
la,2023-11-11,1.05
ma,2023-11-11,1.28
md,2023-11-11,1.63
me,2023-11-11,1.92
mi,2023-11-11,1.83
mn,2023-11-11,2.5
ms,2023-11-11,1.44
mt,2023-11-11,2.91
nc,2023-11-11,1.53
nd,2023-11-11,2.12
ne,2023-11-11,1.71
nh,2023-11-11,1.47
nj,2023-11-11,1.06
nm,2023-11-11,5.19
nv,2023-11-11,1.66
ny,2023-11-11,1.02
oh,2023-11-11,1.8
ok,2023-11-11,2.07
or,2023-11-11,1.65
pa,2023-11-11,1.38
ri,2023-11-11,1.03
sc,2023-11-11,1.57
sd,2023-11-11,2.56
tn,2023-11-11,1.42
tx,2023-11-11,1.29
ut,2023-11-11,2.09
va,2023-11-11,1.83
vt,2023-11-11,2.13
wa,2023-11-11,1.41
wi,2023-11-11,2.1
wv,2023-11-11,2.83
wy,2023-11-11,2.63
ak,2023-11-18,0.92
al,2023-11-18,1.24
ar,2023-11-18,1.16
az,2023-11-18,2.95
ca,2023-11-18,1.38
co,2023-11-18,2.59
ct,2023-11-18,1.69
dc,2023-11-18,1.05
de,2023-11-18,1.31
fl,2023-11-18,0.81
ga,2023-11-18,0.73
hi,2023-11-18,1.51
ia,2023-11-18,2.64
id,2023-11-18,2.3
il,2023-11-18,2.4
in,2023-11-18,2.32
ks,2023-11-18,2.25
ky,2023-11-18,2.47
la,2023-11-18,1.03
ma,2023-11-18,1.53
md,2023-11-18,1.76
me,2023-11-18,1.92
mi,2023-11-18,2.32
mn,2023-11-18,2.83
ms,2023-11-18,1.37
mt,2023-11-18,2.9
nc,2023-11-18,1.61
nd,2023-11-18,2.47
ne,2023-11-18,1.99
nh,2023-11-18,1.51
nj,2023-11-18,1.06
nm,2023-11-18,4.58
nv,2023-11-18,1.79
ny,2023-11-18,1.15
oh,2023-11-18,2.03
ok,2023-11-18,2.27
or,2023-11-18,1.64
pa,2023-11-18,1.63
ri,2023-11-18,1.3
sc,2023-11-18,1.43
sd,2023-11-18,2.66
tn,2023-11-18,1.54
tx,2023-11-18,1.21
ut,2023-11-18,2.46
va,2023-11-18,1.75
vt,2023-11-18,2.24
wa,2023-11-18,1.41
wi,2023-11-18,2.7
wv,2023-11-18,3.37
wy,2023-11-18,2.94
ak,2023-11-25,1.14
al,2023-11-25,1.33
ar,2023-11-25,1.7
az,2023-11-25,2.69
ca,2023-11-25,1.61
co,2023-11-25,2.75
ct,2023-11-25,2.18
dc,2023-11-25,1.1
de,2023-11-25,1.71
fl,2023-11-25,0.93
ga,2023-11-25,0.75
hi,2023-11-25,1.49
ia,2023-11-25,3.67
id,2023-11-25,2.74
il,2023-11-25,3.2
in,2023-11-25,2.91
ks,2023-11-25,2.52
ky,2023-11-25,3.14
la,2023-11-25,1.15
ma,2023-11-25,1.9
md,2023-11-25,2.05
me,2023-11-25,2.62
mi,2023-11-25,2.83
mn,2023-11-25,2.79
ms,2023-11-25,1.57
mt,2023-11-25,2.79
nc,2023-11-25,1.86
nd,2023-11-25,2.93
ne,2023-11-25,2.09
nh,2023-11-25,1.89
nj,2023-11-25,1.34
nm,2023-11-25,4.49
nv,2023-11-25,1.47
ny,2023-11-25,1.5
oh,2023-11-25,2.44
ok,2023-11-25,2.39
or,2023-11-25,1.64
pa,2023-11-25,1.92
ri,2023-11-25,1.59
sc,2023-11-25,1.54
sd,2023-11-25,2.9
tn,2023-11-25,1.89
tx,2023-11-25,1.29
ut,2023-11-25,2.78
va,2023-11-25,2.26
vt,2023-11-25,3.13
wa,2023-11-25,1.58
wi,2023-11-25,3.28
wv,2023-11-25,4.09
wy,2023-11-25,3.11
ak,2023-12-02,1.29
al,2023-12-02,1.46
ar,2023-12-02,1.68
az,2023-12-02,2.47
ca,2023-12-02,1.64
co,2023-12-02,2.6
ct,2023-12-02,2.45
dc,2023-12-02,1.26
de,2023-12-02,2.22
fl,2023-12-02,1.04
ga,2023-12-02,0.81
hi,2023-12-02,1.14
ia,2023-12-02,4.06
id,2023-12-02,2.92
il,2023-12-02,3.44
in,2023-12-02,3.51
ks,2023-12-02,2.63
ky,2023-12-02,3.04
la,2023-12-02,1.26
ma,2023-12-02,2.34
md,2023-12-02,2.13
me,2023-12-02,2.85
mi,2023-12-02,3.3
mn,2023-12-02,3.53
ms,2023-12-02,1.67
mt,2023-12-02,2.85
nc,2023-12-02,1.98
nd,2023-12-02,3.42
ne,2023-12-02,2.44
nh,2023-12-02,2.06
nj,2023-12-02,1.64
nm,2023-12-02,3.64
nv,2023-12-02,1.66
ny,2023-12-02,1.75
oh,2023-12-02,2.97
ok,2023-12-02,2.41
or,2023-12-02,2.02
pa,2023-12-02,2.23
ri,2023-12-02,1.74
sc,2023-12-02,1.62
sd,2023-12-02,2.88
tn,2023-12-02,1.84
tx,2023-12-02,1.42
ut,2023-12-02,2.98
va,2023-12-02,2.51
vt,2023-12-02,2.95
wa,2023-12-02,1.8
wi,2023-12-02,3.51
wv,2023-12-02,4.16
wy,2023-12-02,3.18
ak,2023-12-09,1.25
al,2023-12-09,1.68
ar,2023-12-09,1.86
az,2023-12-09,2.17
ca,2023-12-09,1.81
co,2023-12-09,2.3
ct,2023-12-09,2.33
dc,2023-12-09,1.51
de,2023-12-09,2.23
fl,2023-12-09,1.2
ga,2023-12-09,0.91
hi,2023-12-09,1.46
ia,2023-12-09,4.76
id,2023-12-09,2.66
il,2023-12-09,3.42
in,2023-12-09,3.35
ks,2023-12-09,2.72
ky,2023-12-09,2.96
la,2023-12-09,1.34
ma,2023-12-09,2.48
md,2023-12-09,2.21
me,2023-12-09,3.11
mi,2023-12-09,3.19
mn,2023-12-09,3.85
ms,2023-12-09,1.69
mt,2023-12-09,2.71
nc,2023-12-09,2.13
nd,2023-12-09,3.1
ne,2023-12-09,2.85
nh,2023-12-09,2.88
nj,2023-12-09,1.81
nm,2023-12-09,3.05
nv,2023-12-09,1.54
ny,2023-12-09,1.82
oh,2023-12-09,3.04
ok,2023-12-09,2.72
or,2023-12-09,1.8
pa,2023-12-09,2.19
ri,2023-12-09,1.87
sc,2023-12-09,1.66
sd,2023-12-09,2.92
tn,2023-12-09,1.92
tx,2023-12-09,1.54
ut,2023-12-09,2.88
va,2023-12-09,2.64
vt,2023-12-09,3.15
wa,2023-12-09,1.78
wi,2023-12-09,3.34
wv,2023-12-09,4.06
wy,2023-12-09,3.11
ak,2023-12-16,1.52
al,2023-12-16,2.12
ar,2023-12-16,2.3
az,2023-12-16,2.36
ca,2023-12-16,2.05
co,2023-12-16,2.02
ct,2023-12-16,3.05
dc,2023-12-16,1.8
de,2023-12-16,2.44
fl,2023-12-16,1.55
ga,2023-12-16,1.11
hi,2023-12-16,1.23
ia,2023-12-16,4.98
id,2023-12-16,2.6
il,2023-12-16,3.49
in,2023-12-16,3.57
ks,2023-12-16,2.86
ky,2023-12-16,2.99
la,2023-12-16,1.56
ma,2023-12-16,2.96
md,2023-12-16,2.11
me,2023-12-16,3.39
mi,2023-12-16,3.71
mn,2023-12-16,4.27
ms,2023-12-16,2.1
mt,2023-12-16,2.87
nc,2023-12-16,2.35
nd,2023-12-16,2.82
ne,2023-12-16,2.91
nh,2023-12-16,2.97
nj,2023-12-16,2.46
nm,2023-12-16,3.07
nv,2023-12-16,1.58
ny,2023-12-16,2.22
oh,2023-12-16,3.3
ok,2023-12-16,2.96
or,2023-12-16,1.61
pa,2023-12-16,2.53
ri,2023-12-16,2.81
sc,2023-12-16,1.92
sd,2023-12-16,3.17
tn,2023-12-16,2
tx,2023-12-16,1.72
ut,2023-12-16,2.95
va,2023-12-16,2.94
vt,2023-12-16,2.87
wa,2023-12-16,1.89
wi,2023-12-16,3.53
wv,2023-12-16,4.07
wy,2023-12-16,2.61
ak,2023-12-23,2.43
al,2023-12-23,2.72
ar,2023-12-23,2.38
az,2023-12-23,2.71
ca,2023-12-23,2.52
co,2023-12-23,1.98
ct,2023-12-23,3.8
dc,2023-12-23,2.25
de,2023-12-23,3.17
fl,2023-12-23,1.83
ga,2023-12-23,1.66
hi,2023-12-23,1.69
ia,2023-12-23,5.44
id,2023-12-23,2.77
il,2023-12-23,3.98
in,2023-12-23,3.93
ks,2023-12-23,3.08
ky,2023-12-23,3.36
la,2023-12-23,2.18
ma,2023-12-23,3.69
md,2023-12-23,2.97
me,2023-12-23,3.68
mi,2023-12-23,4.03
mn,2023-12-23,4.5
ms,2023-12-23,2.51
mt,2023-12-23,2.74
nc,2023-12-23,2.92
nd,2023-12-23,3.04
ne,2023-12-23,3.2
nh,2023-12-23,3.33
nj,2023-12-23,3.16
nm,2023-12-23,2.71
nv,2023-12-23,1.96
ny,2023-12-23,2.75
oh,2023-12-23,3.74
ok,2023-12-23,2.91
or,2023-12-23,2.12
pa,2023-12-23,3.01
ri,2023-12-23,3.21
sc,2023-12-23,2.69
sd,2023-12-23,3.62
tn,2023-12-23,2.51
tx,2023-12-23,2.25
ut,2023-12-23,3.14
va,2023-12-23,3.84
vt,2023-12-23,3.35
wa,2023-12-23,2.23
wi,2023-12-23,3.64
wv,2023-12-23,5.27
wy,2023-12-23,3.24
ak,2023-12-30,3.39
al,2023-12-30,3.62
ar,2023-12-30,3.07
az,2023-12-30,3.02
ca,2023-12-30,2.85
co,2023-12-30,2.38
ct,2023-12-30,4.89
dc,2023-12-30,2.78
de,2023-12-30,4.29
fl,2023-12-30,2.51
ga,2023-12-30,2.21
hi,2023-12-30,2.07
ia,2023-12-30,5.67
id,2023-12-30,3.51
il,2023-12-30,4.35
in,2023-12-30,4.18
ks,2023-12-30,3.61
ky,2023-12-30,4
la,2023-12-30,2.65
ma,2023-12-30,4.41
md,2023-12-30,3.78
me,2023-12-30,4.97
mi,2023-12-30,4.79
mn,2023-12-30,4.55
ms,2023-12-30,3.01
mt,2023-12-30,3.01
nc,2023-12-30,3.78
nd,2023-12-30,2.8
ne,2023-12-30,3.23
nh,2023-12-30,4.25
nj,2023-12-30,4.19
nm,2023-12-30,2.66
nv,2023-12-30,2.15
ny,2023-12-30,3.71
oh,2023-12-30,4.36
ok,2023-12-30,3.43
or,2023-12-30,3.02
pa,2023-12-30,3.71
ri,2023-12-30,3.99
sc,2023-12-30,3.22
sd,2023-12-30,3.61
tn,2023-12-30,3.05
tx,2023-12-30,2.57
ut,2023-12-30,3.58
va,2023-12-30,4.77
vt,2023-12-30,4.15
wa,2023-12-30,2.77
wi,2023-12-30,4.16
wv,2023-12-30,6.01
wy,2023-12-30,4.74
ak,2024-01-06,4.25
al,2024-01-06,3.11
ar,2024-01-06,2.78
az,2024-01-06,2.79
ca,2024-01-06,2.65
co,2024-01-06,2.16
ct,2024-01-06,4.59
dc,2024-01-06,2.78
de,2024-01-06,3.97
fl,2024-01-06,2.84
ga,2024-01-06,1.9
hi,2024-01-06,2.65
ia,2024-01-06,4.37
id,2024-01-06,3.25
il,2024-01-06,3.66
in,2024-01-06,3.51
ks,2024-01-06,2.84
ky,2024-01-06,3.38
la,2024-01-06,2.88
ma,2024-01-06,4.16
md,2024-01-06,3.33
me,2024-01-06,4.08
mi,2024-01-06,4.01
mn,2024-01-06,3.51
ms,2024-01-06,2.79
mt,2024-01-06,3.09
nc,2024-01-06,3.48
nd,2024-01-06,2.36
ne,2024-01-06,2.66
nh,2024-01-06,3.43
nj,2024-01-06,3.74
nm,2024-01-06,2.54
nv,2024-01-06,2.06
ny,2024-01-06,3.46
oh,2024-01-06,3.41
ok,2024-01-06,2.61
or,2024-01-06,2.88
pa,2024-01-06,3.28
ri,2024-01-06,3.63
sc,2024-01-06,3.23
sd,2024-01-06,3.14
tn,2024-01-06,2.81
tx,2024-01-06,2.67
ut,2024-01-06,3.15
va,2024-01-06,4.18
vt,2024-01-06,4.12
wa,2024-01-06,2.83
wi,2024-01-06,3.57
wv,2024-01-06,4.72
wy,2024-01-06,3.2
ak,2024-01-13,3.86
al,2024-01-13,2.73
ar,2024-01-13,2.3
az,2024-01-13,2.29
ca,2024-01-13,2.15
co,2024-01-13,1.76
ct,2024-01-13,3.55
dc,2024-01-13,2.79
de,2024-01-13,3.49
fl,2024-01-13,2.71
ga,2024-01-13,1.84
hi,2024-01-13,2.57
ia,2024-01-13,3.28
id,2024-01-13,2.46
il,2024-01-13,3
in,2024-01-13,2.55
ks,2024-01-13,2.31
ky,2024-01-13,2.71
la,2024-01-13,2.78
ma,2024-01-13,3.39
md,2024-01-13,2.96
me,2024-01-13,3.17
mi,2024-01-13,3.08
mn,2024-01-13,3.2
ms,2024-01-13,2.74
mt,2024-01-13,2.27
nc,2024-01-13,3.18
nd,2024-01-13,1.94
ne,2024-01-13,2.11
nh,2024-01-13,3.62
nj,2024-01-13,3.24
nm,2024-01-13,1.84
nv,2024-01-13,1.63
ny,2024-01-13,2.91
oh,2024-01-13,2.57
ok,2024-01-13,1.76
or,2024-01-13,2.53
pa,2024-01-13,2.58
ri,2024-01-13,3.02
sc,2024-01-13,2.98
sd,2024-01-13,2.82
tn,2024-01-13,2.24
tx,2024-01-13,2.4
ut,2024-01-13,2.5
va,2024-01-13,3.26
vt,2024-01-13,2.93
wa,2024-01-13,2.72
wi,2024-01-13,3.03
wv,2024-01-13,3.35
wy,2024-01-13,2.46
ak,2024-01-20,3.8
al,2024-01-20,2.66
ar,2024-01-20,1.95
az,2024-01-20,2.18
ca,2024-01-20,1.99
co,2024-01-20,1.61
ct,2024-01-20,2.87
dc,2024-01-20,2.64
de,2024-01-20,2.55
fl,2024-01-20,2.59
ga,2024-01-20,2.02
hi,2024-01-20,2.44
ia,2024-01-20,2.23
id,2024-01-20,1.88
il,2024-01-20,2.28
in,2024-01-20,2.04
ks,2024-01-20,1.88
ky,2024-01-20,2.33
la,2024-01-20,2.81
ma,2024-01-20,2.88
md,2024-01-20,2.5
me,2024-01-20,2.32
mi,2024-01-20,2.3
mn,2024-01-20,2.57
ms,2024-01-20,2.62
mt,2024-01-20,1.82
nc,2024-01-20,2.86
nd,2024-01-20,1.77
ne,2024-01-20,1.61
nh,2024-01-20,2.15
nj,2024-01-20,2.78
nm,2024-01-20,1.68
nv,2024-01-20,1.36
ny,2024-01-20,2.27
oh,2024-01-20,2
ok,2024-01-20,1.94
or,2024-01-20,1.89
pa,2024-01-20,2.05
ri,2024-01-20,2.46
sc,2024-01-20,2.79
sd,2024-01-20,1.84
tn,2024-01-20,2
tx,2024-01-20,2.44
ut,2024-01-20,1.9
va,2024-01-20,2.62
vt,2024-01-20,2.54
wa,2024-01-20,2.35
wi,2024-01-20,2.14
wv,2024-01-20,2.71
wy,2024-01-20,2.06
ak,2024-01-27,3.98
al,2024-01-27,2.65
ar,2024-01-27,1.85
az,2024-01-27,2
ca,2024-01-27,1.63
co,2024-01-27,1.32
ct,2024-01-27,2.57
dc,2024-01-27,1.91
de,2024-01-27,1.98
fl,2024-01-27,2.57
ga,2024-01-27,2.11
hi,2024-01-27,2.61
ia,2024-01-27,1.73
id,2024-01-27,1.53
il,2024-01-27,1.77
in,2024-01-27,1.54
ks,2024-01-27,1.54
ky,2024-01-27,2.05
la,2024-01-27,2.59
ma,2024-01-27,2.4
md,2024-01-27,1.91
me,2024-01-27,2.14
mi,2024-01-27,1.92
mn,2024-01-27,2.23
ms,2024-01-27,2.44
mt,2024-01-27,1.53
nc,2024-01-27,3.07
nd,2024-01-27,1.38
ne,2024-01-27,1.15
nh,2024-01-27,1.89
nj,2024-01-27,2.21
nm,2024-01-27,1.89
nv,2024-01-27,1.21
ny,2024-01-27,1.93
oh,2024-01-27,1.68
ok,2024-01-27,1.74
or,2024-01-27,1.58
pa,2024-01-27,1.75
ri,2024-01-27,2.23
sc,2024-01-27,3.11
sd,2024-01-27,1.88
tn,2024-01-27,1.48
tx,2024-01-27,2.72
ut,2024-01-27,1.67
va,2024-01-27,2.43
vt,2024-01-27,2.12
wa,2024-01-27,2.54
wi,2024-01-27,2.05
wv,2024-01-27,1.78
wy,2024-01-27,1.73
ak,2024-02-03,3.94
al,2024-02-03,2.52
ar,2024-02-03,1.74
az,2024-02-03,1.82
ca,2024-02-03,1.51
co,2024-02-03,1.42
ct,2024-02-03,2.21
dc,2024-02-03,1.7
de,2024-02-03,2.09
fl,2024-02-03,2.35
ga,2024-02-03,2.11
hi,2024-02-03,2.47
ia,2024-02-03,1.4
id,2024-02-03,1.51
il,2024-02-03,1.72
in,2024-02-03,1.52
ks,2024-02-03,1.57
ky,2024-02-03,2.06
la,2024-02-03,2.83
ma,2024-02-03,1.95
md,2024-02-03,1.63
me,2024-02-03,1.77
mi,2024-02-03,1.87
mn,2024-02-03,2.01
ms,2024-02-03,2.46
mt,2024-02-03,1.28
nc,2024-02-03,2.99
nd,2024-02-03,1.42
ne,2024-02-03,1.24
nh,2024-02-03,2.03
nj,2024-02-03,2.01
nm,2024-02-03,1.83
nv,2024-02-03,0.99
ny,2024-02-03,1.59
oh,2024-02-03,1.58
ok,2024-02-03,1.8
or,2024-02-03,1.64
pa,2024-02-03,1.58
ri,2024-02-03,1.71
sc,2024-02-03,3.1
sd,2024-02-03,1.75
tn,2024-02-03,1.38
tx,2024-02-03,2.72
ut,2024-02-03,1.55
va,2024-02-03,2.19
vt,2024-02-03,2.45
wa,2024-02-03,2.25
wi,2024-02-03,1.74
wv,2024-02-03,1.61
wy,2024-02-03,1.32
ak,2024-02-10,3.37
al,2024-02-10,2.73
ar,2024-02-10,1.87
az,2024-02-10,1.52
ca,2024-02-10,1.23
co,2024-02-10,1.15
ct,2024-02-10,1.97
dc,2024-02-10,1.45
de,2024-02-10,1.91
fl,2024-02-10,2.3
ga,2024-02-10,2.01
hi,2024-02-10,2.03
ia,2024-02-10,1.46
id,2024-02-10,1.27
il,2024-02-10,1.91
in,2024-02-10,1.64
ks,2024-02-10,1.6
ky,2024-02-10,2.28
la,2024-02-10,2.95
ma,2024-02-10,1.85
md,2024-02-10,1.96
me,2024-02-10,1.67
mi,2024-02-10,2
mn,2024-02-10,1.87
ms,2024-02-10,2.77
mt,2024-02-10,1.26
nc,2024-02-10,3.09
nd,2024-02-10,1.51
ne,2024-02-10,1.4
nh,2024-02-10,1.27
nj,2024-02-10,1.7
nm,2024-02-10,1.95
nv,2024-02-10,0.81
ny,2024-02-10,1.5
oh,2024-02-10,1.53
ok,2024-02-10,1.85
or,2024-02-10,1.61
pa,2024-02-10,1.51
ri,2024-02-10,1.44
sc,2024-02-10,3.23
sd,2024-02-10,1.76
tn,2024-02-10,1.95
tx,2024-02-10,2.56
ut,2024-02-10,1.24
va,2024-02-10,2.21
vt,2024-02-10,1.71
wa,2024-02-10,2.2
wi,2024-02-10,1.95
wv,2024-02-10,1.5
wy,2024-02-10,1.32
ak,2024-02-17,2.7
al,2024-02-17,2.71
ar,2024-02-17,2.04
az,2024-02-17,1.29
ca,2024-02-17,1.14
co,2024-02-17,1.02
ct,2024-02-17,1.76
dc,2024-02-17,1.73
de,2024-02-17,2.14
fl,2024-02-17,1.98
ga,2024-02-17,1.97
hi,2024-02-17,1.6
ia,2024-02-17,1.48
id,2024-02-17,1.07
il,2024-02-17,1.82
in,2024-02-17,1.48
ks,2024-02-17,1.55
ky,2024-02-17,2.24
la,2024-02-17,2.83
ma,2024-02-17,1.5
md,2024-02-17,1.95
me,2024-02-17,1.58
mi,2024-02-17,1.94
mn,2024-02-17,1.4
ms,2024-02-17,2.7
mt,2024-02-17,1.3
nc,2024-02-17,2.84
nd,2024-02-17,1.03
ne,2024-02-17,1.07
nh,2024-02-17,1.31
nj,2024-02-17,1.48
nm,2024-02-17,2.03
nv,2024-02-17,0.73
ny,2024-02-17,1.26
oh,2024-02-17,1.5
ok,2024-02-17,1.51
or,2024-02-17,1.63
pa,2024-02-17,1.41
ri,2024-02-17,1
sc,2024-02-17,2.95
sd,2024-02-17,1.57
tn,2024-02-17,2.3
tx,2024-02-17,2.06
ut,2024-02-17,1.22
va,2024-02-17,2.17
vt,2024-02-17,1.74
wa,2024-02-17,1.9
wi,2024-02-17,1.77
wv,2024-02-17,1.47
wy,2024-02-17,1.58
ak,2024-02-24,1.99
al,2024-02-24,2.71
ar,2024-02-24,1.99
az,2024-02-24,1.22
ca,2024-02-24,0.91
co,2024-02-24,0.99
ct,2024-02-24,1.47
dc,2024-02-24,1.5
de,2024-02-24,1.68
fl,2024-02-24,1.65
ga,2024-02-24,1.72
hi,2024-02-24,1.95
ia,2024-02-24,1.41
id,2024-02-24,1.22
il,2024-02-24,1.72
in,2024-02-24,1.52
ks,2024-02-24,1.53
ky,2024-02-24,2.13
la,2024-02-24,2.52
ma,2024-02-24,1.27
md,2024-02-24,1.49
me,2024-02-24,1.47
mi,2024-02-24,1.81
mn,2024-02-24,1.2
ms,2024-02-24,2.71
mt,2024-02-24,1.32
nc,2024-02-24,2.61
nd,2024-02-24,1.38
ne,2024-02-24,1.16
nh,2024-02-24,0.95
nj,2024-02-24,1.23
nm,2024-02-24,1.96
nv,2024-02-24,0.77
ny,2024-02-24,1.07
oh,2024-02-24,1.33
ok,2024-02-24,1.39
or,2024-02-24,1.63
pa,2024-02-24,1.19
ri,2024-02-24,0.98
sc,2024-02-24,2.63
sd,2024-02-24,1.13
tn,2024-02-24,2.34
tx,2024-02-24,1.68
ut,2024-02-24,1.3
va,2024-02-24,1.88
vt,2024-02-24,1.38
wa,2024-02-24,1.86
wi,2024-02-24,1.45
wv,2024-02-24,1.61
wy,2024-02-24,1.14
ak,2024-03-02,1.3
al,2024-03-02,2.24
ar,2024-03-02,1.53
az,2024-03-02,0.96
ca,2024-03-02,0.73
co,2024-03-02,0.86
ct,2024-03-02,1.16
dc,2024-03-02,1.1
de,2024-03-02,1.34
fl,2024-03-02,1.35
ga,2024-03-02,1.31
hi,2024-03-02,1.56
ia,2024-03-02,1.11
id,2024-03-02,1.05
il,2024-03-02,1.56
in,2024-03-02,1.27
ks,2024-03-02,1.23
ky,2024-03-02,1.93
la,2024-03-02,1.94
ma,2024-03-02,1.06
md,2024-03-02,1.28
me,2024-03-02,1.32
mi,2024-03-02,1.52
mn,2024-03-02,1.12
ms,2024-03-02,2.14
mt,2024-03-02,1.16
nc,2024-03-02,2.19
nd,2024-03-02,0.82
ne,2024-03-02,0.83
nh,2024-03-02,0.83
nj,2024-03-02,1.08
nm,2024-03-02,1.46
nv,2024-03-02,0.68
ny,2024-03-02,0.81
oh,2024-03-02,1.11
ok,2024-03-02,1.14
or,2024-03-02,1.35
pa,2024-03-02,1.02
ri,2024-03-02,0.69
sc,2024-03-02,2.09
sd,2024-03-02,0.84
tn,2024-03-02,2.14
tx,2024-03-02,1.28
ut,2024-03-02,0.94
va,2024-03-02,1.6
vt,2024-03-02,0.94
wa,2024-03-02,1.6
wi,2024-03-02,1.23
wv,2024-03-02,1.57
wy,2024-03-02,0.96
ak,2024-03-09,1.26
al,2024-03-09,1.59
ar,2024-03-09,1.31
az,2024-03-09,0.77
ca,2024-03-09,0.55
co,2024-03-09,0.7
ct,2024-03-09,0.94
dc,2024-03-09,0.86
de,2024-03-09,1.07
fl,2024-03-09,1.05
ga,2024-03-09,1.02
hi,2024-03-09,1.14
ia,2024-03-09,0.93
id,2024-03-09,0.68
il,2024-03-09,1.17
in,2024-03-09,1.04
ks,2024-03-09,1.01
ky,2024-03-09,1.6
la,2024-03-09,1.58
ma,2024-03-09,0.84
md,2024-03-09,1.08
me,2024-03-09,1.07
mi,2024-03-09,1.24
mn,2024-03-09,0.96
ms,2024-03-09,1.5
mt,2024-03-09,1.3
nc,2024-03-09,1.58
nd,2024-03-09,0.88
ne,2024-03-09,0.83
nh,2024-03-09,0.84
nj,2024-03-09,0.77
nm,2024-03-09,1.32
nv,2024-03-09,0.47
ny,2024-03-09,0.63
oh,2024-03-09,0.89
ok,2024-03-09,0.97
or,2024-03-09,1.12
pa,2024-03-09,0.79
ri,2024-03-09,0.6
sc,2024-03-09,1.6
sd,2024-03-09,0.74
tn,2024-03-09,1.58
tx,2024-03-09,0.98
ut,2024-03-09,0.91
va,2024-03-09,1.22
vt,2024-03-09,1.03
wa,2024-03-09,1.32
wi,2024-03-09,1.03
wv,2024-03-09,1.29
wy,2024-03-09,0.67
ak,2024-03-16,0.8
al,2024-03-16,1.24
ar,2024-03-16,1.09
az,2024-03-16,0.76
ca,2024-03-16,0.5
co,2024-03-16,0.65
ct,2024-03-16,0.7
dc,2024-03-16,0.69
de,2024-03-16,0.78
fl,2024-03-16,0.81
ga,2024-03-16,0.76
hi,2024-03-16,0.69
ia,2024-03-16,0.64
id,2024-03-16,0.74
il,2024-03-16,0.94
in,2024-03-16,0.8
ks,2024-03-16,0.82
ky,2024-03-16,1.12
la,2024-03-16,1.18
ma,2024-03-16,0.64
md,2024-03-16,0.76
me,2024-03-16,0.87
mi,2024-03-16,0.88
mn,2024-03-16,0.67
ms,2024-03-16,1.05
mt,2024-03-16,0.79
nc,2024-03-16,1.16
nd,2024-03-16,0.94
ne,2024-03-16,0.63
nh,2024-03-16,0.57
nj,2024-03-16,0.67
nm,2024-03-16,1.18
nv,2024-03-16,0.42
ny,2024-03-16,0.52
oh,2024-03-16,0.68
ok,2024-03-16,0.83
or,2024-03-16,1.03
pa,2024-03-16,0.59
ri,2024-03-16,0.46
sc,2024-03-16,1.17
sd,2024-03-16,0.6
tn,2024-03-16,1.23
tx,2024-03-16,0.76
ut,2024-03-16,0.7
va,2024-03-16,0.94
vt,2024-03-16,0.54
wa,2024-03-16,1.12
wi,2024-03-16,0.77
wv,2024-03-16,0.84
wy,2024-03-16,0.69
ak,2024-03-23,0.53
al,2024-03-23,0.91
ar,2024-03-23,0.9
az,2024-03-23,0.62
ca,2024-03-23,0.43
co,2024-03-23,0.52
ct,2024-03-23,0.6
dc,2024-03-23,0.61
de,2024-03-23,0.72
fl,2024-03-23,0.71
ga,2024-03-23,0.55
hi,2024-03-23,0.77
ia,2024-03-23,0.6
id,2024-03-23,0.65
il,2024-03-23,0.67
in,2024-03-23,0.63
ks,2024-03-23,0.55
ky,2024-03-23,1
la,2024-03-23,0.89
ma,2024-03-23,0.56
md,2024-03-23,0.65
me,2024-03-23,0.73
mi,2024-03-23,0.73
mn,2024-03-23,0.64
ms,2024-03-23,0.77
mt,2024-03-23,0.77
nc,2024-03-23,0.93
nd,2024-03-23,0.44
ne,2024-03-23,0.45
nh,2024-03-23,0.5
nj,2024-03-23,0.5
nm,2024-03-23,1.15
nv,2024-03-23,0.38
ny,2024-03-23,0.5
oh,2024-03-23,0.55
ok,2024-03-23,0.68
or,2024-03-23,0.8
pa,2024-03-23,0.53
ri,2024-03-23,0.38
sc,2024-03-23,0.81
sd,2024-03-23,0.46
tn,2024-03-23,0.87
tx,2024-03-23,0.65
ut,2024-03-23,0.77
va,2024-03-23,0.7
vt,2024-03-23,0.51
wa,2024-03-23,0.9
wi,2024-03-23,0.65
wv,2024-03-23,0.88
wy,2024-03-23,0.88
ak,2024-03-30,0.45
al,2024-03-30,0.73
ar,2024-03-30,0.58
az,2024-03-30,0.56
ca,2024-03-30,0.4
co,2024-03-30,0.47
ct,2024-03-30,0.56
dc,2024-03-30,0.67
de,2024-03-30,0.55
fl,2024-03-30,0.64
ga,2024-03-30,0.65
hi,2024-03-30,0.61
ia,2024-03-30,0.45
id,2024-03-30,0.47
il,2024-03-30,0.76
in,2024-03-30,0.62
ks,2024-03-30,0.49
ky,2024-03-30,0.84
la,2024-03-30,0.71
ma,2024-03-30,0.59
md,2024-03-30,0.59
me,2024-03-30,0.52
mi,2024-03-30,0.67
mn,2024-03-30,0.54
ms,2024-03-30,0.68
mt,2024-03-30,0.52
nc,2024-03-30,0.79
nd,2024-03-30,0.53
ne,2024-03-30,0.35
nh,2024-03-30,0.52
nj,2024-03-30,0.52
nm,2024-03-30,1.01
nv,2024-03-30,0.32
ny,2024-03-30,0.44
oh,2024-03-30,0.6
ok,2024-03-30,0.52
or,2024-03-30,0.67
pa,2024-03-30,0.45
ri,2024-03-30,0.44
sc,2024-03-30,0.81
sd,2024-03-30,0.43
tn,2024-03-30,0.79
tx,2024-03-30,0.53
ut,2024-03-30,0.63
va,2024-03-30,0.66
vt,2024-03-30,0.22
wa,2024-03-30,0.78
wi,2024-03-30,0.56
wv,2024-03-30,0.64
wy,2024-03-30,0.39
ak,2024-04-06,0.32
al,2024-04-06,0.56
ar,2024-04-06,0.54
az,2024-04-06,0.52
ca,2024-04-06,0.37
co,2024-04-06,0.43
ct,2024-04-06,0.48
dc,2024-04-06,0.42
de,2024-04-06,0.44
fl,2024-04-06,0.56
ga,2024-04-06,0.56
hi,2024-04-06,0.47
ia,2024-04-06,0.47
id,2024-04-06,0.44
il,2024-04-06,0.64
in,2024-04-06,0.54
ks,2024-04-06,0.53
ky,2024-04-06,0.78
la,2024-04-06,0.49
ma,2024-04-06,0.51
md,2024-04-06,0.5
me,2024-04-06,0.56
mi,2024-04-06,0.59
mn,2024-04-06,0.57
ms,2024-04-06,0.59
mt,2024-04-06,0.49
nc,2024-04-06,0.84
nd,2024-04-06,0.45
ne,2024-04-06,0.24
nh,2024-04-06,0.5
nj,2024-04-06,0.48
nm,2024-04-06,0.99
nv,2024-04-06,0.36
ny,2024-04-06,0.44
oh,2024-04-06,0.53
ok,2024-04-06,0.41
or,2024-04-06,0.65
pa,2024-04-06,0.45
ri,2024-04-06,0.43
sc,2024-04-06,0.61
sd,2024-04-06,0.37
tn,2024-04-06,0.63
tx,2024-04-06,0.48
ut,2024-04-06,0.54
va,2024-04-06,0.57
vt,2024-04-06,0.48
wa,2024-04-06,0.62
wi,2024-04-06,0.54
wv,2024-04-06,0.61
wy,2024-04-06,0.33
ak,2024-04-13,0.26
al,2024-04-13,0.55
ar,2024-04-13,0.43
az,2024-04-13,0.55
ca,2024-04-13,0.32
co,2024-04-13,0.34
ct,2024-04-13,0.44
dc,2024-04-13,0.44
de,2024-04-13,0.47
fl,2024-04-13,0.46
ga,2024-04-13,0.4
hi,2024-04-13,0.63
ia,2024-04-13,0.41
id,2024-04-13,0.44
il,2024-04-13,0.53
in,2024-04-13,0.4
ks,2024-04-13,0.34
ky,2024-04-13,0.59
la,2024-04-13,0.43
ma,2024-04-13,0.46
md,2024-04-13,0.53
me,2024-04-13,0.43
mi,2024-04-13,0.47
mn,2024-04-13,0.53
ms,2024-04-13,0.58
mt,2024-04-13,0.53
nc,2024-04-13,0.63
nd,2024-04-13,0.38
ne,2024-04-13,0.26
nh,2024-04-13,0.39
nj,2024-04-13,0.4
nm,2024-04-13,0.66
nv,2024-04-13,0.27
ny,2024-04-13,0.39
oh,2024-04-13,0.41
ok,2024-04-13,0.35
or,2024-04-13,0.51
pa,2024-04-13,0.31
ri,2024-04-13,0.29
sc,2024-04-13,0.51
sd,2024-04-13,0.28
tn,2024-04-13,0.51
tx,2024-04-13,0.41
ut,2024-04-13,0.46
va,2024-04-13,0.52
vt,2024-04-13,0.28
wa,2024-04-13,0.58
wi,2024-04-13,0.52
wv,2024-04-13,0.55
wy,2024-04-13,0.13
ak,2024-04-20,0.21
al,2024-04-20,0.36
ar,2024-04-20,0.4
az,2024-04-20,0.46
ca,2024-04-20,0.32
co,2024-04-20,0.38
ct,2024-04-20,0.37
dc,2024-04-20,0.25
de,2024-04-20,0.32
fl,2024-04-20,0.42
ga,2024-04-20,0.34
hi,2024-04-20,0.65
ia,2024-04-20,0.3
id,2024-04-20,0.32
il,2024-04-20,0.45
in,2024-04-20,0.34
ks,2024-04-20,0.29
ky,2024-04-20,0.4
la,2024-04-20,0.32
ma,2024-04-20,0.47
md,2024-04-20,0.5
me,2024-04-20,0.41
mi,2024-04-20,0.43
mn,2024-04-20,0.46
ms,2024-04-20,0.42
mt,2024-04-20,0.44
nc,2024-04-20,0.5
nd,2024-04-20,0.47
ne,2024-04-20,0.24
nh,2024-04-20,0.37
nj,2024-04-20,0.33
nm,2024-04-20,0.63
nv,2024-04-20,0.29
ny,2024-04-20,0.33
oh,2024-04-20,0.32
ok,2024-04-20,0.31
or,2024-04-20,0.43
pa,2024-04-20,0.28
ri,2024-04-20,0.2
sc,2024-04-20,0.41
sd,2024-04-20,0.21
tn,2024-04-20,0.39
tx,2024-04-20,0.36
ut,2024-04-20,0.46
va,2024-04-20,0.43
vt,2024-04-20,0.22
wa,2024-04-20,0.52
wi,2024-04-20,0.38
wv,2024-04-20,0.44
wy,2024-04-20,0.12
ak,2024-04-27,0.21
al,2024-04-27,0.33
ar,2024-04-27,0.27
az,2024-04-27,0.49
ca,2024-04-27,0.34
co,2024-04-27,0.37
ct,2024-04-27,0.37
dc,2024-04-27,0.33
de,2024-04-27,0.26
fl,2024-04-27,0.43
ga,2024-04-27,0.22
hi,2024-04-27,0.93
ia,2024-04-27,0.26
id,2024-04-27,0.45
il,2024-04-27,0.42
in,2024-04-27,0.25
ks,2024-04-27,0.26
ky,2024-04-27,0.43
la,2024-04-27,0.32
ma,2024-04-27,0.39
md,2024-04-27,0.36
me,2024-04-27,0.37
mi,2024-04-27,0.36
mn,2024-04-27,0.4
ms,2024-04-27,0.39
mt,2024-04-27,0.26
nc,2024-04-27,0.39
nd,2024-04-27,0.33
ne,2024-04-27,0.19
nh,2024-04-27,0.44
nj,2024-04-27,0.35
nm,2024-04-27,0.7
nv,2024-04-27,0.3
ny,2024-04-27,0.32
oh,2024-04-27,0.3
ok,2024-04-27,0.26
or,2024-04-27,0.37
pa,2024-04-27,0.26
ri,2024-04-27,0.22
sc,2024-04-27,0.35
sd,2024-04-27,0.09
tn,2024-04-27,0.28
tx,2024-04-27,0.32
ut,2024-04-27,0.37
va,2024-04-27,0.39
vt,2024-04-27,0.37
wa,2024-04-27,0.49
wi,2024-04-27,0.39
wv,2024-04-27,0.38
wy,2024-04-27,0.36
ak,2024-05-04,0.3
al,2024-05-04,0.35
ar,2024-05-04,0.28
az,2024-05-04,0.58
ca,2024-05-04,0.36
co,2024-05-04,0.41
ct,2024-05-04,0.41
dc,2024-05-04,0.36
de,2024-05-04,0.46
fl,2024-05-04,0.41
ga,2024-05-04,0.18
hi,2024-05-04,1.08
ia,2024-05-04,0.35
id,2024-05-04,0.34
il,2024-05-04,0.36
in,2024-05-04,0.24
ks,2024-05-04,0.21
ky,2024-05-04,0.34
la,2024-05-04,0.24
ma,2024-05-04,0.4
md,2024-05-04,0.36
me,2024-05-04,0.52
mi,2024-05-04,0.37
mn,2024-05-04,0.37
ms,2024-05-04,0.26
mt,2024-05-04,0.42
nc,2024-05-04,0.37
nd,2024-05-04,0.3
ne,2024-05-04,0.12
nh,2024-05-04,0.28
nj,2024-05-04,0.34
nm,2024-05-04,0.58
nv,2024-05-04,0.36
ny,2024-05-04,0.36
oh,2024-05-04,0.25
ok,2024-05-04,0.27
or,2024-05-04,0.46
pa,2024-05-04,0.23
ri,2024-05-04,0.22
sc,2024-05-04,0.25
sd,2024-05-04,0.37
tn,2024-05-04,0.27
tx,2024-05-04,0.29
ut,2024-05-04,0.31
va,2024-05-04,0.34
vt,2024-05-04,0.41
wa,2024-05-04,0.54
wi,2024-05-04,0.4
wv,2024-05-04,0.37
wy,2024-05-04,0.24
ak,2024-05-11,0.29
al,2024-05-11,0.26
ar,2024-05-11,0.23
az,2024-05-11,0.56
ca,2024-05-11,0.4
co,2024-05-11,0.47
ct,2024-05-11,0.38
dc,2024-05-11,0.28
de,2024-05-11,0.29
fl,2024-05-11,0.41
ga,2024-05-11,0.16
hi,2024-05-11,1.36
ia,2024-05-11,0.26
id,2024-05-11,0.36
il,2024-05-11,0.4
in,2024-05-11,0.18
ks,2024-05-11,0.18
ky,2024-05-11,0.37
la,2024-05-11,0.19
ma,2024-05-11,0.44
md,2024-05-11,0.37
me,2024-05-11,0.46
mi,2024-05-11,0.33
mn,2024-05-11,0.49
ms,2024-05-11,0.19
mt,2024-05-11,0.45
nc,2024-05-11,0.31
nd,2024-05-11,0.34
ne,2024-05-11,0.18
nh,2024-05-11,0.43
nj,2024-05-11,0.34
nm,2024-05-11,0.66
nv,2024-05-11,0.38
ny,2024-05-11,0.36
oh,2024-05-11,0.19
ok,2024-05-11,0.19
or,2024-05-11,0.51
pa,2024-05-11,0.23
ri,2024-05-11,0.23
sc,2024-05-11,0.26
sd,2024-05-11,0.13
tn,2024-05-11,0.23
tx,2024-05-11,0.28
ut,2024-05-11,0.43
va,2024-05-11,0.33
vt,2024-05-11,0.4
wa,2024-05-11,0.55
wi,2024-05-11,0.33
wv,2024-05-11,0.35
wy,2024-05-11,0.37
ak,2024-05-18,0.26
al,2024-05-18,0.18
ar,2024-05-18,0.24
az,2024-05-18,0.71
ca,2024-05-18,0.48
co,2024-05-18,0.45
ct,2024-05-18,0.47
dc,2024-05-18,0.35
de,2024-05-18,0.39
fl,2024-05-18,0.52
ga,2024-05-18,0.17
hi,2024-05-18,1.69
ia,2024-05-18,0.22
id,2024-05-18,0.35
il,2024-05-18,0.34
in,2024-05-18,0.15
ks,2024-05-18,0.23
ky,2024-05-18,0.32
la,2024-05-18,0.25
ma,2024-05-18,0.5
md,2024-05-18,0.39
me,2024-05-18,0.58
mi,2024-05-18,0.3
mn,2024-05-18,0.49
ms,2024-05-18,0.24
mt,2024-05-18,0.6
nc,2024-05-18,0.37
nd,2024-05-18,0.28
ne,2024-05-18,0.13
nh,2024-05-18,0.29
nj,2024-05-18,0.44
nm,2024-05-18,0.66
nv,2024-05-18,0.52
ny,2024-05-18,0.42
oh,2024-05-18,0.2
ok,2024-05-18,0.24
or,2024-05-18,0.52
pa,2024-05-18,0.23
ri,2024-05-18,0.19
sc,2024-05-18,0.28
sd,2024-05-18,0.23
tn,2024-05-18,0.22
tx,2024-05-18,0.34
ut,2024-05-18,0.5
va,2024-05-18,0.39
vt,2024-05-18,0.38
wa,2024-05-18,0.61
wi,2024-05-18,0.32
wv,2024-05-18,0.43
wy,2024-05-18,0.39
ak,2024-05-25,0.46
al,2024-05-25,0.27
ar,2024-05-25,0.2
az,2024-05-25,0.86
ca,2024-05-25,0.51
co,2024-05-25,0.47
ct,2024-05-25,0.49
dc,2024-05-25,0.39
de,2024-05-25,0.3
fl,2024-05-25,0.65
ga,2024-05-25,0.2
hi,2024-05-25,2.56
ia,2024-05-25,0.19
id,2024-05-25,0.31
il,2024-05-25,0.37
in,2024-05-25,0.22
ks,2024-05-25,0.18
ky,2024-05-25,0.33
la,2024-05-25,0.32
ma,2024-05-25,0.55
md,2024-05-25,0.39
me,2024-05-25,0.38
mi,2024-05-25,0.23
mn,2024-05-25,0.4
ms,2024-05-25,0.21
mt,2024-05-25,0.52
nc,2024-05-25,0.33
nd,2024-05-25,0.1
ne,2024-05-25,0.21
nh,2024-05-25,0.37
nj,2024-05-25,0.43
nm,2024-05-25,0.94
nv,2024-05-25,0.58
ny,2024-05-25,0.49
oh,2024-05-25,0.22
ok,2024-05-25,0.2
or,2024-05-25,0.61
pa,2024-05-25,0.18
ri,2024-05-25,0.32
sc,2024-05-25,0.36
sd,2024-05-25,0.2
tn,2024-05-25,0.24
tx,2024-05-25,0.39
ut,2024-05-25,0.47
va,2024-05-25,0.39
vt,2024-05-25,0.34
wa,2024-05-25,0.67
wi,2024-05-25,0.27
wv,2024-05-25,0.32
wy,2024-05-25,0.47
ak,2024-06-01,1.1
al,2024-06-01,0.28
ar,2024-06-01,0.31
az,2024-06-01,0.99
ca,2024-06-01,0.68
co,2024-06-01,0.61
ct,2024-06-01,0.65
dc,2024-06-01,0.53
de,2024-06-01,0.34
fl,2024-06-01,0.87
ga,2024-06-01,0.24
hi,2024-06-01,3.83
ia,2024-06-01,0.22
id,2024-06-01,0.61
il,2024-06-01,0.37
in,2024-06-01,0.2
ks,2024-06-01,0.24
ky,2024-06-01,0.35
la,2024-06-01,0.43
ma,2024-06-01,0.48
md,2024-06-01,0.46
me,2024-06-01,0.44
mi,2024-06-01,0.29
mn,2024-06-01,0.4
ms,2024-06-01,0.22
mt,2024-06-01,0.5
nc,2024-06-01,0.37
nd,2024-06-01,0.27
ne,2024-06-01,0.15
nh,2024-06-01,0.41
nj,2024-06-01,0.45
nm,2024-06-01,1.04
nv,2024-06-01,0.71
ny,2024-06-01,0.53
oh,2024-06-01,0.23
ok,2024-06-01,0.16
or,2024-06-01,0.8
pa,2024-06-01,0.24
ri,2024-06-01,0.25
sc,2024-06-01,0.36
sd,2024-06-01,0.34
tn,2024-06-01,0.27
tx,2024-06-01,0.49
ut,2024-06-01,0.66
va,2024-06-01,0.43
vt,2024-06-01,0.3
wa,2024-06-01,0.92
wi,2024-06-01,0.29
wv,2024-06-01,0.22
wy,2024-06-01,0.72
ak,2024-06-08,1.25
al,2024-06-08,0.35
ar,2024-06-08,0.32
az,2024-06-08,1.15
ca,2024-06-08,0.78
co,2024-06-08,0.71
ct,2024-06-08,0.56
dc,2024-06-08,0.5
de,2024-06-08,0.41
fl,2024-06-08,1.06
ga,2024-06-08,0.28
hi,2024-06-08,4.44
ia,2024-06-08,0.31
id,2024-06-08,0.6
il,2024-06-08,0.48
in,2024-06-08,0.26
ks,2024-06-08,0.22
ky,2024-06-08,0.41
la,2024-06-08,0.5
ma,2024-06-08,0.6
md,2024-06-08,0.54
me,2024-06-08,0.46
mi,2024-06-08,0.3
mn,2024-06-08,0.54
ms,2024-06-08,0.26
mt,2024-06-08,0.68
nc,2024-06-08,0.45
nd,2024-06-08,0.23
ne,2024-06-08,0.27
nh,2024-06-08,0.34
nj,2024-06-08,0.58
nm,2024-06-08,1.21
nv,2024-06-08,0.76
ny,2024-06-08,0.58
oh,2024-06-08,0.28
ok,2024-06-08,0.2
or,2024-06-08,0.87
pa,2024-06-08,0.28
ri,2024-06-08,0.47
sc,2024-06-08,0.42
sd,2024-06-08,0.35
tn,2024-06-08,0.31
tx,2024-06-08,0.58
ut,2024-06-08,0.74
va,2024-06-08,0.56
vt,2024-06-08,0.52
wa,2024-06-08,1.09
wi,2024-06-08,0.32
wv,2024-06-08,0.39
wy,2024-06-08,0.83
ak,2024-06-15,1.34
al,2024-06-15,0.5
ar,2024-06-15,0.38
az,2024-06-15,1.39
ca,2024-06-15,0.94
co,2024-06-15,0.71
ct,2024-06-15,0.71
dc,2024-06-15,0.68
de,2024-06-15,0.47
fl,2024-06-15,1.39
ga,2024-06-15,0.26
hi,2024-06-15,4.69
ia,2024-06-15,0.29
id,2024-06-15,0.54
il,2024-06-15,0.52
in,2024-06-15,0.33
ks,2024-06-15,0.29
ky,2024-06-15,0.47
la,2024-06-15,0.61
ma,2024-06-15,0.68
md,2024-06-15,0.61
me,2024-06-15,0.66
mi,2024-06-15,0.35
mn,2024-06-15,0.66
ms,2024-06-15,0.44
mt,2024-06-15,0.77
nc,2024-06-15,0.54
nd,2024-06-15,0.37
ne,2024-06-15,0.18
nh,2024-06-15,0.44
nj,2024-06-15,0.64
nm,2024-06-15,1.4
nv,2024-06-15,0.79
ny,2024-06-15,0.68
oh,2024-06-15,0.34
ok,2024-06-15,0.33
or,2024-06-15,1.24
pa,2024-06-15,0.33
ri,2024-06-15,0.44
sc,2024-06-15,0.54
sd,2024-06-15,0.55
tn,2024-06-15,0.38
tx,2024-06-15,0.74
ut,2024-06-15,0.81
va,2024-06-15,0.57
vt,2024-06-15,0.55
wa,2024-06-15,1.37
wi,2024-06-15,0.44
wv,2024-06-15,0.39
wy,2024-06-15,0.68
ak,2024-06-22,1.62
al,2024-06-22,0.65
ar,2024-06-22,0.48
az,2024-06-22,1.76
ca,2024-06-22,1.17
co,2024-06-22,0.88
ct,2024-06-22,0.86
dc,2024-06-22,0.67
de,2024-06-22,0.62
fl,2024-06-22,1.93
ga,2024-06-22,0.4
hi,2024-06-22,5.08
ia,2024-06-22,0.39
id,2024-06-22,0.88
il,2024-06-22,0.61
in,2024-06-22,0.43
ks,2024-06-22,0.34
ky,2024-06-22,0.6
la,2024-06-22,0.91
ma,2024-06-22,0.86
md,2024-06-22,0.8
me,2024-06-22,0.62
mi,2024-06-22,0.44
mn,2024-06-22,0.76
ms,2024-06-22,0.51
mt,2024-06-22,0.82
nc,2024-06-22,0.67
nd,2024-06-22,0.2
ne,2024-06-22,0.35
nh,2024-06-22,0.55
nj,2024-06-22,0.75
nm,2024-06-22,1.8
nv,2024-06-22,1.01
ny,2024-06-22,0.89
oh,2024-06-22,0.43
ok,2024-06-22,0.45
or,2024-06-22,1.5
pa,2024-06-22,0.43
ri,2024-06-22,0.63
sc,2024-06-22,0.65
sd,2024-06-22,0.6
tn,2024-06-22,0.47
tx,2024-06-22,0.98
ut,2024-06-22,0.93
va,2024-06-22,0.79
vt,2024-06-22,0.53
wa,2024-06-22,1.65
wi,2024-06-22,0.62
wv,2024-06-22,0.54
wy,2024-06-22,0.71
ak,2024-06-29,1.51
al,2024-06-29,0.87
ar,2024-06-29,0.58
az,2024-06-29,1.81
ca,2024-06-29,1.46
co,2024-06-29,0.95
ct,2024-06-29,0.92
dc,2024-06-29,1.06
de,2024-06-29,0.84
fl,2024-06-29,2.45
ga,2024-06-29,0.57
hi,2024-06-29,4.36
ia,2024-06-29,0.45
id,2024-06-29,0.94
il,2024-06-29,0.81
in,2024-06-29,0.57
ks,2024-06-29,0.47
ky,2024-06-29,0.82
la,2024-06-29,1.2
ma,2024-06-29,0.99
md,2024-06-29,0.87
me,2024-06-29,0.63
mi,2024-06-29,0.53
mn,2024-06-29,0.97
ms,2024-06-29,0.67
mt,2024-06-29,0.92
nc,2024-06-29,0.91
nd,2024-06-29,0.55
ne,2024-06-29,0.53
nh,2024-06-29,0.8
nj,2024-06-29,0.83
nm,2024-06-29,1.62
nv,2024-06-29,1.15
ny,2024-06-29,0.93
oh,2024-06-29,0.52
ok,2024-06-29,0.49
or,2024-06-29,1.69
pa,2024-06-29,0.49
ri,2024-06-29,0.53
sc,2024-06-29,0.86
sd,2024-06-29,0.75
tn,2024-06-29,0.66
tx,2024-06-29,1.34
ut,2024-06-29,0.93
va,2024-06-29,0.96
vt,2024-06-29,0.85
wa,2024-06-29,1.81
wi,2024-06-29,0.69
wv,2024-06-29,0.58
wy,2024-06-29,1.08
ak,2024-07-06,1.81
al,2024-07-06,1.15
ar,2024-07-06,0.8
az,2024-07-06,1.79
ca,2024-07-06,1.73
co,2024-07-06,1.17
ct,2024-07-06,1.25
dc,2024-07-06,1.49
de,2024-07-06,0.86
fl,2024-07-06,3.23
ga,2024-07-06,0.78
hi,2024-07-06,4.03
ia,2024-07-06,0.7
id,2024-07-06,1.37
il,2024-07-06,1.11
in,2024-07-06,0.78
ks,2024-07-06,0.6
ky,2024-07-06,1.12
la,2024-07-06,1.77
ma,2024-07-06,1.35
md,2024-07-06,1.17
me,2024-07-06,0.9
mi,2024-07-06,0.76
mn,2024-07-06,1.18
ms,2024-07-06,1.32
mt,2024-07-06,1.45
nc,2024-07-06,1.14
nd,2024-07-06,0.6
ne,2024-07-06,0.49
nh,2024-07-06,1.04
nj,2024-07-06,0.97
nm,2024-07-06,1.68
nv,2024-07-06,1.3
ny,2024-07-06,1.12
oh,2024-07-06,0.69
ok,2024-07-06,0.7
or,2024-07-06,1.76
pa,2024-07-06,0.6
ri,2024-07-06,0.91
sc,2024-07-06,1.23
sd,2024-07-06,1.01
tn,2024-07-06,0.84
tx,2024-07-06,1.89
ut,2024-07-06,1.21
va,2024-07-06,1.32
vt,2024-07-06,0.96
wa,2024-07-06,1.91
wi,2024-07-06,0.94
wv,2024-07-06,0.72
wy,2024-07-06,0
ak,2024-07-13,2.15
al,2024-07-13,1.59
ar,2024-07-13,1.21
az,2024-07-13,1.91
ca,2024-07-13,2.03
co,2024-07-13,1.46
ct,2024-07-13,1.35
dc,2024-07-13,1.57
de,2024-07-13,1.04
fl,2024-07-13,3.89
ga,2024-07-13,1.1
hi,2024-07-13,3.44
ia,2024-07-13,0.81
id,2024-07-13,1.54
il,2024-07-13,1.2
in,2024-07-13,0.95
ks,2024-07-13,0.72
ky,2024-07-13,1.38
la,2024-07-13,2.32
ma,2024-07-13,1.58
md,2024-07-13,1.44
me,2024-07-13,1.1
mi,2024-07-13,0.83
mn,2024-07-13,1.43
ms,2024-07-13,1.74
mt,2024-07-13,1.77
nc,2024-07-13,1.51
nd,2024-07-13,0.65
ne,2024-07-13,0.74
nh,2024-07-13,1.14
nj,2024-07-13,1.25
nm,2024-07-13,1.92
nv,2024-07-13,1.62
ny,2024-07-13,1.18
oh,2024-07-13,0.9
ok,2024-07-13,0.99
or,2024-07-13,1.91
pa,2024-07-13,0.78
ri,2024-07-13,0.98
sc,2024-07-13,1.56
sd,2024-07-13,0.91
tn,2024-07-13,1.12
tx,2024-07-13,2.39
ut,2024-07-13,1.47
va,2024-07-13,1.5
vt,2024-07-13,0.97
wa,2024-07-13,1.94
wi,2024-07-13,1.02
wv,2024-07-13,0.89
wy,2024-07-13,0
ak,2024-07-20,2.57
al,2024-07-20,2.1
ar,2024-07-20,1.45
az,2024-07-20,2.09
ca,2024-07-20,2.26
co,2024-07-20,1.61
ct,2024-07-20,1.66
dc,2024-07-20,2.01
de,2024-07-20,1.56
fl,2024-07-20,4.32
ga,2024-07-20,1.45
hi,2024-07-20,3.65
ia,2024-07-20,1.17
id,2024-07-20,1.51
il,2024-07-20,1.51
in,2024-07-20,1.19
ks,2024-07-20,1.11
ky,2024-07-20,1.78
la,2024-07-20,2.92
ma,2024-07-20,1.57
md,2024-07-20,1.66
me,2024-07-20,1.43
mi,2024-07-20,1.06
mn,2024-07-20,1.63
ms,2024-07-20,2.17
mt,2024-07-20,1.56
nc,2024-07-20,1.92
nd,2024-07-20,0.77
ne,2024-07-20,0.9
nh,2024-07-20,1.3
nj,2024-07-20,1.41
nm,2024-07-20,2.31
nv,2024-07-20,1.63
ny,2024-07-20,1.26
oh,2024-07-20,1.1
ok,2024-07-20,1.32
or,2024-07-20,2.04
pa,2024-07-20,0.97
ri,2024-07-20,1.18
sc,2024-07-20,2.06
sd,2024-07-20,1.04
tn,2024-07-20,1.42
tx,2024-07-20,3.25
ut,2024-07-20,1.62
va,2024-07-20,1.89
vt,2024-07-20,1.07
wa,2024-07-20,2.04
wi,2024-07-20,1.46
wv,2024-07-20,1.04
wy,2024-07-20,0
ak,2024-07-27,2.87
al,2024-07-27,2.82
ar,2024-07-27,2.08
az,2024-07-27,2.04
ca,2024-07-27,2.4
co,2024-07-27,1.91
ct,2024-07-27,2.11
dc,2024-07-27,2.41
de,2024-07-27,1.95
fl,2024-07-27,4.25
ga,2024-07-27,1.86
hi,2024-07-27,3.37
ia,2024-07-27,1.73
id,2024-07-27,1.73
il,2024-07-27,1.85
in,2024-07-27,1.7
ks,2024-07-27,1.38
ky,2024-07-27,2.17
la,2024-07-27,3.88
ma,2024-07-27,1.82
md,2024-07-27,2.09
me,2024-07-27,1.52
mi,2024-07-27,1.33
mn,2024-07-27,1.72
ms,2024-07-27,3.05
mt,2024-07-27,1.83
nc,2024-07-27,2.63
nd,2024-07-27,0.91
ne,2024-07-27,1.16
nh,2024-07-27,1.55
nj,2024-07-27,1.79
nm,2024-07-27,2.53
nv,2024-07-27,1.65
ny,2024-07-27,1.38
oh,2024-07-27,1.43
ok,2024-07-27,1.75
or,2024-07-27,2.47
pa,2024-07-27,1.23
ri,2024-07-27,1.2
sc,2024-07-27,2.7
sd,2024-07-27,1.21
tn,2024-07-27,1.92
tx,2024-07-27,3.69
ut,2024-07-27,1.66
va,2024-07-27,2.39
vt,2024-07-27,1.45
wa,2024-07-27,2.21
wi,2024-07-27,1.8
wv,2024-07-27,1.42
wy,2024-07-27,0
ak,2024-08-03,2.44
al,2024-08-03,3.47
ar,2024-08-03,2.57
az,2024-08-03,1.93
ca,2024-08-03,2.66
co,2024-08-03,2.01
ct,2024-08-03,2.11
dc,2024-08-03,2.43
de,2024-08-03,2.31
fl,2024-08-03,3.93
ga,2024-08-03,2.21
hi,2024-08-03,2.58
ia,2024-08-03,2.05
id,2024-08-03,2.08
il,2024-08-03,2.06
in,2024-08-03,2.01
ks,2024-08-03,1.71
ky,2024-08-03,2.85
la,2024-08-03,4.1
ma,2024-08-03,2.04
md,2024-08-03,2.43
me,2024-08-03,1.81
mi,2024-08-03,1.53
mn,2024-08-03,1.9
ms,2024-08-03,3.99
mt,2024-08-03,1.79
nc,2024-08-03,3.47
nd,2024-08-03,1.02
ne,2024-08-03,1.28
nh,2024-08-03,1.71
nj,2024-08-03,1.84
nm,2024-08-03,2.8
nv,2024-08-03,1.53
ny,2024-08-03,1.58
oh,2024-08-03,1.73
ok,2024-08-03,2.02
or,2024-08-03,2.56
pa,2024-08-03,1.46
ri,2024-08-03,1.54
sc,2024-08-03,3.42
sd,2024-08-03,1.07
tn,2024-08-03,2.3
tx,2024-08-03,3.86
ut,2024-08-03,1.83
va,2024-08-03,2.85
vt,2024-08-03,1.72
wa,2024-08-03,2.51
wi,2024-08-03,2
wv,2024-08-03,2
wy,2024-08-03,0
ak,2024-08-10,2.37
al,2024-08-10,4.21
ar,2024-08-10,2.81
az,2024-08-10,2.08
ca,2024-08-10,2.73
co,2024-08-10,2.04
ct,2024-08-10,2.21
dc,2024-08-10,2.22
de,2024-08-10,2.38
fl,2024-08-10,3.32
ga,2024-08-10,2.54
hi,2024-08-10,2.57
ia,2024-08-10,2.26
id,2024-08-10,1.94
il,2024-08-10,2.16
in,2024-08-10,2.34
ks,2024-08-10,2
ky,2024-08-10,3.13
la,2024-08-10,4.22
ma,2024-08-10,1.94
md,2024-08-10,2.38
me,2024-08-10,1.97
mi,2024-08-10,1.62
mn,2024-08-10,1.94
ms,2024-08-10,4.47
mt,2024-08-10,1.95
nc,2024-08-10,3.95
nd,2024-08-10,1.61
ne,2024-08-10,1.53
nh,2024-08-10,1.81
nj,2024-08-10,1.77
nm,2024-08-10,2.67
nv,2024-08-10,1.54
ny,2024-08-10,1.45
oh,2024-08-10,1.84
ok,2024-08-10,2.12
or,2024-08-10,2.69
pa,2024-08-10,1.6
ri,2024-08-10,1.58
sc,2024-08-10,3.87
sd,2024-08-10,1.63
tn,2024-08-10,2.56
tx,2024-08-10,3.78
ut,2024-08-10,2.06
va,2024-08-10,3.26
vt,2024-08-10,2.14
wa,2024-08-10,2.36
wi,2024-08-10,2.14
wv,2024-08-10,2.26
wy,2024-08-10,0
ak,2024-08-17,2.27
al,2024-08-17,4.5
ar,2024-08-17,2.78
az,2024-08-17,1.99
ca,2024-08-17,2.65
co,2024-08-17,2
ct,2024-08-17,2.34
dc,2024-08-17,2.27
de,2024-08-17,2.52
fl,2024-08-17,2.82
ga,2024-08-17,2.72
hi,2024-08-17,2.33
ia,2024-08-17,2.61
id,2024-08-17,2.28
il,2024-08-17,2.62
in,2024-08-17,2.75
ks,2024-08-17,2.09
ky,2024-08-17,3.78
la,2024-08-17,3.99
ma,2024-08-17,2.23
md,2024-08-17,2.39
me,2024-08-17,2.32
mi,2024-08-17,1.84
mn,2024-08-17,2.19
ms,2024-08-17,4.37
mt,2024-08-17,1.87
nc,2024-08-17,3.98
nd,2024-08-17,1.4
ne,2024-08-17,1.73
nh,2024-08-17,1.95
nj,2024-08-17,1.81
nm,2024-08-17,3.19
nv,2024-08-17,1.41
ny,2024-08-17,1.49
oh,2024-08-17,2.11
ok,2024-08-17,2.28
or,2024-08-17,2.58
pa,2024-08-17,1.71
ri,2024-08-17,2.04
sc,2024-08-17,4.14
sd,2024-08-17,1.89
tn,2024-08-17,3.03
tx,2024-08-17,3.34
ut,2024-08-17,1.84
va,2024-08-17,3.32
vt,2024-08-17,2.42
wa,2024-08-17,2.31
wi,2024-08-17,2.55
wv,2024-08-17,2.92
wy,2024-08-17,0
ak,2024-08-24,1.89
al,2024-08-24,4.43
ar,2024-08-24,2.72
az,2024-08-24,1.97
ca,2024-08-24,2.43
co,2024-08-24,1.91
ct,2024-08-24,2.4
dc,2024-08-24,2.32
de,2024-08-24,2.45
fl,2024-08-24,2.66
ga,2024-08-24,3.25
hi,2024-08-24,2.69
ia,2024-08-24,2.73
id,2024-08-24,2.15
il,2024-08-24,2.65
in,2024-08-24,2.99
ks,2024-08-24,2.12
ky,2024-08-24,4.37
la,2024-08-24,3.88
ma,2024-08-24,2.18
md,2024-08-24,2.21
me,2024-08-24,2.52
mi,2024-08-24,1.96
mn,2024-08-24,2.1
ms,2024-08-24,3.5
mt,2024-08-24,2.09
nc,2024-08-24,3.78
nd,2024-08-24,1.55
ne,2024-08-24,1.61
nh,2024-08-24,2.47
nj,2024-08-24,1.71
nm,2024-08-24,2.94
nv,2024-08-24,1.72
ny,2024-08-24,1.5
oh,2024-08-24,2.26
ok,2024-08-24,2.62
or,2024-08-24,2.56
pa,2024-08-24,1.91
ri,2024-08-24,1.65
sc,2024-08-24,4.36
sd,2024-08-24,2.01
tn,2024-08-24,3.02
tx,2024-08-24,3.36
ut,2024-08-24,2.12
va,2024-08-24,3.31
vt,2024-08-24,2.77
wa,2024-08-24,2.13
wi,2024-08-24,2.47
wv,2024-08-24,3.31
wy,2024-08-24,0
ak,2024-08-31,2.04
al,2024-08-31,3.55
ar,2024-08-31,2.78
az,2024-08-31,1.76
ca,2024-08-31,2.24
co,2024-08-31,1.79
ct,2024-08-31,2.18
dc,2024-08-31,2.23
de,2024-08-31,2.39
fl,2024-08-31,2.46
ga,2024-08-31,2.28
hi,2024-08-31,2
ia,2024-08-31,2.47
id,2024-08-31,2.47
il,2024-08-31,2.67
in,2024-08-31,2.84
ks,2024-08-31,1.94
ky,2024-08-31,4.24
la,2024-08-31,2.77
ma,2024-08-31,2.04
md,2024-08-31,2.51
me,2024-08-31,2.18
mi,2024-08-31,2.18
mn,2024-08-31,1.99
ms,2024-08-31,2.6
mt,2024-08-31,1.92
nc,2024-08-31,3.61
nd,2024-08-31,1.48
ne,2024-08-31,1.56
nh,2024-08-31,2.26
nj,2024-08-31,1.56
nm,2024-08-31,2.58
nv,2024-08-31,1.76
ny,2024-08-31,1.45
oh,2024-08-31,2.62
ok,2024-08-31,2.47
or,2024-08-31,2.4
pa,2024-08-31,1.95
ri,2024-08-31,1.58
sc,2024-08-31,3.73
sd,2024-08-31,1.78
tn,2024-08-31,2.69
tx,2024-08-31,2.86
ut,2024-08-31,2.17
va,2024-08-31,3.44
vt,2024-08-31,2.65
wa,2024-08-31,2.38
wi,2024-08-31,2.51
wv,2024-08-31,4.26
wy,2024-08-31,0
ak,2024-09-07,2.23
al,2024-09-07,2.47
ar,2024-09-07,2.44
az,2024-09-07,1.65
ca,2024-09-07,1.9
co,2024-09-07,1.83
ct,2024-09-07,2.11
dc,2024-09-07,1.7
de,2024-09-07,2.19
fl,2024-09-07,2.02
ga,2024-09-07,1.3
hi,2024-09-07,1.92
ia,2024-09-07,2.69
id,2024-09-07,2.49
il,2024-09-07,2.27
in,2024-09-07,2.07
ks,2024-09-07,2.04
ky,2024-09-07,3.66
la,2024-09-07,2.1
ma,2024-09-07,1.89
md,2024-09-07,2.14
me,2024-09-07,2.38
mi,2024-09-07,2.11
mn,2024-09-07,2.04
ms,2024-09-07,1.91
mt,2024-09-07,2.15
nc,2024-09-07,3.28
nd,2024-09-07,1.67
ne,2024-09-07,1.62
nh,2024-09-07,2.22
nj,2024-09-07,1.4
nm,2024-09-07,2.12
nv,2024-09-07,1.73
ny,2024-09-07,1.43
oh,2024-09-07,2.55
ok,2024-09-07,1.98
or,2024-09-07,2.67
pa,2024-09-07,1.95
ri,2024-09-07,1.37
sc,2024-09-07,2.89
sd,2024-09-07,2.21
tn,2024-09-07,2.04
tx,2024-09-07,2.21
ut,2024-09-07,2.23
va,2024-09-07,2.89
vt,2024-09-07,2.6
wa,2024-09-07,2.39
wi,2024-09-07,2.14
wv,2024-09-07,4.91
wy,2024-09-07,0
ak,2024-09-14,1.59
al,2024-09-14,1.79
ar,2024-09-14,1.97
az,2024-09-14,1.35
ca,2024-09-14,1.45
co,2024-09-14,1.62
ct,2024-09-14,2.23
dc,2024-09-14,1.47
de,2024-09-14,1.87
fl,2024-09-14,1.48
ga,2024-09-14,0.87
hi,2024-09-14,1.57
ia,2024-09-14,2.53
id,2024-09-14,2.4
il,2024-09-14,1.95
in,2024-09-14,1.61
ks,2024-09-14,1.61
ky,2024-09-14,2.82
la,2024-09-14,1.28
ma,2024-09-14,1.87
md,2024-09-14,1.82
me,2024-09-14,2.25
mi,2024-09-14,2.22
mn,2024-09-14,1.95
ms,2024-09-14,1.49
mt,2024-09-14,2.38
nc,2024-09-14,2.8
nd,2024-09-14,1.34
ne,2024-09-14,1.24
nh,2024-09-14,2.13
nj,2024-09-14,1.24
nm,2024-09-14,1.78
nv,2024-09-14,1.56
ny,2024-09-14,1.47
oh,2024-09-14,2.38
ok,2024-09-14,1.88
or,2024-09-14,2.37
pa,2024-09-14,1.98
ri,2024-09-14,1.24
sc,2024-09-14,2.07
sd,2024-09-14,2.17
tn,2024-09-14,1.34
tx,2024-09-14,1.46
ut,2024-09-14,1.87
va,2024-09-14,2.25
vt,2024-09-14,3.1
wa,2024-09-14,2.15
wi,2024-09-14,2.25
wv,2024-09-14,4.31
wy,2024-09-14,0
ak,2024-09-21,1.46
al,2024-09-21,1.29
ar,2024-09-21,1.18
az,2024-09-21,1.22
ca,2024-09-21,1.03
co,2024-09-21,1.33
ct,2024-09-21,2.29
dc,2024-09-21,1.08
de,2024-09-21,1.85
fl,2024-09-21,1.16
ga,2024-09-21,0.57
hi,2024-09-21,1.59
ia,2024-09-21,2.06
id,2024-09-21,2.13
il,2024-09-21,1.45
in,2024-09-21,1.16
ks,2024-09-21,1.42
ky,2024-09-21,2.15
la,2024-09-21,0.95
ma,2024-09-21,1.77
md,2024-09-21,1.61
me,2024-09-21,2.65
mi,2024-09-21,1.97
mn,2024-09-21,1.87
ms,2024-09-21,1.01
mt,2024-09-21,2.18
nc,2024-09-21,1.97
nd,2024-09-21,1.12
ne,2024-09-21,1.1
nh,2024-09-21,1.94
nj,2024-09-21,1.34
nm,2024-09-21,1.42
nv,2024-09-21,1.29
ny,2024-09-21,1.33
oh,2024-09-21,1.8
ok,2024-09-21,1.47
or,2024-09-21,2.35
pa,2024-09-21,1.7
ri,2024-09-21,1.23
sc,2024-09-21,1.45
sd,2024-09-21,1.63
tn,2024-09-21,1.08
tx,2024-09-21,0.96
ut,2024-09-21,1.73
va,2024-09-21,1.74
vt,2024-09-21,2.74
wa,2024-09-21,2.3
wi,2024-09-21,2.01
wv,2024-09-21,3.23
wy,2024-09-21,0
ak,2024-09-28,1.17
al,2024-09-28,0.8
ar,2024-09-28,0.99
az,2024-09-28,1.16
ca,2024-09-28,0.79
co,2024-09-28,1.17
ct,2024-09-28,1.73
dc,2024-09-28,0.7
de,2024-09-28,1.3
fl,2024-09-28,0.94
ga,2024-09-28,0.48
hi,2024-09-28,1.03
ia,2024-09-28,1.7
id,2024-09-28,1.39
il,2024-09-28,1.03
in,2024-09-28,0.83
ks,2024-09-28,0.93
ky,2024-09-28,1.46
la,2024-09-28,0.71
ma,2024-09-28,1.31
md,2024-09-28,1.09
me,2024-09-28,2.16
mi,2024-09-28,1.48
mn,2024-09-28,1.57
ms,2024-09-28,0.82
mt,2024-09-28,2.02
nc,2024-09-28,1.51
nd,2024-09-28,0.82
ne,2024-09-28,0.73
nh,2024-09-28,1.83
nj,2024-09-28,0.99
nm,2024-09-28,1.17
nv,2024-09-28,0.99
ny,2024-09-28,1.17
oh,2024-09-28,1.35
ok,2024-09-28,1.06
or,2024-09-28,2.23
pa,2024-09-28,1.31
ri,2024-09-28,1.01
sc,2024-09-28,1.03
sd,2024-09-28,1.27
tn,2024-09-28,0.88
tx,2024-09-28,0.69
ut,2024-09-28,1.4
va,2024-09-28,1.23
vt,2024-09-28,2.47
wa,2024-09-28,2.01
wi,2024-09-28,1.6
wv,2024-09-28,2.51
wy,2024-09-28,0
ak,2024-10-05,0.65
al,2024-10-05,0.58
ar,2024-10-05,0.61
az,2024-10-05,1.16
ca,2024-10-05,0.69
co,2024-10-05,1.06
ct,2024-10-05,1.33
dc,2024-10-05,0.55
de,2024-10-05,1.14
fl,2024-10-05,0.64
ga,2024-10-05,0.32
hi,2024-10-05,1.04
ia,2024-10-05,1.07
id,2024-10-05,1.22
il,2024-10-05,0.83
in,2024-10-05,0.71
ks,2024-10-05,0.9
ky,2024-10-05,1.12
la,2024-10-05,0.57
ma,2024-10-05,1.13
md,2024-10-05,0.82
me,2024-10-05,1.64
mi,2024-10-05,1.12
mn,2024-10-05,1.29
ms,2024-10-05,0.69
mt,2024-10-05,2.06
nc,2024-10-05,0.98
nd,2024-10-05,0.66
ne,2024-10-05,0.8
nh,2024-10-05,1.41
nj,2024-10-05,0.75
nm,2024-10-05,1.29
nv,2024-10-05,0.77
ny,2024-10-05,0.89
oh,2024-10-05,0.85
ok,2024-10-05,0.81
or,2024-10-05,1.71
pa,2024-10-05,0.89
ri,2024-10-05,0.87
sc,2024-10-05,0.71
sd,2024-10-05,1.07
tn,2024-10-05,0.66
tx,2024-10-05,0.54
ut,2024-10-05,1.22
va,2024-10-05,0.92
vt,2024-10-05,1.8
wa,2024-10-05,1.66
wi,2024-10-05,1.22
wv,2024-10-05,1.67
wy,2024-10-05,0
ak,2024-10-12,0.51
al,2024-10-12,0.69
ar,2024-10-12,0.54
az,2024-10-12,1.1
ca,2024-10-12,0.54
co,2024-10-12,1
ct,2024-10-12,1.03
dc,2024-10-12,0.43
de,2024-10-12,0.67
fl,2024-10-12,0.54
ga,2024-10-12,0.29
hi,2024-10-12,0.64
ia,2024-10-12,0.86
id,2024-10-12,0.92
il,2024-10-12,0.64
in,2024-10-12,0.58
ks,2024-10-12,0.68
ky,2024-10-12,0.96
la,2024-10-12,0.48
ma,2024-10-12,0.84
md,2024-10-12,0.59
me,2024-10-12,1.44
mi,2024-10-12,0.96
mn,2024-10-12,1.18
ms,2024-10-12,0.57
mt,2024-10-12,1.61
nc,2024-10-12,0.8
nd,2024-10-12,0.76
ne,2024-10-12,0.52
nh,2024-10-12,1.35
nj,2024-10-12,0.56
nm,2024-10-12,1.36
nv,2024-10-12,0.7
ny,2024-10-12,0.65
oh,2024-10-12,0.73
ok,2024-10-12,0.76
or,2024-10-12,1.37
pa,2024-10-12,0.74
ri,2024-10-12,0.7
sc,2024-10-12,0.58
sd,2024-10-12,0.85
tn,2024-10-12,0.54
tx,2024-10-12,0.43
ut,2024-10-12,0.94
va,2024-10-12,0.71
vt,2024-10-12,1.44
wa,2024-10-12,1.33
wi,2024-10-12,1.14
wv,2024-10-12,1.25
wy,2024-10-12,0
ak,2024-10-19,0.51
al,2024-10-19,0.5
ar,2024-10-19,0.57
az,2024-10-19,0.95
ca,2024-10-19,0.42
co,2024-10-19,0.8
ct,2024-10-19,1.04
dc,2024-10-19,0.26
de,2024-10-19,0.52
fl,2024-10-19,0.45
ga,2024-10-19,0.3
hi,2024-10-19,0.63
ia,2024-10-19,0.77
id,2024-10-19,0.72
il,2024-10-19,0.59
in,2024-10-19,0.55
ks,2024-10-19,0.63
ky,2024-10-19,1.02
la,2024-10-19,0.42
ma,2024-10-19,0.81
md,2024-10-19,0.61
me,2024-10-19,1.18
mi,2024-10-19,0.85
mn,2024-10-19,1.09
ms,2024-10-19,0.49
mt,2024-10-19,1.37
nc,2024-10-19,0.69
nd,2024-10-19,0.66
ne,2024-10-19,0.54
nh,2024-10-19,1.12
nj,2024-10-19,0.46
nm,2024-10-19,1.29
nv,2024-10-19,0.46
ny,2024-10-19,0.58
oh,2024-10-19,0.64
ok,2024-10-19,0.66
or,2024-10-19,1.11
pa,2024-10-19,0.67
ri,2024-10-19,0.71
sc,2024-10-19,0.49
sd,2024-10-19,0.99
tn,2024-10-19,0.54
tx,2024-10-19,0.35
ut,2024-10-19,0.86
va,2024-10-19,0.65
vt,2024-10-19,1.29
wa,2024-10-19,0.97
wi,2024-10-19,0.95
wv,2024-10-19,1.12
wy,2024-10-19,0
ak,2024-10-26,0.78
al,2024-10-26,0.51
ar,2024-10-26,0.75
az,2024-10-26,1.13
ca,2024-10-26,0.39
co,2024-10-26,0.81
ct,2024-10-26,0.83
dc,2024-10-26,0.32
de,2024-10-26,0.63
fl,2024-10-26,0.4
ga,2024-10-26,0.33
hi,2024-10-26,0.57
ia,2024-10-26,0.59
id,2024-10-26,0.62
il,2024-10-26,0.62
in,2024-10-26,0.58
ks,2024-10-26,0.67
ky,2024-10-26,1.03
la,2024-10-26,0.43
ma,2024-10-26,0.76
md,2024-10-26,0.57
me,2024-10-26,1.22
mi,2024-10-26,0.89
mn,2024-10-26,0.94
ms,2024-10-26,0.54
mt,2024-10-26,1.26
nc,2024-10-26,0.64
nd,2024-10-26,0.57
ne,2024-10-26,0.5
nh,2024-10-26,0.95
nj,2024-10-26,0.48
nm,2024-10-26,1.21
nv,2024-10-26,0.49
ny,2024-10-26,0.52
oh,2024-10-26,0.68
ok,2024-10-26,0.51
or,2024-10-26,0.89
pa,2024-10-26,0.65
ri,2024-10-26,0.73
sc,2024-10-26,0.55
sd,2024-10-26,0.98
tn,2024-10-26,0.54
tx,2024-10-26,0.35
ut,2024-10-26,0.74
va,2024-10-26,0.6
vt,2024-10-26,0.95
wa,2024-10-26,0.82
wi,2024-10-26,0.85
wv,2024-10-26,0.94
wy,2024-10-26,0
ak,2024-11-02,0.48
al,2024-11-02,0.45
ar,2024-11-02,0.59
az,2024-11-02,1.16
ca,2024-11-02,0.37
co,2024-11-02,0.84
ct,2024-11-02,0.79
dc,2024-11-02,0.28
de,2024-11-02,0.52
fl,2024-11-02,0.35
ga,2024-11-02,0.31
hi,2024-11-02,0.55
ia,2024-11-02,0.59
id,2024-11-02,0.64
il,2024-11-02,0.64
in,2024-11-02,0.58
ks,2024-11-02,0.52
ky,2024-11-02,1.01
la,2024-11-02,0.46
ma,2024-11-02,0.73
md,2024-11-02,0.42
me,2024-11-02,1.06
mi,2024-11-02,0.88
mn,2024-11-02,0.83
ms,2024-11-02,0.52
mt,2024-11-02,1.02
nc,2024-11-02,0.66
nd,2024-11-02,0.53
ne,2024-11-02,0.57
nh,2024-11-02,0.79
nj,2024-11-02,0.44
nm,2024-11-02,1.27
nv,2024-11-02,0.47
ny,2024-11-02,0.43
oh,2024-11-02,0.62
ok,2024-11-02,0.48
or,2024-11-02,0.67
pa,2024-11-02,0.57
ri,2024-11-02,0.59
sc,2024-11-02,0.5
sd,2024-11-02,0.86
tn,2024-11-02,0.54
tx,2024-11-02,0.3
ut,2024-11-02,0.79
va,2024-11-02,0.6
vt,2024-11-02,0.99
wa,2024-11-02,0.67
wi,2024-11-02,0.88
wv,2024-11-02,1.03
wy,2024-11-02,0
ak,2024-11-09,0.62
al,2024-11-09,0.44
ar,2024-11-09,0.49
az,2024-11-09,1.28
ca,2024-11-09,0.37
co,2024-11-09,0.84
ct,2024-11-09,0.92
dc,2024-11-09,0.31
de,2024-11-09,0.52
fl,2024-11-09,0.36
ga,2024-11-09,0.3
hi,2024-11-09,0.51
ia,2024-11-09,0.48
id,2024-11-09,0.67
il,2024-11-09,0.55
in,2024-11-09,0.62
ks,2024-11-09,0.4
ky,2024-11-09,0.87
la,2024-11-09,0.35
ma,2024-11-09,0.58
md,2024-11-09,0.45
me,2024-11-09,0.79
mi,2024-11-09,0.79
mn,2024-11-09,1.03
ms,2024-11-09,0.53
mt,2024-11-09,1.12
nc,2024-11-09,0.52
nd,2024-11-09,0.76
ne,2024-11-09,0.48
nh,2024-11-09,0.7
nj,2024-11-09,0.43
nm,2024-11-09,1.59
nv,2024-11-09,0.54
ny,2024-11-09,0.4
oh,2024-11-09,0.57
ok,2024-11-09,0.52
or,2024-11-09,0.5
pa,2024-11-09,0.56
ri,2024-11-09,0.55
sc,2024-11-09,0.42
sd,2024-11-09,0.85
tn,2024-11-09,0.46
tx,2024-11-09,0.29
ut,2024-11-09,0.71
va,2024-11-09,0.48
vt,2024-11-09,0.85
wa,2024-11-09,0.48
wi,2024-11-09,0.77
wv,2024-11-09,0.89
wy,2024-11-09,0
ak,2024-11-16,0.66
al,2024-11-16,0.37
ar,2024-11-16,0.4
az,2024-11-16,1.41
ca,2024-11-16,0.37
co,2024-11-16,0.9
ct,2024-11-16,0.73
dc,2024-11-16,0.28
de,2024-11-16,0.51
fl,2024-11-16,0.28
ga,2024-11-16,0.2
hi,2024-11-16,0.51
ia,2024-11-16,0.47
id,2024-11-16,0.58
il,2024-11-16,0.56
in,2024-11-16,0.55
ks,2024-11-16,0.55
ky,2024-11-16,0.87
la,2024-11-16,0.34
ma,2024-11-16,0.65
md,2024-11-16,0.34
me,2024-11-16,1.02
mi,2024-11-16,0.77
mn,2024-11-16,1
ms,2024-11-16,0.48
mt,2024-11-16,0.99
nc,2024-11-16,0.47
nd,2024-11-16,0.49
ne,2024-11-16,0.44
nh,2024-11-16,0.76
nj,2024-11-16,0.35
nm,2024-11-16,1.75
nv,2024-11-16,0.51
ny,2024-11-16,0.34
oh,2024-11-16,0.52
ok,2024-11-16,0.4
or,2024-11-16,0.54
pa,2024-11-16,0.47
ri,2024-11-16,0.42
sc,2024-11-16,0.42
sd,2024-11-16,0.97
tn,2024-11-16,0.44
tx,2024-11-16,0.32
ut,2024-11-16,0.78
va,2024-11-16,0.41
vt,2024-11-16,0.61
wa,2024-11-16,0.42
wi,2024-11-16,0.72
wv,2024-11-16,0.79
wy,2024-11-16,0
ak,2024-11-23,0.46
al,2024-11-23,0.4
ar,2024-11-23,0.41
az,2024-11-23,1.66
ca,2024-11-23,0.38
co,2024-11-23,0.9
ct,2024-11-23,0.79
dc,2024-11-23,0.13
de,2024-11-23,0.47
fl,2024-11-23,0.29
ga,2024-11-23,0.23
hi,2024-11-23,0.39
ia,2024-11-23,0.49
id,2024-11-23,0.72
il,2024-11-23,0.62
in,2024-11-23,0.69
ks,2024-11-23,0.56
ky,2024-11-23,0.76
la,2024-11-23,0.28
ma,2024-11-23,0.66
md,2024-11-23,0.43
me,2024-11-23,0.88
mi,2024-11-23,0.72
mn,2024-11-23,0.97
ms,2024-11-23,0.44
mt,2024-11-23,0.99
nc,2024-11-23,0.42
nd,2024-11-23,1.02
ne,2024-11-23,0.44
nh,2024-11-23,0.67
nj,2024-11-23,0.43
nm,2024-11-23,1.9
nv,2024-11-23,0.47
ny,2024-11-23,0.36
oh,2024-11-23,0.56
ok,2024-11-23,0.48
or,2024-11-23,0.48
pa,2024-11-23,0.54
ri,2024-11-23,0.45
sc,2024-11-23,0.33
sd,2024-11-23,1.13
tn,2024-11-23,0.48
tx,2024-11-23,0.34
ut,2024-11-23,0.83
va,2024-11-23,0.44
vt,2024-11-23,0.62
wa,2024-11-23,0.42
wi,2024-11-23,0.65
wv,2024-11-23,0.84
wy,2024-11-23,0
ak,2024-11-30,0.45
al,2024-11-30,0.48
ar,2024-11-30,0.54
az,2024-11-30,1.84
ca,2024-11-30,0.41
co,2024-11-30,1.13
ct,2024-11-30,0.79
dc,2024-11-30,0.24
de,2024-11-30,0.6
fl,2024-11-30,0.34
ga,2024-11-30,0.26
hi,2024-11-30,0.35
ia,2024-11-30,0.74
id,2024-11-30,0.79
il,2024-11-30,0.76
in,2024-11-30,0.87
ks,2024-11-30,0.74
ky,2024-11-30,0.91
la,2024-11-30,0.4
ma,2024-11-30,0.81
md,2024-11-30,0.44
me,2024-11-30,0.86
mi,2024-11-30,0.9
mn,2024-11-30,1.16
ms,2024-11-30,0.44
mt,2024-11-30,0.97
nc,2024-11-30,0.42
nd,2024-11-30,0.86
ne,2024-11-30,0.69
nh,2024-11-30,0.75
nj,2024-11-30,0.44
nm,2024-11-30,2.23
nv,2024-11-30,0.45
ny,2024-11-30,0.38
oh,2024-11-30,0.65
ok,2024-11-30,0.65
or,2024-11-30,0.44
pa,2024-11-30,0.59
ri,2024-11-30,0.56
sc,2024-11-30,0.43
sd,2024-11-30,1.25
tn,2024-11-30,0.59
tx,2024-11-30,0.38
ut,2024-11-30,0.87
va,2024-11-30,0.53
vt,2024-11-30,0.99
wa,2024-11-30,0.43
wi,2024-11-30,0.81
wv,2024-11-30,0.96
wy,2024-11-30,0
ak,2024-12-07,0.46
al,2024-12-07,0.6
ar,2024-12-07,0.72
az,2024-12-07,1.63
ca,2024-12-07,0.44
co,2024-12-07,1.04
ct,2024-12-07,0.87
dc,2024-12-07,0.42
de,2024-12-07,0.91
fl,2024-12-07,0.39
ga,2024-12-07,0.29
hi,2024-12-07,0.42
ia,2024-12-07,0.91
id,2024-12-07,0.77
il,2024-12-07,0.89
in,2024-12-07,0.99
ks,2024-12-07,0.88
ky,2024-12-07,1.18
la,2024-12-07,0.44
ma,2024-12-07,0.87
md,2024-12-07,0.57
me,2024-12-07,1.14
mi,2024-12-07,1.07
mn,2024-12-07,1.5
ms,2024-12-07,0.54
mt,2024-12-07,1.15
nc,2024-12-07,0.59
nd,2024-12-07,0.9
ne,2024-12-07,0.68
nh,2024-12-07,1.04
nj,2024-12-07,0.56
nm,2024-12-07,2.01
nv,2024-12-07,0.46
ny,2024-12-07,0.47
oh,2024-12-07,0.85
ok,2024-12-07,0.93
or,2024-12-07,0.5
pa,2024-12-07,0.75
ri,2024-12-07,0.67
sc,2024-12-07,0.5
sd,2024-12-07,1.45
tn,2024-12-07,0.59
tx,2024-12-07,0.43
ut,2024-12-07,1.05
va,2024-12-07,0.62
vt,2024-12-07,0.97
wa,2024-12-07,0.4
wi,2024-12-07,1
wv,2024-12-07,0.94
wy,2024-12-07,0
ak,2024-12-14,0.56
al,2024-12-14,0.76
ar,2024-12-14,0.71
az,2024-12-14,1.31
ca,2024-12-14,0.46
co,2024-12-14,1.07
ct,2024-12-14,0.94
dc,2024-12-14,0.43
de,2024-12-14,1
fl,2024-12-14,0.41
ga,2024-12-14,0.37
hi,2024-12-14,0.4
ia,2024-12-14,0.95
id,2024-12-14,0.94
il,2024-12-14,1.13
in,2024-12-14,1.33
ks,2024-12-14,1.17
ky,2024-12-14,1.52
la,2024-12-14,0.52
ma,2024-12-14,1.08
md,2024-12-14,0.63
me,2024-12-14,1.46
mi,2024-12-14,1.09
mn,2024-12-14,1.58
ms,2024-12-14,0.74
mt,2024-12-14,1.15
nc,2024-12-14,0.66
nd,2024-12-14,1.11
ne,2024-12-14,0.76
nh,2024-12-14,1.24
nj,2024-12-14,0.72
nm,2024-12-14,2.23
nv,2024-12-14,0.48
ny,2024-12-14,0.51
oh,2024-12-14,1.03
ok,2024-12-14,0.86
or,2024-12-14,0.55
pa,2024-12-14,0.82
ri,2024-12-14,0.91
sc,2024-12-14,0.59
sd,2024-12-14,1.39
tn,2024-12-14,0.72
tx,2024-12-14,0.43
ut,2024-12-14,0.99
va,2024-12-14,0.8
vt,2024-12-14,1.21
wa,2024-12-14,0.4
wi,2024-12-14,1.14
wv,2024-12-14,1.2
wy,2024-12-14,0
ak,2024-12-21,0.52
al,2024-12-21,0.98
ar,2024-12-21,0.97
az,2024-12-21,1.31
ca,2024-12-21,0.5
co,2024-12-21,1.27
ct,2024-12-21,1.23
dc,2024-12-21,0.52
de,2024-12-21,1.16
fl,2024-12-21,0.48
ga,2024-12-21,0.48
hi,2024-12-21,0.35
ia,2024-12-21,1.07
id,2024-12-21,1.14
il,2024-12-21,1.53
in,2024-12-21,1.77
ks,2024-12-21,1.53
ky,2024-12-21,1.99
la,2024-12-21,0.67
ma,2024-12-21,1.41
md,2024-12-21,0.87
me,2024-12-21,1.86
mi,2024-12-21,1.57
mn,2024-12-21,1.74
ms,2024-12-21,0.87
mt,2024-12-21,1.14
nc,2024-12-21,0.91
nd,2024-12-21,1.24
ne,2024-12-21,0.92
nh,2024-12-21,2.12
nj,2024-12-21,0.85
nm,2024-12-21,2.42
nv,2024-12-21,0.61
ny,2024-12-21,0.63
oh,2024-12-21,1.37
ok,2024-12-21,1.26
or,2024-12-21,0.59
pa,2024-12-21,1.05
ri,2024-12-21,1.2
sc,2024-12-21,0.71
sd,2024-12-21,1.6
tn,2024-12-21,0.95
tx,2024-12-21,0.56
ut,2024-12-21,1.2
va,2024-12-21,0.96
vt,2024-12-21,1.47
wa,2024-12-21,0.52
wi,2024-12-21,1.55
wv,2024-12-21,1.58
wy,2024-12-21,0
ak,2024-12-28,0.52
al,2024-12-28,1.26
ar,2024-12-28,1.05
az,2024-12-28,1.56
ca,2024-12-28,0.65
co,2024-12-28,1.65
ct,2024-12-28,1.63
dc,2024-12-28,0.86
de,2024-12-28,1.61
fl,2024-12-28,0.61
ga,2024-12-28,0.72
hi,2024-12-28,0.53
ia,2024-12-28,1.62
id,2024-12-28,1.27
il,2024-12-28,2.13
in,2024-12-28,2.36
ks,2024-12-28,2.3
ky,2024-12-28,2.65
la,2024-12-28,0.9
ma,2024-12-28,1.79
md,2024-12-28,1.23
me,2024-12-28,2.85
mi,2024-12-28,2.31
mn,2024-12-28,2.11
ms,2024-12-28,1.25
mt,2024-12-28,1.49
nc,2024-12-28,1.21
nd,2024-12-28,1.47
ne,2024-12-28,1.17
nh,2024-12-28,2.79
nj,2024-12-28,1.29
nm,2024-12-28,3.01
nv,2024-12-28,0.75
ny,2024-12-28,0.91
oh,2024-12-28,2.03
ok,2024-12-28,1.74
or,2024-12-28,0.68
pa,2024-12-28,1.47
ri,2024-12-28,1.27
sc,2024-12-28,1.08
sd,2024-12-28,2.21
tn,2024-12-28,1.32
tx,2024-12-28,0.76
ut,2024-12-28,1.48
va,2024-12-28,1.41
vt,2024-12-28,1.95
wa,2024-12-28,0.68
wi,2024-12-28,2
wv,2024-12-28,2.59
wy,2024-12-28,0
ak,2025-01-04,0.35
al,2025-01-04,1.1
ar,2025-01-04,1.14
az,2025-01-04,1.5
ca,2025-01-04,0.63
co,2025-01-04,1.44
ct,2025-01-04,1.76
dc,2025-01-04,0.83
de,2025-01-04,1.51
fl,2025-01-04,0.69
ga,2025-01-04,0.75
hi,2025-01-04,0.52
ia,2025-01-04,2.07
id,2025-01-04,1.1
il,2025-01-04,2.25
in,2025-01-04,2.4
ks,2025-01-04,2.05
ky,2025-01-04,2.55
la,2025-01-04,0.92
ma,2025-01-04,1.98
md,2025-01-04,1.42
me,2025-01-04,3.26
mi,2025-01-04,2.56
mn,2025-01-04,2.43
ms,2025-01-04,1.22
mt,2025-01-04,1.65
nc,2025-01-04,1.4
nd,2025-01-04,1.29
ne,2025-01-04,1.21
nh,2025-01-04,2.92
nj,2025-01-04,1.38
nm,2025-01-04,2.5
nv,2025-01-04,0.57
ny,2025-01-04,1.12
oh,2025-01-04,2.06
ok,2025-01-04,1.69
or,2025-01-04,0.63
pa,2025-01-04,1.73
ri,2025-01-04,1.53
sc,2025-01-04,1.21
sd,2025-01-04,2.7
tn,2025-01-04,1.2
tx,2025-01-04,0.8
ut,2025-01-04,1.3
va,2025-01-04,1.61
vt,2025-01-04,2.58
wa,2025-01-04,0.7
wi,2025-01-04,2.09
wv,2025-01-04,2.53
wy,2025-01-04,0
ak,2025-01-11,0.36
al,2025-01-11,0.93
ar,2025-01-11,0.83
az,2025-01-11,1.22
ca,2025-01-11,0.55
co,2025-01-11,1.21
ct,2025-01-11,1.57
dc,2025-01-11,0.77
de,2025-01-11,1.58
fl,2025-01-11,0.64
ga,2025-01-11,0.66
hi,2025-01-11,0.73
ia,2025-01-11,1.83
id,2025-01-11,0.89
il,2025-01-11,1.88
in,2025-01-11,1.83
ks,2025-01-11,1.24
ky,2025-01-11,1.79
la,2025-01-11,0.69
ma,2025-01-11,1.62
md,2025-01-11,1.13
me,2025-01-11,2.66
mi,2025-01-11,2.27
mn,2025-01-11,2.03
ms,2025-01-11,1
mt,2025-01-11,1
nc,2025-01-11,1.27
nd,2025-01-11,1.2
ne,2025-01-11,1.18
nh,2025-01-11,2.22
nj,2025-01-11,1.25
nm,2025-01-11,1.76
nv,2025-01-11,0.64
ny,2025-01-11,0.93
oh,2025-01-11,1.65
ok,2025-01-11,1.4
or,2025-01-11,0.58
pa,2025-01-11,1.4
ri,2025-01-11,1.22
sc,2025-01-11,0.94
sd,2025-01-11,2.07
tn,2025-01-11,1.03
tx,2025-01-11,0.69
ut,2025-01-11,0.89
va,2025-01-11,1.24
vt,2025-01-11,1.62
wa,2025-01-11,0.57
wi,2025-01-11,1.98
wv,2025-01-11,1.84
wy,2025-01-11,0
ak,2025-01-18,0.27
al,2025-01-18,0.98
ar,2025-01-18,0.71
az,2025-01-18,0.93
ca,2025-01-18,0.52
co,2025-01-18,0.81
ct,2025-01-18,1.74
dc,2025-01-18,0.76
de,2025-01-18,1.23
fl,2025-01-18,0.62
ga,2025-01-18,0.6
hi,2025-01-18,0.55
ia,2025-01-18,1.5
id,2025-01-18,1
il,2025-01-18,1.57
in,2025-01-18,1.48
ks,2025-01-18,1.18
ky,2025-01-18,1.3
la,2025-01-18,0.74
ma,2025-01-18,1.37
md,2025-01-18,1.08
me,2025-01-18,1.93
mi,2025-01-18,1.89
mn,2025-01-18,1.57
ms,2025-01-18,1.04
mt,2025-01-18,0.83
nc,2025-01-18,1.14
nd,2025-01-18,1.09
ne,2025-01-18,0.71
nh,2025-01-18,2
nj,2025-01-18,1.24
nm,2025-01-18,1.28
nv,2025-01-18,0.5
ny,2025-01-18,0.85
oh,2025-01-18,1.26
ok,2025-01-18,1.21
or,2025-01-18,0.51
pa,2025-01-18,1.09
ri,2025-01-18,1.02
sc,2025-01-18,1.06
sd,2025-01-18,1.94
tn,2025-01-18,0.89
tx,2025-01-18,0.66
ut,2025-01-18,0.68
va,2025-01-18,1.02
vt,2025-01-18,1.7
wa,2025-01-18,0.48
wi,2025-01-18,1.7
wv,2025-01-18,1.2
wy,2025-01-18,0
ak,2025-01-25,0.28
al,2025-01-25,1.04
ar,2025-01-25,0.88
az,2025-01-25,0.87
ca,2025-01-25,0.64
co,2025-01-25,0.79
ct,2025-01-25,1.41
dc,2025-01-25,0.65
de,2025-01-25,1.07
fl,2025-01-25,0.68
ga,2025-01-25,0.72
hi,2025-01-25,0.44
ia,2025-01-25,1.83
id,2025-01-25,0.73
il,2025-01-25,1.61
in,2025-01-25,1.44
ks,2025-01-25,1.02
ky,2025-01-25,1.4
la,2025-01-25,0.89
ma,2025-01-25,1.32
md,2025-01-25,1.15
me,2025-01-25,1.62
mi,2025-01-25,1.75
mn,2025-01-25,1.51
ms,2025-01-25,1.21
mt,2025-01-25,0.74
nc,2025-01-25,1.26
nd,2025-01-25,0.76
ne,2025-01-25,0.75
nh,2025-01-25,1.65
nj,2025-01-25,1.2
nm,2025-01-25,0.98
nv,2025-01-25,0.42
ny,2025-01-25,0.95
oh,2025-01-25,1.28
ok,2025-01-25,1.05
or,2025-01-25,0.46
pa,2025-01-25,1.08
ri,2025-01-25,1.04
sc,2025-01-25,1.09
sd,2025-01-25,1.41
tn,2025-01-25,0.98
tx,2025-01-25,0.78
ut,2025-01-25,0.63
va,2025-01-25,1.13
vt,2025-01-25,1.37
wa,2025-01-25,0.53
wi,2025-01-25,1.69
wv,2025-01-25,1.27
wy,2025-01-25,0
ak,2025-02-01,0.21
al,2025-02-01,1.2
ar,2025-02-01,0.94
az,2025-02-01,0.77
ca,2025-02-01,0.62
co,2025-02-01,0.74
ct,2025-02-01,1.4
dc,2025-02-01,0.88
de,2025-02-01,1.18
fl,2025-02-01,0.68
ga,2025-02-01,0.74
hi,2025-02-01,0.48
ia,2025-02-01,1.43
id,2025-02-01,0.75
il,2025-02-01,1.53
in,2025-02-01,1.36
ks,2025-02-01,0.97
ky,2025-02-01,1.56
la,2025-02-01,0.91
ma,2025-02-01,1.17
md,2025-02-01,1.18
me,2025-02-01,1.43
mi,2025-02-01,1.63
mn,2025-02-01,1.24
ms,2025-02-01,1.15
mt,2025-02-01,0.82
nc,2025-02-01,1.15
nd,2025-02-01,0.75
ne,2025-02-01,0.74
nh,2025-02-01,1.24
nj,2025-02-01,1.27
nm,2025-02-01,0.94
nv,2025-02-01,0.45
ny,2025-02-01,0.92
oh,2025-02-01,1.23
ok,2025-02-01,1.15
or,2025-02-01,0.6
pa,2025-02-01,1.07
ri,2025-02-01,1.02
sc,2025-02-01,1.11
sd,2025-02-01,1.36
tn,2025-02-01,1.19
tx,2025-02-01,0.94
ut,2025-02-01,0.63
va,2025-02-01,1.31
vt,2025-02-01,1.62
wa,2025-02-01,0.64
wi,2025-02-01,1.39
wv,2025-02-01,1.25
wy,2025-02-01,0
ak,2025-02-08,0.25
al,2025-02-08,1.25
ar,2025-02-08,1
az,2025-02-08,0.77
ca,2025-02-08,0.56
co,2025-02-08,0.64
ct,2025-02-08,1.39
dc,2025-02-08,0.95
de,2025-02-08,1.5
fl,2025-02-08,0.61
ga,2025-02-08,0.9
hi,2025-02-08,0.43
ia,2025-02-08,1.4
id,2025-02-08,0.96
il,2025-02-08,1.58
in,2025-02-08,1.4
ks,2025-02-08,1.22
ky,2025-02-08,1.79
la,2025-02-08,0.97
ma,2025-02-08,0.94
md,2025-02-08,1.29
me,2025-02-08,1.14
mi,2025-02-08,1.41
mn,2025-02-08,1.28
ms,2025-02-08,1.17
mt,2025-02-08,0.95
nc,2025-02-08,1.22
nd,2025-02-08,0.91
ne,2025-02-08,0.66
nh,2025-02-08,0.97
nj,2025-02-08,1.35
nm,2025-02-08,0.83
nv,2025-02-08,0.43
ny,2025-02-08,0.9
oh,2025-02-08,1.22
ok,2025-02-08,1.19
or,2025-02-08,0.54
pa,2025-02-08,1.02
ri,2025-02-08,0.83
sc,2025-02-08,1.15
sd,2025-02-08,1.14
tn,2025-02-08,1.34
tx,2025-02-08,0.98
ut,2025-02-08,0.66
va,2025-02-08,1.41
vt,2025-02-08,1.38
wa,2025-02-08,0.67
wi,2025-02-08,1.35
wv,2025-02-08,1.34
wy,2025-02-08,0
ak,2025-02-15,0.3
al,2025-02-15,1.31
ar,2025-02-15,0.82
az,2025-02-15,0.76
ca,2025-02-15,0.49
co,2025-02-15,0.75
ct,2025-02-15,1.06
dc,2025-02-15,1.07
de,2025-02-15,1.29
fl,2025-02-15,0.55
ga,2025-02-15,0.83
hi,2025-02-15,0.53
ia,2025-02-15,1.16
id,2025-02-15,0.91
il,2025-02-15,1.56
in,2025-02-15,1.35
ks,2025-02-15,1.26
ky,2025-02-15,1.49
la,2025-02-15,0.87
ma,2025-02-15,0.95
md,2025-02-15,1.19
me,2025-02-15,0.68
mi,2025-02-15,1.39
mn,2025-02-15,0.99
ms,2025-02-15,1.17
mt,2025-02-15,0.75
nc,2025-02-15,1.18
nd,2025-02-15,0.96
ne,2025-02-15,0.49
nh,2025-02-15,0.8
nj,2025-02-15,1.11
nm,2025-02-15,0.72
nv,2025-02-15,0.4
ny,2025-02-15,0.86
oh,2025-02-15,1.18
ok,2025-02-15,1.2
or,2025-02-15,0.54
pa,2025-02-15,0.99
ri,2025-02-15,0.59
sc,2025-02-15,1.04
sd,2025-02-15,1
tn,2025-02-15,1.29
tx,2025-02-15,0.88
ut,2025-02-15,0.67
va,2025-02-15,1.4
vt,2025-02-15,1.07
wa,2025-02-15,0.73
wi,2025-02-15,1.18
wv,2025-02-15,1.42
wy,2025-02-15,0
ak,2025-02-22,0.4
al,2025-02-22,1.16
ar,2025-02-22,0.97
az,2025-02-22,0.65
ca,2025-02-22,0.44
co,2025-02-22,0.65
ct,2025-02-22,0.95
dc,2025-02-22,0.72
de,2025-02-22,1.23
fl,2025-02-22,0.5
ga,2025-02-22,1.03
hi,2025-02-22,0.43
ia,2025-02-22,1.03
id,2025-02-22,0.84
il,2025-02-22,1.36
in,2025-02-22,1.27
ks,2025-02-22,1.04
ky,2025-02-22,1.39
la,2025-02-22,1
ma,2025-02-22,0.71
md,2025-02-22,1.13
me,2025-02-22,0.54
mi,2025-02-22,1.3
mn,2025-02-22,0.82
ms,2025-02-22,1.02
mt,2025-02-22,0.52
nc,2025-02-22,1.19
nd,2025-02-22,0.51
ne,2025-02-22,0.44
nh,2025-02-22,0.57
nj,2025-02-22,1.01
nm,2025-02-22,0.79
nv,2025-02-22,0.45
ny,2025-02-22,0.8
oh,2025-02-22,1.05
ok,2025-02-22,0.97
or,2025-02-22,0.54
pa,2025-02-22,0.84
ri,2025-02-22,0.61
sc,2025-02-22,0.91
sd,2025-02-22,0.94
tn,2025-02-22,1.22
tx,2025-02-22,0.84
ut,2025-02-22,0.65
va,2025-02-22,1.22
vt,2025-02-22,0.97
wa,2025-02-22,0.71
wi,2025-02-22,0.98
wv,2025-02-22,1.33
wy,2025-02-22,0
ak,2025-03-01,0.56
al,2025-03-01,1.35
ar,2025-03-01,0.76
az,2025-03-01,0.62
ca,2025-03-01,0.39
co,2025-03-01,0.53
ct,2025-03-01,0.75
dc,2025-03-01,0.76
de,2025-03-01,1.14
fl,2025-03-01,0.49
ga,2025-03-01,1.03
hi,2025-03-01,0.41
ia,2025-03-01,0.97
id,2025-03-01,0.68
il,2025-03-01,1.18
in,2025-03-01,1.08
ks,2025-03-01,0.79
ky,2025-03-01,1.18
la,2025-03-01,1.05
ma,2025-03-01,0.59
md,2025-03-01,0.94
me,2025-03-01,0.44
mi,2025-03-01,1.11
mn,2025-03-01,0.78
ms,2025-03-01,1.05
mt,2025-03-01,0.55
nc,2025-03-01,1.07
nd,2025-03-01,0.46
ne,2025-03-01,0.38
nh,2025-03-01,0.48
nj,2025-03-01,0.99
nm,2025-03-01,0.52
nv,2025-03-01,0.33
ny,2025-03-01,0.78
oh,2025-03-01,0.85
ok,2025-03-01,0.71
or,2025-03-01,0.47
pa,2025-03-01,0.7
ri,2025-03-01,0.33
sc,2025-03-01,1.1
sd,2025-03-01,0.77
tn,2025-03-01,1.19
tx,2025-03-01,0.87
ut,2025-03-01,0.56
va,2025-03-01,1.09
vt,2025-03-01,0.49
wa,2025-03-01,0.53
wi,2025-03-01,0.88
wv,2025-03-01,1.13
wy,2025-03-01,0
ak,2025-03-08,0.69
al,2025-03-08,1.49
ar,2025-03-08,0.87
az,2025-03-08,0.53
ca,2025-03-08,0.39
co,2025-03-08,0.51
ct,2025-03-08,0.74
dc,2025-03-08,0.67
de,2025-03-08,0.97
fl,2025-03-08,0.47
ga,2025-03-08,1.1
hi,2025-03-08,0.38
ia,2025-03-08,0.83
id,2025-03-08,0.64
il,2025-03-08,1.16
in,2025-03-08,0.99
ks,2025-03-08,0.72
ky,2025-03-08,1.09
la,2025-03-08,1.26
ma,2025-03-08,0.54
md,2025-03-08,0.92
me,2025-03-08,0.51
mi,2025-03-08,0.94
mn,2025-03-08,0.65
ms,2025-03-08,1.17
mt,2025-03-08,0.52
nc,2025-03-08,1.2
nd,2025-03-08,0.43
ne,2025-03-08,0.37
nh,2025-03-08,0.37
nj,2025-03-08,1.03
nm,2025-03-08,0.5
nv,2025-03-08,0.32
ny,2025-03-08,0.72
oh,2025-03-08,0.84
ok,2025-03-08,0.74
or,2025-03-08,0.42
pa,2025-03-08,0.65
ri,2025-03-08,0.52
sc,2025-03-08,1.18
sd,2025-03-08,0.58
tn,2025-03-08,1.13
tx,2025-03-08,0.87
ut,2025-03-08,0.62
va,2025-03-08,1.11
vt,2025-03-08,0.57
wa,2025-03-08,0.49
wi,2025-03-08,0.75
wv,2025-03-08,1.02
wy,2025-03-08,0
ak,2025-03-15,0.8
al,2025-03-15,1.29
ar,2025-03-15,0.76
az,2025-03-15,0.5
ca,2025-03-15,0.39
co,2025-03-15,0.49
ct,2025-03-15,0.8
dc,2025-03-15,0.5
de,2025-03-15,0.82
fl,2025-03-15,0.47
ga,2025-03-15,1.01
hi,2025-03-15,0.39
ia,2025-03-15,0.5
id,2025-03-15,0.77
il,2025-03-15,1.04
in,2025-03-15,0.84
ks,2025-03-15,0.64
ky,2025-03-15,1.04
la,2025-03-15,1.22
ma,2025-03-15,0.53
md,2025-03-15,0.83
me,2025-03-15,0.33
mi,2025-03-15,0.81
mn,2025-03-15,0.61
ms,2025-03-15,1.19
mt,2025-03-15,0.59
nc,2025-03-15,1.17
nd,2025-03-15,0.43
ne,2025-03-15,0.42
nh,2025-03-15,0.34
nj,2025-03-15,0.93
nm,2025-03-15,0.53
nv,2025-03-15,0.36
ny,2025-03-15,0.81
oh,2025-03-15,0.7
ok,2025-03-15,0.98
or,2025-03-15,0.43
pa,2025-03-15,0.58
ri,2025-03-15,0.58
sc,2025-03-15,1.2
sd,2025-03-15,0.4
tn,2025-03-15,1.09
tx,2025-03-15,0.87
ut,2025-03-15,0.58
va,2025-03-15,1
vt,2025-03-15,0.54
wa,2025-03-15,0.46
wi,2025-03-15,0.59
wv,2025-03-15,0.95
wy,2025-03-15,0
ak,2025-03-22,0.39
al,2025-03-22,1.18
ar,2025-03-22,0.84
az,2025-03-22,0.48
ca,2025-03-22,0.41
co,2025-03-22,0.43
ct,2025-03-22,0.71
dc,2025-03-22,0.6
de,2025-03-22,0.71
fl,2025-03-22,0.46
ga,2025-03-22,0.75
hi,2025-03-22,0.35
ia,2025-03-22,0.64
id,2025-03-22,0.68
il,2025-03-22,0.81
in,2025-03-22,0.76
ks,2025-03-22,0.56
ky,2025-03-22,0.93
la,2025-03-22,1.07
ma,2025-03-22,0.56
md,2025-03-22,0.85
me,2025-03-22,0.33
mi,2025-03-22,0.76
mn,2025-03-22,0.5
ms,2025-03-22,0.95
mt,2025-03-22,0.45
nc,2025-03-22,1.19
nd,2025-03-22,0.18
ne,2025-03-22,0.3
nh,2025-03-22,0.54
nj,2025-03-22,0.94
nm,2025-03-22,0.45
nv,2025-03-22,0.33
ny,2025-03-22,0.84
oh,2025-03-22,0.59
ok,2025-03-22,0.91
or,2025-03-22,0.42
pa,2025-03-22,0.53
ri,2025-03-22,0.58
sc,2025-03-22,0.96
sd,2025-03-22,0.53
tn,2025-03-22,1
tx,2025-03-22,0.74
ut,2025-03-22,0.54
va,2025-03-22,0.9
vt,2025-03-22,0.54
wa,2025-03-22,0.49
wi,2025-03-22,0.59
wv,2025-03-22,0.89
wy,2025-03-22,0
ak,2025-03-29,0.57
al,2025-03-29,0.92
ar,2025-03-29,0.72
az,2025-03-29,0.47
ca,2025-03-29,0.38
co,2025-03-29,0.4
ct,2025-03-29,0.69
dc,2025-03-29,0.66
de,2025-03-29,0.62
fl,2025-03-29,0.47
ga,2025-03-29,0.84
hi,2025-03-29,0.41
ia,2025-03-29,0.53
id,2025-03-29,0.64
il,2025-03-29,0.81
in,2025-03-29,0.61
ks,2025-03-29,0.35
ky,2025-03-29,0.8
la,2025-03-29,0.91
ma,2025-03-29,0.56
md,2025-03-29,0.76
me,2025-03-29,0.28
mi,2025-03-29,0.67
mn,2025-03-29,0.57
ms,2025-03-29,0.71
mt,2025-03-29,0.44
nc,2025-03-29,1.07
nd,2025-03-29,0.19
ne,2025-03-29,0.27
nh,2025-03-29,0.38
nj,2025-03-29,0.9
nm,2025-03-29,0.47
nv,2025-03-29,0.42
ny,2025-03-29,0.87
oh,2025-03-29,0.59
ok,2025-03-29,0.87
or,2025-03-29,0.36
pa,2025-03-29,0.44
ri,2025-03-29,0.41
sc,2025-03-29,0.89
sd,2025-03-29,0.37
tn,2025-03-29,0.8
tx,2025-03-29,0.72
ut,2025-03-29,0.48
va,2025-03-29,0.9
vt,2025-03-29,0.35
wa,2025-03-29,0.49
wi,2025-03-29,0.56
wv,2025-03-29,0.61
wy,2025-03-29,0
ak,2025-04-05,0.48
al,2025-04-05,0.75
ar,2025-04-05,0.52
az,2025-04-05,0.43
ca,2025-04-05,0.36
co,2025-04-05,0.39
ct,2025-04-05,0.7
dc,2025-04-05,0.42
de,2025-04-05,0.44
fl,2025-04-05,0.42
ga,2025-04-05,0.71
hi,2025-04-05,0.5
ia,2025-04-05,0.46
id,2025-04-05,0.63
il,2025-04-05,0.64
in,2025-04-05,0.58
ks,2025-04-05,0.41
ky,2025-04-05,0.66
la,2025-04-05,0.76
ma,2025-04-05,0.53
md,2025-04-05,0.67
me,2025-04-05,0.29
mi,2025-04-05,0.56
mn,2025-04-05,0.58
ms,2025-04-05,0.61
mt,2025-04-05,0.45
nc,2025-04-05,0.96
nd,2025-04-05,0.29
ne,2025-04-05,0.33
nh,2025-04-05,0.57
nj,2025-04-05,0.81
nm,2025-04-05,0.52
nv,2025-04-05,0.32
ny,2025-04-05,0.81
oh,2025-04-05,0.44
ok,2025-04-05,0.72
or,2025-04-05,0.35
pa,2025-04-05,0.46
ri,2025-04-05,0.23
sc,2025-04-05,0.86
sd,2025-04-05,0.22
tn,2025-04-05,0.72
tx,2025-04-05,0.64
ut,2025-04-05,0.39
va,2025-04-05,0.8
vt,2025-04-05,0.47
wa,2025-04-05,0.39
wi,2025-04-05,0.44
wv,2025-04-05,0.63
wy,2025-04-05,0
ak,2025-04-12,0.67
al,2025-04-12,0.61
ar,2025-04-12,0.4
az,2025-04-12,0.44
ca,2025-04-12,0.38
co,2025-04-12,0.36
ct,2025-04-12,0.59
dc,2025-04-12,0.36
de,2025-04-12,0.4
fl,2025-04-12,0.4
ga,2025-04-12,0.49
hi,2025-04-12,0.42
ia,2025-04-12,0.42
id,2025-04-12,0.64
il,2025-04-12,0.54
in,2025-04-12,0.36
ks,2025-04-12,0.31
ky,2025-04-12,0.42
la,2025-04-12,0.67
ma,2025-04-12,0.47
md,2025-04-12,0.52
me,2025-04-12,0.26
mi,2025-04-12,0.43
mn,2025-04-12,0.62
ms,2025-04-12,0.62
mt,2025-04-12,0.41
nc,2025-04-12,0.67
nd,2025-04-12,0.17
ne,2025-04-12,0.3
nh,2025-04-12,0.51
nj,2025-04-12,0.76
nm,2025-04-12,0.46
nv,2025-04-12,0.38
ny,2025-04-12,0.79
oh,2025-04-12,0.4
ok,2025-04-12,0.51
or,2025-04-12,0.31
pa,2025-04-12,0.37
ri,2025-04-12,0.32
sc,2025-04-12,0.6
sd,2025-04-12,0.27
tn,2025-04-12,0.48
tx,2025-04-12,0.62
ut,2025-04-12,0.46
va,2025-04-12,0.52
vt,2025-04-12,0.53
wa,2025-04-12,0.47
wi,2025-04-12,0.4
wv,2025-04-12,0.43
wy,2025-04-12,0
ak,2025-04-19,0.61
al,2025-04-19,0.59
ar,2025-04-19,0.37
az,2025-04-19,0.47
ca,2025-04-19,0.35
co,2025-04-19,0.31
ct,2025-04-19,0.68
dc,2025-04-19,0.29
de,2025-04-19,0.25
fl,2025-04-19,0.43
ga,2025-04-19,0.44
hi,2025-04-19,0.55
ia,2025-04-19,0.43
id,2025-04-19,0.5
il,2025-04-19,0.45
in,2025-04-19,0.41
ks,2025-04-19,0.28
ky,2025-04-19,0.41
la,2025-04-19,0.67
ma,2025-04-19,0.48
md,2025-04-19,0.52
me,2025-04-19,0.29
mi,2025-04-19,0.41
mn,2025-04-19,0.55
ms,2025-04-19,0.6
mt,2025-04-19,0.35
nc,2025-04-19,0.67
nd,2025-04-19,0.21
ne,2025-04-19,0.3
nh,2025-04-19,0.47
nj,2025-04-19,0.72
nm,2025-04-19,0.5
nv,2025-04-19,0.35
ny,2025-04-19,0.71
oh,2025-04-19,0.38
ok,2025-04-19,0.59
or,2025-04-19,0.41
pa,2025-04-19,0.34
ri,2025-04-19,0.48
sc,2025-04-19,0.59
sd,2025-04-19,0.3
tn,2025-04-19,0.46
tx,2025-04-19,0.61
ut,2025-04-19,0.32
va,2025-04-19,0.49
vt,2025-04-19,0.55
wa,2025-04-19,0.47
wi,2025-04-19,0.38
wv,2025-04-19,0.41
wy,2025-04-19,0
ak,2025-04-26,0.41
al,2025-04-26,0.61
ar,2025-04-26,0.37
az,2025-04-26,0.5
ca,2025-04-26,0.4
co,2025-04-26,0.33
ct,2025-04-26,0.56
dc,2025-04-26,0.2
de,2025-04-26,0.31
fl,2025-04-26,0.46
ga,2025-04-26,0.37
hi,2025-04-26,0.73
ia,2025-04-26,0.48
id,2025-04-26,0.6
il,2025-04-26,0.42
in,2025-04-26,0.41
ks,2025-04-26,0.22
ky,2025-04-26,0.33
la,2025-04-26,0.54
ma,2025-04-26,0.5
md,2025-04-26,0.48
me,2025-04-26,0.18
mi,2025-04-26,0.41
mn,2025-04-26,0.5
ms,2025-04-26,0.57
mt,2025-04-26,0.37
nc,2025-04-26,0.56
nd,2025-04-26,0.2
ne,2025-04-26,0.26
nh,2025-04-26,0.32
nj,2025-04-26,0.58
nm,2025-04-26,0.43
nv,2025-04-26,0.38
ny,2025-04-26,0.65
oh,2025-04-26,0.29
ok,2025-04-26,0.43
or,2025-04-26,0.42
pa,2025-04-26,0.32
ri,2025-04-26,0.39
sc,2025-04-26,0.52
sd,2025-04-26,0.23
tn,2025-04-26,0.45
tx,2025-04-26,0.53
ut,2025-04-26,0.45
va,2025-04-26,0.42
vt,2025-04-26,0.37
wa,2025-04-26,0.45
wi,2025-04-26,0.44
wv,2025-04-26,0.4
wy,2025-04-26,0
ak,2025-05-03,0.52
al,2025-05-03,0.48
ar,2025-05-03,0.3
az,2025-05-03,0.47
ca,2025-05-03,0.38
co,2025-05-03,0.34
ct,2025-05-03,0.46
dc,2025-05-03,0.34
de,2025-05-03,0.23
fl,2025-05-03,0.44
ga,2025-05-03,0.33
hi,2025-05-03,0.83
ia,2025-05-03,0.37
id,2025-05-03,0.58
il,2025-05-03,0.34
in,2025-05-03,0.32
ks,2025-05-03,0.24
ky,2025-05-03,0.34
la,2025-05-03,0.42
ma,2025-05-03,0.42
md,2025-05-03,0.36
me,2025-05-03,0.19
mi,2025-05-03,0.32
mn,2025-05-03,0.49
ms,2025-05-03,0.51
mt,2025-05-03,0.27
nc,2025-05-03,0.39
nd,2025-05-03,0.07
ne,2025-05-03,0.22
nh,2025-05-03,0.26
nj,2025-05-03,0.52
nm,2025-05-03,0.26
nv,2025-05-03,0.36
ny,2025-05-03,0.48
oh,2025-05-03,0.24
ok,2025-05-03,0.36
or,2025-05-03,0.47
pa,2025-05-03,0.24
ri,2025-05-03,0.38
sc,2025-05-03,0.36
sd,2025-05-03,0.21
tn,2025-05-03,0.32
tx,2025-05-03,0.46
ut,2025-05-03,0.43
va,2025-05-03,0.33
vt,2025-05-03,0.39
wa,2025-05-03,0.49
wi,2025-05-03,0.36
wv,2025-05-03,0.15
wy,2025-05-03,0
ak,2025-05-10,0.42
al,2025-05-10,0.4
ar,2025-05-10,0.26
az,2025-05-10,0.46
ca,2025-05-10,0.43
co,2025-05-10,0.29
ct,2025-05-10,0.39
dc,2025-05-10,0.25
de,2025-05-10,0.19
fl,2025-05-10,0.42
ga,2025-05-10,0.27
hi,2025-05-10,0.96
ia,2025-05-10,0.26
id,2025-05-10,0.58
il,2025-05-10,0.32
in,2025-05-10,0.22
ks,2025-05-10,0.19
ky,2025-05-10,0.31
la,2025-05-10,0.43
ma,2025-05-10,0.33
md,2025-05-10,0.26
me,2025-05-10,0.21
mi,2025-05-10,0.23
mn,2025-05-10,0.5
ms,2025-05-10,0.48
mt,2025-05-10,0.18
nc,2025-05-10,0.37
nd,2025-05-10,0.2
ne,2025-05-10,0.18
nh,2025-05-10,0.21
nj,2025-05-10,0.4
nm,2025-05-10,0.39
nv,2025-05-10,0.5
ny,2025-05-10,0.38
oh,2025-05-10,0.2
ok,2025-05-10,0.25
or,2025-05-10,0.42
pa,2025-05-10,0.17
ri,2025-05-10,0.26
sc,2025-05-10,0.33
sd,2025-05-10,0.14
tn,2025-05-10,0.24
tx,2025-05-10,0.46
ut,2025-05-10,0.35
va,2025-05-10,0.3
vt,2025-05-10,0.4
wa,2025-05-10,0.45
wi,2025-05-10,0.28
wv,2025-05-10,0.19
wy,2025-05-10,0
ak,2025-05-17,0.54
al,2025-05-17,0.41
ar,2025-05-17,0.21
az,2025-05-17,0.5
ca,2025-05-17,0.45
co,2025-05-17,0.32
ct,2025-05-17,0.42
dc,2025-05-17,0.12
de,2025-05-17,0.23
fl,2025-05-17,0.46
ga,2025-05-17,0.22
hi,2025-05-17,1.04
ia,2025-05-17,0.27
id,2025-05-17,0.55
il,2025-05-17,0.26
in,2025-05-17,0.23
ks,2025-05-17,0.15
ky,2025-05-17,0.31
la,2025-05-17,0.54
ma,2025-05-17,0.33
md,2025-05-17,0.35
me,2025-05-17,0.18
mi,2025-05-17,0.23
mn,2025-05-17,0.34
ms,2025-05-17,0.43
mt,2025-05-17,0.37
nc,2025-05-17,0.33
nd,2025-05-17,0.21
ne,2025-05-17,0.14
nh,2025-05-17,0.26
nj,2025-05-17,0.35
nm,2025-05-17,0.33
nv,2025-05-17,0.37
ny,2025-05-17,0.37
oh,2025-05-17,0.18
ok,2025-05-17,0.19
or,2025-05-17,0.46
pa,2025-05-17,0.17
ri,2025-05-17,0.33
sc,2025-05-17,0.31
sd,2025-05-17,0.17
tn,2025-05-17,0.23
tx,2025-05-17,0.46
ut,2025-05-17,0.36
va,2025-05-17,0.32
vt,2025-05-17,0.28
wa,2025-05-17,0.51
wi,2025-05-17,0.23
wv,2025-05-17,0.16
wy,2025-05-17,0
ak,2025-05-24,0.59
al,2025-05-24,0.42
ar,2025-05-24,0.19
az,2025-05-24,0.49
ca,2025-05-24,0.47
co,2025-05-24,0.28
ct,2025-05-24,0.3
dc,2025-05-24,0.22
de,2025-05-24,0.21
fl,2025-05-24,0.49
ga,2025-05-24,0.25
hi,2025-05-24,1.09
ia,2025-05-24,0.3
id,2025-05-24,0.43
il,2025-05-24,0.25
in,2025-05-24,0.16
ks,2025-05-24,0.12
ky,2025-05-24,0.22
la,2025-05-24,0.65
ma,2025-05-24,0.33
md,2025-05-24,0.26
me,2025-05-24,0.15
mi,2025-05-24,0.2
mn,2025-05-24,0.28
ms,2025-05-24,0.36
mt,2025-05-24,0.24
nc,2025-05-24,0.3
nd,2025-05-24,0.1
ne,2025-05-24,0.1
nh,2025-05-24,0.27
nj,2025-05-24,0.36
nm,2025-05-24,0.37
nv,2025-05-24,0.37
ny,2025-05-24,0.33
oh,2025-05-24,0.15
ok,2025-05-24,0.19
or,2025-05-24,0.38
pa,2025-05-24,0.16
ri,2025-05-24,0.21
sc,2025-05-24,0.36
sd,2025-05-24,0.09
tn,2025-05-24,0.21
tx,2025-05-24,0.45
ut,2025-05-24,0.36
va,2025-05-24,0.27
vt,2025-05-24,0.42
wa,2025-05-24,0.55
wi,2025-05-24,0.19
wv,2025-05-24,0.21
wy,2025-05-24,0
ak,2025-05-31,0.65
al,2025-05-31,0.39
ar,2025-05-31,0.19
az,2025-05-31,0.54
ca,2025-05-31,0.53
co,2025-05-31,0.31
ct,2025-05-31,0.4
dc,2025-05-31,0.38
de,2025-05-31,0.25
fl,2025-05-31,0.62
ga,2025-05-31,0.24
hi,2025-05-31,0.95
ia,2025-05-31,0.18
id,2025-05-31,0.41
il,2025-05-31,0.24
in,2025-05-31,0.19
ks,2025-05-31,0.14
ky,2025-05-31,0.2
la,2025-05-31,0.52
ma,2025-05-31,0.36
md,2025-05-31,0.34
me,2025-05-31,0.14
mi,2025-05-31,0.22
mn,2025-05-31,0.29
ms,2025-05-31,0.36
mt,2025-05-31,0.29
nc,2025-05-31,0.37
nd,2025-05-31,0.14
ne,2025-05-31,0.1
nh,2025-05-31,0.25
nj,2025-05-31,0.4
nm,2025-05-31,0.46
nv,2025-05-31,0.34
ny,2025-05-31,0.39
oh,2025-05-31,0.16
ok,2025-05-31,0.18
or,2025-05-31,0.44
pa,2025-05-31,0.17
ri,2025-05-31,0.16
sc,2025-05-31,0.31
sd,2025-05-31,0.23
tn,2025-05-31,0.22
tx,2025-05-31,0.51
ut,2025-05-31,0.38
va,2025-05-31,0.27
vt,2025-05-31,0.25
wa,2025-05-31,0.53
wi,2025-05-31,0.19
wv,2025-05-31,0.13
wy,2025-05-31,0
ak,2025-06-07,0.49
al,2025-06-07,0.34
ar,2025-06-07,0.15
az,2025-06-07,0.48
ca,2025-06-07,0.56
co,2025-06-07,0.25
ct,2025-06-07,0.34
dc,2025-06-07,0.33
de,2025-06-07,0.23
fl,2025-06-07,0.76
ga,2025-06-07,0.23
hi,2025-06-07,1.15
ia,2025-06-07,0.19
id,2025-06-07,0.35
il,2025-06-07,0.24
in,2025-06-07,0.16
ks,2025-06-07,0.15
ky,2025-06-07,0.2
la,2025-06-07,0.48
ma,2025-06-07,0.36
md,2025-06-07,0.33
me,2025-06-07,0.18
mi,2025-06-07,0.19
mn,2025-06-07,0.3
ms,2025-06-07,0.34
mt,2025-06-07,0.21
nc,2025-06-07,0.31
nd,2025-06-07,0.16
ne,2025-06-07,0.13
nh,2025-06-07,0.2
nj,2025-06-07,0.38
nm,2025-06-07,0.43
nv,2025-06-07,0.36
ny,2025-06-07,0.35
oh,2025-06-07,0.16
ok,2025-06-07,0.15
or,2025-06-07,0.44
pa,2025-06-07,0.17
ri,2025-06-07,0.31
sc,2025-06-07,0.3
sd,2025-06-07,0.1
tn,2025-06-07,0.19
tx,2025-06-07,0.51
ut,2025-06-07,0.31
va,2025-06-07,0.29
vt,2025-06-07,0.15
wa,2025-06-07,0.58
wi,2025-06-07,0.18
wv,2025-06-07,0.17
wy,2025-06-07,0
ak,2025-06-14,0.49
al,2025-06-14,0.35
ar,2025-06-14,0.09
az,2025-06-14,0.46
ca,2025-06-14,0.57
co,2025-06-14,0.28
ct,2025-06-14,0.35
dc,2025-06-14,0.18
de,2025-06-14,0.21
fl,2025-06-14,0.85
ga,2025-06-14,0.24
hi,2025-06-14,1.09
ia,2025-06-14,0.13
id,2025-06-14,0.42
il,2025-06-14,0.22
in,2025-06-14,0.18
ks,2025-06-14,0.12
ky,2025-06-14,0.18
la,2025-06-14,0.47
ma,2025-06-14,0.3
md,2025-06-14,0.29
me,2025-06-14,0.16
mi,2025-06-14,0.17
mn,2025-06-14,0.2
ms,2025-06-14,0.38
mt,2025-06-14,0.21
nc,2025-06-14,0.28
nd,2025-06-14,0.13
ne,2025-06-14,0.12
nh,2025-06-14,0.11
nj,2025-06-14,0.33
nm,2025-06-14,0.38
nv,2025-06-14,0.27
ny,2025-06-14,0.32
oh,2025-06-14,0.15
ok,2025-06-14,0.14
or,2025-06-14,0.41
pa,2025-06-14,0.14
ri,2025-06-14,0.24
sc,2025-06-14,0.27
sd,2025-06-14,0.12
tn,2025-06-14,0.18
tx,2025-06-14,0.5
ut,2025-06-14,0.28
va,2025-06-14,0.3
vt,2025-06-14,0.2
wa,2025-06-14,0.48
wi,2025-06-14,0.13
wv,2025-06-14,0.2
wy,2025-06-14,0
ak,2025-06-21,0.62
al,2025-06-21,0.33
ar,2025-06-21,0.17
az,2025-06-21,0.51
ca,2025-06-21,0.58
co,2025-06-21,0.29
ct,2025-06-21,0.32
dc,2025-06-21,0.35
de,2025-06-21,0.17
fl,2025-06-21,1.01
ga,2025-06-21,0.25
hi,2025-06-21,1.12
ia,2025-06-21,0.17
id,2025-06-21,0.39
il,2025-06-21,0.21
in,2025-06-21,0.13
ks,2025-06-21,0.17
ky,2025-06-21,0.18
la,2025-06-21,0.58
ma,2025-06-21,0.32
md,2025-06-21,0.36
me,2025-06-21,0.15
mi,2025-06-21,0.19
mn,2025-06-21,0.21
ms,2025-06-21,0.33
mt,2025-06-21,0.38
nc,2025-06-21,0.3
nd,2025-06-21,0.08
ne,2025-06-21,0.13
nh,2025-06-21,0.15
nj,2025-06-21,0.33
nm,2025-06-21,0.4
nv,2025-06-21,0.29
ny,2025-06-21,0.32
oh,2025-06-21,0.13
ok,2025-06-21,0.13
or,2025-06-21,0.54
pa,2025-06-21,0.13
ri,2025-06-21,0.2
sc,2025-06-21,0.31
sd,2025-06-21,0.27
tn,2025-06-21,0.19
tx,2025-06-21,0.55
ut,2025-06-21,0.28
va,2025-06-21,0.28
vt,2025-06-21,0.17
wa,2025-06-21,0.59
wi,2025-06-21,0.15
wv,2025-06-21,0.17
wy,2025-06-21,0
ak,2025-06-28,0.62
al,2025-06-28,0.4
ar,2025-06-28,0.21
az,2025-06-28,0.53
ca,2025-06-28,0.58
co,2025-06-28,0.29
ct,2025-06-28,0.27
dc,2025-06-28,0.29
de,2025-06-28,0.26
fl,2025-06-28,1.22
ga,2025-06-28,0.26
hi,2025-06-28,1.17
ia,2025-06-28,0.15
id,2025-06-28,0.45
il,2025-06-28,0.18
in,2025-06-28,0.17
ks,2025-06-28,0.15
ky,2025-06-28,0.16
la,2025-06-28,0.58
ma,2025-06-28,0.33
md,2025-06-28,0.39
me,2025-06-28,0.15
mi,2025-06-28,0.15
mn,2025-06-28,0.26
ms,2025-06-28,0.46
mt,2025-06-28,0.32
nc,2025-06-28,0.34
nd,2025-06-28,0.06
ne,2025-06-28,0.14
nh,2025-06-28,0.19
nj,2025-06-28,0.35
nm,2025-06-28,0.23
nv,2025-06-28,0.44
ny,2025-06-28,0.31
oh,2025-06-28,0.11
ok,2025-06-28,0.18
or,2025-06-28,0.65
pa,2025-06-28,0.15
ri,2025-06-28,0.24
sc,2025-06-28,0.34
sd,2025-06-28,0.13
tn,2025-06-28,0.25
tx,2025-06-28,0.63
ut,2025-06-28,0.38
va,2025-06-28,0.27
vt,2025-06-28,0.16
wa,2025-06-28,0.69
wi,2025-06-28,0.12
wv,2025-06-28,0.25
wy,2025-06-28,0
ak,2025-07-05,0.77
al,2025-07-05,0.51
ar,2025-07-05,0.16
az,2025-07-05,0.61
ca,2025-07-05,0.64
co,2025-07-05,0.32
ct,2025-07-05,0.37
dc,2025-07-05,0.43
de,2025-07-05,0.29
fl,2025-07-05,1.36
ga,2025-07-05,0.33
hi,2025-07-05,1.28
ia,2025-07-05,0.16
id,2025-07-05,0.46
il,2025-07-05,0.24
in,2025-07-05,0.19
ks,2025-07-05,0.17
ky,2025-07-05,0.26
la,2025-07-05,0.69
ma,2025-07-05,0.34
md,2025-07-05,0.38
me,2025-07-05,0.23
mi,2025-07-05,0.17
mn,2025-07-05,0.29
ms,2025-07-05,0.58
mt,2025-07-05,0.44
nc,2025-07-05,0.35
nd,2025-07-05,0.09
ne,2025-07-05,0.11
nh,2025-07-05,0.34
nj,2025-07-05,0.38
nm,2025-07-05,0.33
nv,2025-07-05,0.38
ny,2025-07-05,0.28
oh,2025-07-05,0.14
ok,2025-07-05,0.24
or,2025-07-05,0.58
pa,2025-07-05,0.17
ri,2025-07-05,0.18
sc,2025-07-05,0.36
sd,2025-07-05,0.13
tn,2025-07-05,0.25
tx,2025-07-05,0.71
ut,2025-07-05,0.38
va,2025-07-05,0.36
vt,2025-07-05,0.21
wa,2025-07-05,0.67
wi,2025-07-05,0.16
wv,2025-07-05,0.24
wy,2025-07-05,0
ak,2025-07-12,0.61
al,2025-07-12,0.63
ar,2025-07-12,0.25
az,2025-07-12,0.55
ca,2025-07-12,0.78
co,2025-07-12,0.36
ct,2025-07-12,0.39
dc,2025-07-12,0.43
de,2025-07-12,0.19
fl,2025-07-12,1.6
ga,2025-07-12,0.36
hi,2025-07-12,2.06
ia,2025-07-12,0.23
id,2025-07-12,0.39
il,2025-07-12,0.22
in,2025-07-12,0.18
ks,2025-07-12,0.15
ky,2025-07-12,0.29
la,2025-07-12,0.85
ma,2025-07-12,0.35
md,2025-07-12,0.52
me,2025-07-12,0.16
mi,2025-07-12,0.15
mn,2025-07-12,0.26
ms,2025-07-12,0.67
mt,2025-07-12,0.24
nc,2025-07-12,0.44
nd,2025-07-12,0.18
ne,2025-07-12,0.09
nh,2025-07-12,0.27
nj,2025-07-12,0.4
nm,2025-07-12,0.37
nv,2025-07-12,0.51
ny,2025-07-12,0.33
oh,2025-07-12,0.15
ok,2025-07-12,0.19
or,2025-07-12,0.62
pa,2025-07-12,0.19
ri,2025-07-12,0.25
sc,2025-07-12,0.4
sd,2025-07-12,0.19
tn,2025-07-12,0.31
tx,2025-07-12,0.89
ut,2025-07-12,0.45
va,2025-07-12,0.47
vt,2025-07-12,0.23
wa,2025-07-12,0.72
wi,2025-07-12,0.16
wv,2025-07-12,0.23
wy,2025-07-12,0
ak,2025-07-19,0.88
al,2025-07-19,0.76
ar,2025-07-19,0.34
az,2025-07-19,0.65
ca,2025-07-19,0.84
co,2025-07-19,0.38
ct,2025-07-19,0.41
dc,2025-07-19,0.66
de,2025-07-19,0.43
fl,2025-07-19,1.77
ga,2025-07-19,0.5
hi,2025-07-19,2.18
ia,2025-07-19,0.32
id,2025-07-19,0.43
il,2025-07-19,0.29
in,2025-07-19,0.28
ks,2025-07-19,0.2
ky,2025-07-19,0.39
la,2025-07-19,1.06
ma,2025-07-19,0.4
md,2025-07-19,0.54
me,2025-07-19,0.27
mi,2025-07-19,0.19
mn,2025-07-19,0.29
ms,2025-07-19,0.79
mt,2025-07-19,0.28
nc,2025-07-19,0.52
nd,2025-07-19,0.14
ne,2025-07-19,0.15
nh,2025-07-19,0.27
nj,2025-07-19,0.43
nm,2025-07-19,0.42
nv,2025-07-19,0.49
ny,2025-07-19,0.36
oh,2025-07-19,0.2
ok,2025-07-19,0.33
or,2025-07-19,0.56
pa,2025-07-19,0.24
ri,2025-07-19,0.27
sc,2025-07-19,0.54
sd,2025-07-19,0.31
tn,2025-07-19,0.35
tx,2025-07-19,1.02
ut,2025-07-19,0.56
va,2025-07-19,0.53
vt,2025-07-19,0.26
wa,2025-07-19,0.68
wi,2025-07-19,0.18
wv,2025-07-19,0.23
wy,2025-07-19,0
ak,2025-07-26,0.89
al,2025-07-26,0.82
ar,2025-07-26,0.33
az,2025-07-26,0.66
ca,2025-07-26,0.95
co,2025-07-26,0.46
ct,2025-07-26,0.47
dc,2025-07-26,0.68
de,2025-07-26,0.41
fl,2025-07-26,1.99
ga,2025-07-26,0.58
hi,2025-07-26,2.9
ia,2025-07-26,0.44
id,2025-07-26,0.55
il,2025-07-26,0.4
in,2025-07-26,0.32
ks,2025-07-26,0.23
ky,2025-07-26,0.51
la,2025-07-26,1.31
ma,2025-07-26,0.43
md,2025-07-26,0.68
me,2025-07-26,0.25
mi,2025-07-26,0.2
mn,2025-07-26,0.39
ms,2025-07-26,0.77
mt,2025-07-26,0.36
nc,2025-07-26,0.65
nd,2025-07-26,0.18
ne,2025-07-26,0.18
nh,2025-07-26,0.33
nj,2025-07-26,0.46
nm,2025-07-26,0.52
nv,2025-07-26,0.56
ny,2025-07-26,0.4
oh,2025-07-26,0.25
ok,2025-07-26,0.4
or,2025-07-26,0.81
pa,2025-07-26,0.29
ri,2025-07-26,0.23
sc,2025-07-26,0.7
sd,2025-07-26,0.42
tn,2025-07-26,0.38
tx,2025-07-26,1.32
ut,2025-07-26,0.85
va,2025-07-26,0.72
vt,2025-07-26,0.16
wa,2025-07-26,0.76
wi,2025-07-26,0.29
wv,2025-07-26,0.33
wy,2025-07-26,0
ak,2025-08-02,0.83
al,2025-08-02,1.03
ar,2025-08-02,0.37
az,2025-08-02,0.84
ca,2025-08-02,1.14
co,2025-08-02,0.57
ct,2025-08-02,0.58
dc,2025-08-02,1.09
de,2025-08-02,0.73
fl,2025-08-02,2.33
ga,2025-08-02,0.83
hi,2025-08-02,2.97
ia,2025-08-02,0.41
id,2025-08-02,0.53
il,2025-08-02,0.49
in,2025-08-02,0.44
ks,2025-08-02,0.33
ky,2025-08-02,0.77
la,2025-08-02,1.53
ma,2025-08-02,0.61
md,2025-08-02,0.92
me,2025-08-02,0.24
mi,2025-08-02,0.27
mn,2025-08-02,0.41
ms,2025-08-02,1.14
mt,2025-08-02,0.48
nc,2025-08-02,0.93
nd,2025-08-02,0.22
ne,2025-08-02,0.29
nh,2025-08-02,0.36
nj,2025-08-02,0.65
nm,2025-08-02,0.58
nv,2025-08-02,0.7
ny,2025-08-02,0.47
oh,2025-08-02,0.35
ok,2025-08-02,0.41
or,2025-08-02,0.94
pa,2025-08-02,0.34
ri,2025-08-02,0.41
sc,2025-08-02,0.94
sd,2025-08-02,0.37
tn,2025-08-02,0.54
tx,2025-08-02,1.6
ut,2025-08-02,1.04
va,2025-08-02,0.87
vt,2025-08-02,0.37
wa,2025-08-02,1.09
wi,2025-08-02,0.34
wv,2025-08-02,0.35
wy,2025-08-02,0
ak,2025-08-09,1.07
al,2025-08-09,1.1
ar,2025-08-09,0.55
az,2025-08-09,1.07
ca,2025-08-09,1.42
co,2025-08-09,0.69
ct,2025-08-09,0.72
dc,2025-08-09,0.82
de,2025-08-09,0.72
fl,2025-08-09,2.37
ga,2025-08-09,1.07
hi,2025-08-09,3.49
ia,2025-08-09,0.54
id,2025-08-09,0.62
il,2025-08-09,0.6
in,2025-08-09,0.64
ks,2025-08-09,0.47
ky,2025-08-09,0.85
la,2025-08-09,1.93
ma,2025-08-09,0.73
md,2025-08-09,0.99
me,2025-08-09,0.3
mi,2025-08-09,0.38
mn,2025-08-09,0.49
ms,2025-08-09,1.57
mt,2025-08-09,0.41
nc,2025-08-09,1.22
nd,2025-08-09,0.2
ne,2025-08-09,0.3
nh,2025-08-09,0.39
nj,2025-08-09,0.74
nm,2025-08-09,0.79
nv,2025-08-09,0.96
ny,2025-08-09,0.55
oh,2025-08-09,0.45
ok,2025-08-09,0.46
or,2025-08-09,1.05
pa,2025-08-09,0.46
ri,2025-08-09,0.53
sc,2025-08-09,1.2
sd,2025-08-09,0.58
tn,2025-08-09,0.73
tx,2025-08-09,1.94
ut,2025-08-09,1.24
va,2025-08-09,1.15
vt,2025-08-09,0.43
wa,2025-08-09,1.15
wi,2025-08-09,0.46
wv,2025-08-09,0.54
wy,2025-08-09,0
ak,2025-08-16,0.84
al,2025-08-16,1.49
ar,2025-08-16,0.88
az,2025-08-16,1.31
ca,2025-08-16,1.73
co,2025-08-16,0.9
ct,2025-08-16,0.81
dc,2025-08-16,1.09
de,2025-08-16,0.9
fl,2025-08-16,2.57
ga,2025-08-16,1.44
hi,2025-08-16,3.86
ia,2025-08-16,0.75
id,2025-08-16,0.77
il,2025-08-16,0.64
in,2025-08-16,0.77
ks,2025-08-16,0.62
ky,2025-08-16,1.07
la,2025-08-16,2.26
ma,2025-08-16,0.84
md,2025-08-16,1.18
me,2025-08-16,0.38
mi,2025-08-16,0.44
mn,2025-08-16,0.44
ms,2025-08-16,2.26
mt,2025-08-16,0.6
nc,2025-08-16,1.51
nd,2025-08-16,0.33
ne,2025-08-16,0.8
nh,2025-08-16,0.47
nj,2025-08-16,0.82
nm,2025-08-16,1.27
nv,2025-08-16,1.16
ny,2025-08-16,0.62
oh,2025-08-16,0.51
ok,2025-08-16,0.57
or,2025-08-16,1.24
pa,2025-08-16,0.53
ri,2025-08-16,0.57
sc,2025-08-16,1.93
sd,2025-08-16,0.5
tn,2025-08-16,1.02
tx,2025-08-16,2.22
ut,2025-08-16,1.5
va,2025-08-16,1.42
vt,2025-08-16,0.39
wa,2025-08-16,1.46
wi,2025-08-16,0.45
wv,2025-08-16,0.7
wy,2025-08-16,0
ak,2025-08-23,0.94
al,2025-08-23,1.99
ar,2025-08-23,0.93
az,2025-08-23,1.48
ca,2025-08-23,2
co,2025-08-23,1.08
ct,2025-08-23,0.89
dc,2025-08-23,1.34
de,2025-08-23,0.95
fl,2025-08-23,2.93
ga,2025-08-23,1.84
hi,2025-08-23,3.48
ia,2025-08-23,0.79
id,2025-08-23,1.14
il,2025-08-23,0.75
in,2025-08-23,0.87
ks,2025-08-23,0.77
ky,2025-08-23,1.35
la,2025-08-23,2.93
ma,2025-08-23,0.89
md,2025-08-23,1.3
me,2025-08-23,0.44
mi,2025-08-23,0.48
mn,2025-08-23,0.66
ms,2025-08-23,2.39
mt,2025-08-23,0.45
nc,2025-08-23,2.11
nd,2025-08-23,0.34
ne,2025-08-23,0.54
nh,2025-08-23,0.61
nj,2025-08-23,0.89
nm,2025-08-23,1.44
nv,2025-08-23,1.54
ny,2025-08-23,0.64
oh,2025-08-23,0.57
ok,2025-08-23,0.59
or,2025-08-23,1.45
pa,2025-08-23,0.53
ri,2025-08-23,0.8
sc,2025-08-23,2.28
sd,2025-08-23,0.74
tn,2025-08-23,1.32
tx,2025-08-23,2.97
ut,2025-08-23,1.63
va,2025-08-23,1.62
vt,2025-08-23,0.45
wa,2025-08-23,1.54
wi,2025-08-23,0.63
wv,2025-08-23,0.92
wy,2025-08-23,0
ak,2025-08-30,1.24
al,2025-08-30,2.15
ar,2025-08-30,1.13
az,2025-08-30,1.29
ca,2025-08-30,2.15
co,2025-08-30,1.04
ct,2025-08-30,1.05
dc,2025-08-30,1.32
de,2025-08-30,0.86
fl,2025-08-30,3.1
ga,2025-08-30,1.87
hi,2025-08-30,2.99
ia,2025-08-30,0.95
id,2025-08-30,1.47
il,2025-08-30,0.86
in,2025-08-30,0.87
ks,2025-08-30,0.87
ky,2025-08-30,1.6
la,2025-08-30,3.08
ma,2025-08-30,0.96
md,2025-08-30,1.44
me,2025-08-30,0.47
mi,2025-08-30,0.59
mn,2025-08-30,0.71
ms,2025-08-30,1.89
mt,2025-08-30,0.79
nc,2025-08-30,2.49
nd,2025-08-30,0.35
ne,2025-08-30,0.71
nh,2025-08-30,0.75
nj,2025-08-30,1.01
nm,2025-08-30,1.28
nv,2025-08-30,1.44
ny,2025-08-30,0.67
oh,2025-08-30,0.73
ok,2025-08-30,0.95
or,2025-08-30,1.41
pa,2025-08-30,0.65
ri,2025-08-30,0.64
sc,2025-08-30,2.77
sd,2025-08-30,0.65
tn,2025-08-30,1.24
tx,2025-08-30,3.2
ut,2025-08-30,1.69
va,2025-08-30,1.74
vt,2025-08-30,0.67
wa,2025-08-30,1.69
wi,2025-08-30,0.69
wv,2025-08-30,1.05
wy,2025-08-30,0
ak,2025-09-06,1.17
al,2025-09-06,1.93
ar,2025-09-06,1.58
az,2025-09-06,1.19
ca,2025-09-06,2.07
co,2025-09-06,0.94
ct,2025-09-06,1.36
dc,2025-09-06,1.52
de,2025-09-06,1.18
fl,2025-09-06,2.49
ga,2025-09-06,1.36
hi,2025-09-06,2.31
ia,2025-09-06,1.21
id,2025-09-06,1.28
il,2025-09-06,1
in,2025-09-06,0.85
ks,2025-09-06,0.99
ky,2025-09-06,1.5
la,2025-09-06,2.45
ma,2025-09-06,1.11
md,2025-09-06,1.59
me,2025-09-06,0.67
mi,2025-09-06,0.79
mn,2025-09-06,0.8
ms,2025-09-06,1.79
mt,2025-09-06,0.91
nc,2025-09-06,2.7
nd,2025-09-06,0.49
ne,2025-09-06,0.65
nh,2025-09-06,0.96
nj,2025-09-06,1.06
nm,2025-09-06,1.03
nv,2025-09-06,1.37
ny,2025-09-06,0.79
oh,2025-09-06,0.9
ok,2025-09-06,0.87
or,2025-09-06,1.71
pa,2025-09-06,0.85
ri,2025-09-06,0.95
sc,2025-09-06,2.41
sd,2025-09-06,0.77
tn,2025-09-06,1.14
tx,2025-09-06,2.54
ut,2025-09-06,1.5
va,2025-09-06,1.74
vt,2025-09-06,0.7
wa,2025-09-06,1.75
wi,2025-09-06,0.91
wv,2025-09-06,1.42
wy,2025-09-06,0
ak,2025-09-13,1.06
al,2025-09-13,1.26
ar,2025-09-13,1.37
az,2025-09-13,0.92
ca,2025-09-13,1.75
co,2025-09-13,0.86
ct,2025-09-13,1.41
dc,2025-09-13,1.07
de,2025-09-13,1.1
fl,2025-09-13,1.76
ga,2025-09-13,0.86
hi,2025-09-13,1.94
ia,2025-09-13,1.2
id,2025-09-13,1.37
il,2025-09-13,0.89
in,2025-09-13,0.76
ks,2025-09-13,0.88
ky,2025-09-13,1.24
la,2025-09-13,1.54
ma,2025-09-13,1.14
md,2025-09-13,1.33
me,2025-09-13,0.61
mi,2025-09-13,0.83
mn,2025-09-13,0.97
ms,2025-09-13,1.5
mt,2025-09-13,0.96
nc,2025-09-13,2.31
nd,2025-09-13,0.43
ne,2025-09-13,0.57
nh,2025-09-13,0.81
nj,2025-09-13,1.06
nm,2025-09-13,0.91
nv,2025-09-13,1.08
ny,2025-09-13,0.78
oh,2025-09-13,0.85
ok,2025-09-13,0.8
or,2025-09-13,1.66
pa,2025-09-13,0.85
ri,2025-09-13,0.85
sc,2025-09-13,1.66
sd,2025-09-13,1.04
tn,2025-09-13,0.92
tx,2025-09-13,1.72
ut,2025-09-13,1.02
va,2025-09-13,1.39
vt,2025-09-13,0.87
wa,2025-09-13,1.92
wi,2025-09-13,1.05
wv,2025-09-13,1.52
wy,2025-09-13,0
ak,2025-09-20,1.01
al,2025-09-20,0.87
ar,2025-09-20,0.92
az,2025-09-20,0.81
ca,2025-09-20,1.39
co,2025-09-20,0.74
ct,2025-09-20,1.43
dc,2025-09-20,0.75
de,2025-09-20,1.29
fl,2025-09-20,1.23
ga,2025-09-20,0.59
hi,2025-09-20,1.1
ia,2025-09-20,1.1
id,2025-09-20,1.06
il,2025-09-20,0.73
in,2025-09-20,0.59
ks,2025-09-20,0.68
ky,2025-09-20,0.91
la,2025-09-20,1.09
ma,2025-09-20,1.01
md,2025-09-20,1.05
me,2025-09-20,0.75
mi,2025-09-20,0.82
mn,2025-09-20,0.86
ms,2025-09-20,1.03
mt,2025-09-20,0.81
nc,2025-09-20,1.69
nd,2025-09-20,0.47
ne,2025-09-20,0.42
nh,2025-09-20,0.89
nj,2025-09-20,1.05
nm,2025-09-20,0.87
nv,2025-09-20,0.98
ny,2025-09-20,0.83
oh,2025-09-20,0.68
ok,2025-09-20,0.78
or,2025-09-20,1.57
pa,2025-09-20,0.74
ri,2025-09-20,0.86
sc,2025-09-20,1.19
sd,2025-09-20,0.71
tn,2025-09-20,0.77
tx,2025-09-20,1.25
ut,2025-09-20,0.8
va,2025-09-20,1.05
vt,2025-09-20,0.92
wa,2025-09-20,1.66
wi,2025-09-20,0.95
wv,2025-09-20,1.13
wy,2025-09-20,0
ak,2025-09-27,0.77
al,2025-09-27,0.71
ar,2025-09-27,0.76
az,2025-09-27,0.76
ca,2025-09-27,1.06
co,2025-09-27,0.63
ct,2025-09-27,1.02
dc,2025-09-27,0.37
de,2025-09-27,0.81
fl,2025-09-27,0.86
ga,2025-09-27,0.41
hi,2025-09-27,0.84
ia,2025-09-27,0.75
id,2025-09-27,0.95
il,2025-09-27,0.54
in,2025-09-27,0.42
ks,2025-09-27,0.55
ky,2025-09-27,0.72
la,2025-09-27,0.69
ma,2025-09-27,0.98
md,2025-09-27,0.81
me,2025-09-27,0.67
mi,2025-09-27,0.6
mn,2025-09-27,0.67
ms,2025-09-27,0.97
mt,2025-09-27,0.89
nc,2025-09-27,1.14
nd,2025-09-27,0.32
ne,2025-09-27,0.36
nh,2025-09-27,0.81
nj,2025-09-27,0.8
nm,2025-09-27,0.75
nv,2025-09-27,0.67
ny,2025-09-27,0.72
oh,2025-09-27,0.48
ok,2025-09-27,0.55
or,2025-09-27,1.32
pa,2025-09-27,0.57
ri,2025-09-27,0.71
sc,2025-09-27,0.88
sd,2025-09-27,0.81
tn,2025-09-27,0.64
tx,2025-09-27,0.81
ut,2025-09-27,0.51
va,2025-09-27,0.71
vt,2025-09-27,0.78
wa,2025-09-27,1.36
wi,2025-09-27,0.74
wv,2025-09-27,0.88
wy,2025-09-27,0
ak,2025-10-04,0.54
al,2025-10-04,0.49
ar,2025-10-04,0.61
az,2025-10-04,0.64
ca,2025-10-04,0.81
co,2025-10-04,0.51
ct,2025-10-04,0.82
dc,2025-10-04,0.25
de,2025-10-04,0.59
fl,2025-10-04,0.6
ga,2025-10-04,0.31
hi,2025-10-04,0.6
ia,2025-10-04,0.59
id,2025-10-04,0.75
il,2025-10-04,0.48
in,2025-10-04,0.38
ks,2025-10-04,0.45
ky,2025-10-04,0.58
la,2025-10-04,0.55
ma,2025-10-04,0.71
md,2025-10-04,0.65
me,2025-10-04,0.57
mi,2025-10-04,0.48
mn,2025-10-04,0.53
ms,2025-10-04,0.75
mt,2025-10-04,0.79
nc,2025-10-04,0.8
nd,2025-10-04,0.22
ne,2025-10-04,0.18
nh,2025-10-04,0.63
nj,2025-10-04,0.59
nm,2025-10-04,0.61
nv,2025-10-04,0.52
ny,2025-10-04,0.51
oh,2025-10-04,0.32
ok,2025-10-04,0.38
or,2025-10-04,1.04
pa,2025-10-04,0.42
ri,2025-10-04,0.61
sc,2025-10-04,0.59
sd,2025-10-04,0.42
tn,2025-10-04,0.54
tx,2025-10-04,0.57
ut,2025-10-04,0.41
va,2025-10-04,0.49
vt,2025-10-04,0.71
wa,2025-10-04,1.09
wi,2025-10-04,0.5
wv,2025-10-04,0.56
wy,2025-10-04,0
ak,2025-10-11,0.48
al,2025-10-11,0.35
ar,2025-10-11,0.53
az,2025-10-11,0.56
ca,2025-10-11,0.63
co,2025-10-11,0.42
ct,2025-10-11,0.56
dc,2025-10-11,0.16
de,2025-10-11,0.49
fl,2025-10-11,0.46
ga,2025-10-11,0.28
hi,2025-10-11,0.47
ia,2025-10-11,0.46
id,2025-10-11,0.79
il,2025-10-11,0.33
in,2025-10-11,0.33
ks,2025-10-11,0.28
ky,2025-10-11,0.42
la,2025-10-11,0.43
ma,2025-10-11,0.51
md,2025-10-11,0.44
me,2025-10-11,0.47
mi,2025-10-11,0.32
mn,2025-10-11,0.37
ms,2025-10-11,0.58
mt,2025-10-11,0.58
nc,2025-10-11,0.53
nd,2025-10-11,0.22
ne,2025-10-11,0.22
nh,2025-10-11,0.6
nj,2025-10-11,0.47
nm,2025-10-11,0.66
nv,2025-10-11,0.44
ny,2025-10-11,0.43
oh,2025-10-11,0.29
ok,2025-10-11,0.24
or,2025-10-11,0.95
pa,2025-10-11,0.34
ri,2025-10-11,0.45
sc,2025-10-11,0.52
sd,2025-10-11,0.37
tn,2025-10-11,0.45
tx,2025-10-11,0.45
ut,2025-10-11,0.26
va,2025-10-11,0.41
vt,2025-10-11,0.76
wa,2025-10-11,0.8
wi,2025-10-11,0.38
wv,2025-10-11,0.57
wy,2025-10-11,0
ak,2025-10-18,0.3
al,2025-10-18,0.31
ar,2025-10-18,0.54
az,2025-10-18,0.45
ca,2025-10-18,0.44
co,2025-10-18,0.35
ct,2025-10-18,0.5
dc,2025-10-18,0.29
de,2025-10-18,0.4
fl,2025-10-18,0.34
ga,2025-10-18,0.29
hi,2025-10-18,0.47
ia,2025-10-18,0.36
id,2025-10-18,0.7
il,2025-10-18,0.28
in,2025-10-18,0.31
ks,2025-10-18,0.24
ky,2025-10-18,0.36
la,2025-10-18,0.38
ma,2025-10-18,0.42
md,2025-10-18,0.31
me,2025-10-18,0.49
mi,2025-10-18,0.27
mn,2025-10-18,0.35
ms,2025-10-18,0.56
mt,2025-10-18,0.62
nc,2025-10-18,0.46
nd,2025-10-18,0.08
ne,2025-10-18,0.18
nh,2025-10-18,0.56
nj,2025-10-18,0.39
nm,2025-10-18,0.54
nv,2025-10-18,0.3
ny,2025-10-18,0.32
oh,2025-10-18,0.26
ok,2025-10-18,0.27
or,2025-10-18,0.66
pa,2025-10-18,0.31
ri,2025-10-18,0.42
sc,2025-10-18,0.4
sd,2025-10-18,0.39
tn,2025-10-18,0.42
tx,2025-10-18,0.35
ut,2025-10-18,0.24
va,2025-10-18,0.35
vt,2025-10-18,0.55
wa,2025-10-18,0.56
wi,2025-10-18,0.24
wv,2025-10-18,0.5
wy,2025-10-18,0
ak,2025-10-25,0.25
al,2025-10-25,0.24
ar,2025-10-25,0.43
az,2025-10-25,0.46
ca,2025-10-25,0.39
co,2025-10-25,0.31
ct,2025-10-25,0.38
dc,2025-10-25,0.21
de,2025-10-25,0.35
fl,2025-10-25,0.29
ga,2025-10-25,0.23
hi,2025-10-25,0.34
ia,2025-10-25,0.29
id,2025-10-25,0.58
il,2025-10-25,0.3
in,2025-10-25,0.34
ks,2025-10-25,0.22
ky,2025-10-25,0.34
la,2025-10-25,0.29
ma,2025-10-25,0.41
md,2025-10-25,0.28
me,2025-10-25,0.38
mi,2025-10-25,0.27
mn,2025-10-25,0.3
ms,2025-10-25,0.53
mt,2025-10-25,0.6
nc,2025-10-25,0.32
nd,2025-10-25,0.16
ne,2025-10-25,0.12
nh,2025-10-25,0.5
nj,2025-10-25,0.29
nm,2025-10-25,0.48
nv,2025-10-25,0.29
ny,2025-10-25,0.3
oh,2025-10-25,0.21
ok,2025-10-25,0.23
or,2025-10-25,0.54
pa,2025-10-25,0.26
ri,2025-10-25,0.32
sc,2025-10-25,0.31
sd,2025-10-25,0.29
tn,2025-10-25,0.34
tx,2025-10-25,0.27
ut,2025-10-25,0.28
va,2025-10-25,0.3
vt,2025-10-25,0.5
wa,2025-10-25,0.48
wi,2025-10-25,0.26
wv,2025-10-25,0.46
wy,2025-10-25,0
ak,2025-11-01,0.31
al,2025-11-01,0.23
ar,2025-11-01,0.31
az,2025-11-01,0.48
ca,2025-11-01,0.31
co,2025-11-01,0.27
ct,2025-11-01,0.39
dc,2025-11-01,0.11
de,2025-11-01,0.26
fl,2025-11-01,0.25
ga,2025-11-01,0.24
hi,2025-11-01,0.23
ia,2025-11-01,0.28
id,2025-11-01,0.55
il,2025-11-01,0.28
in,2025-11-01,0.38
ks,2025-11-01,0.22
ky,2025-11-01,0.38
la,2025-11-01,0.23
ma,2025-11-01,0.42
md,2025-11-01,0.25
me,2025-11-01,0.48
mi,2025-11-01,0.26
mn,2025-11-01,0.29
ms,2025-11-01,0.49
mt,2025-11-01,0.55
nc,2025-11-01,0.35
nd,2025-11-01,0.18
ne,2025-11-01,0.13
nh,2025-11-01,0.41
nj,2025-11-01,0.32
nm,2025-11-01,0.49
nv,2025-11-01,0.31
ny,2025-11-01,0.28
oh,2025-11-01,0.27
ok,2025-11-01,0.22
or,2025-11-01,0.51
pa,2025-11-01,0.29
ri,2025-11-01,0.28
sc,2025-11-01,0.27
sd,2025-11-01,0.52
tn,2025-11-01,0.43
tx,2025-11-01,0.27
ut,2025-11-01,0.3
va,2025-11-01,0.35
vt,2025-11-01,0.59
wa,2025-11-01,0.39
wi,2025-11-01,0.25
wv,2025-11-01,0.4
wy,2025-11-01,0
ak,2025-11-08,0.29
al,2025-11-08,0.27
ar,2025-11-08,0.47
az,2025-11-08,0.6
ca,2025-11-08,0.24
co,2025-11-08,0.37
ct,2025-11-08,0.39
dc,2025-11-08,0.14
de,2025-11-08,0.26
fl,2025-11-08,0.24
ga,2025-11-08,0.26
hi,2025-11-08,0.18
ia,2025-11-08,0.26
id,2025-11-08,0.46
il,2025-11-08,0.33
in,2025-11-08,0.43
ks,2025-11-08,0.27
ky,2025-11-08,0.43
la,2025-11-08,0.32
ma,2025-11-08,0.38
md,2025-11-08,0.25
me,2025-11-08,0.34
mi,2025-11-08,0.31
mn,2025-11-08,0.3
ms,2025-11-08,0.53
mt,2025-11-08,0.61
nc,2025-11-08,0.29
nd,2025-11-08,0.18
ne,2025-11-08,0.12
nh,2025-11-08,0.35
nj,2025-11-08,0.34
nm,2025-11-08,0.59
nv,2025-11-08,0.26
ny,2025-11-08,0.3
oh,2025-11-08,0.37
ok,2025-11-08,0.21
or,2025-11-08,0.41
pa,2025-11-08,0.33
ri,2025-11-08,0.32
sc,2025-11-08,0.34
sd,2025-11-08,0.33
tn,2025-11-08,0.52
tx,2025-11-08,0.27
ut,2025-11-08,0.28
va,2025-11-08,0.34
vt,2025-11-08,0.45
wa,2025-11-08,0.27
wi,2025-11-08,0.27
wv,2025-11-08,0.5
wy,2025-11-08,0
ak,2025-11-15,0.31
al,2025-11-15,0.24
ar,2025-11-15,0.51
az,2025-11-15,0.52
ca,2025-11-15,0.22
co,2025-11-15,0.37
ct,2025-11-15,0.44
dc,2025-11-15,0.16
de,2025-11-15,0.37
fl,2025-11-15,0.23
ga,2025-11-15,0.23
hi,2025-11-15,0.19
ia,2025-11-15,0.31
id,2025-11-15,0.48
il,2025-11-15,0.36
in,2025-11-15,0.5
ks,2025-11-15,0.33
ky,2025-11-15,0.52
la,2025-11-15,0.32
ma,2025-11-15,0.37
md,2025-11-15,0.23
me,2025-11-15,0.32
mi,2025-11-15,0.31
mn,2025-11-15,0.35
ms,2025-11-15,0.74
mt,2025-11-15,0.57
nc,2025-11-15,0.32
nd,2025-11-15,0.18
ne,2025-11-15,0.23
nh,2025-11-15,0.52
nj,2025-11-15,0.33
nm,2025-11-15,0.77
nv,2025-11-15,0.3
ny,2025-11-15,0.31
oh,2025-11-15,0.47
ok,2025-11-15,0.3
or,2025-11-15,0.33
pa,2025-11-15,0.37
ri,2025-11-15,0.35
sc,2025-11-15,0.29
sd,2025-11-15,0.46
tn,2025-11-15,0.59
tx,2025-11-15,0.27
ut,2025-11-15,0.28
va,2025-11-15,0.32
vt,2025-11-15,0.56
wa,2025-11-15,0.29
wi,2025-11-15,0.32
wv,2025-11-15,0.61
wy,2025-11-15,0
ak,2025-11-22,0.28
al,2025-11-22,0.25
ar,2025-11-22,0.42
az,2025-11-22,0.56
ca,2025-11-22,0.18
co,2025-11-22,0.41
ct,2025-11-22,0.45
dc,2025-11-22,0.1
de,2025-11-22,0.32
fl,2025-11-22,0.21
ga,2025-11-22,0.21
hi,2025-11-22,0.2
ia,2025-11-22,0.43
id,2025-11-22,0.42
il,2025-11-22,0.41
in,2025-11-22,0.62
ks,2025-11-22,0.31
ky,2025-11-22,0.53
la,2025-11-22,0.35
ma,2025-11-22,0.5
md,2025-11-22,0.25
me,2025-11-22,0.38
mi,2025-11-22,0.41
mn,2025-11-22,0.43
ms,2025-11-22,0.69
mt,2025-11-22,0.57
nc,2025-11-22,0.3
nd,2025-11-22,0.1
ne,2025-11-22,0.25
nh,2025-11-22,0.52
nj,2025-11-22,0.34
nm,2025-11-22,0.87
nv,2025-11-22,0.3
ny,2025-11-22,0.3
oh,2025-11-22,0.5
ok,2025-11-22,0.26
or,2025-11-22,0.31
pa,2025-11-22,0.4
ri,2025-11-22,0.27
sc,2025-11-22,0.33
sd,2025-11-22,0.59
tn,2025-11-22,0.57
tx,2025-11-22,0.27
ut,2025-11-22,0.3
va,2025-11-22,0.34
vt,2025-11-22,0.78
wa,2025-11-22,0.24
wi,2025-11-22,0.34
wv,2025-11-22,0.71
wy,2025-11-22,0
ak,2025-11-29,0.46
al,2025-11-29,0.27
ar,2025-11-29,0.5
az,2025-11-29,0.48
ca,2025-11-29,0.15
co,2025-11-29,0.53
ct,2025-11-29,0.67
dc,2025-11-29,0.27
de,2025-11-29,0.35
fl,2025-11-29,0.22
ga,2025-11-29,0.22
hi,2025-11-29,0.11
ia,2025-11-29,0.47
id,2025-11-29,0.5
il,2025-11-29,0.55
in,2025-11-29,0.73
ks,2025-11-29,0.32
ky,2025-11-29,0.65
la,2025-11-29,0.24
ma,2025-11-29,0.63
md,2025-11-29,0.33
me,2025-11-29,0.56
mi,2025-11-29,0.54
mn,2025-11-29,0.51
ms,2025-11-29,0.74
mt,2025-11-29,0.46
nc,2025-11-29,0.32
nd,2025-11-29,0.43
ne,2025-11-29,0.25
nh,2025-11-29,0.57
nj,2025-11-29,0.4
nm,2025-11-29,0.98
nv,2025-11-29,0.21
ny,2025-11-29,0.37
oh,2025-11-29,0.57
ok,2025-11-29,0.34
or,2025-11-29,0.26
pa,2025-11-29,0.53
ri,2025-11-29,0.45
sc,2025-11-29,0.25
sd,2025-11-29,0.57
tn,2025-11-29,0.58
tx,2025-11-29,0.24
ut,2025-11-29,0.29
va,2025-11-29,0.36
vt,2025-11-29,0.69
wa,2025-11-29,0.24
wi,2025-11-29,0.41
wv,2025-11-29,0.86
wy,2025-11-29,0
ak,2025-12-06,0.27
al,2025-12-06,0.32
ar,2025-12-06,0.54
az,2025-12-06,0.37
ca,2025-12-06,0.17
co,2025-12-06,0.61
ct,2025-12-06,0.71
dc,2025-12-06,0.16
de,2025-12-06,0.29
fl,2025-12-06,0.21
ga,2025-12-06,0.22
hi,2025-12-06,0.12
ia,2025-12-06,0.51
id,2025-12-06,0.66
il,2025-12-06,0.69
in,2025-12-06,1.01
ks,2025-12-06,0.43
ky,2025-12-06,0.66
la,2025-12-06,0.23
ma,2025-12-06,0.65
md,2025-12-06,0.33
me,2025-12-06,0.59
mi,2025-12-06,0.67
mn,2025-12-06,0.58
ms,2025-12-06,0.65
mt,2025-12-06,0.73
nc,2025-12-06,0.29
nd,2025-12-06,0.38
ne,2025-12-06,0.4
nh,2025-12-06,0.65
nj,2025-12-06,0.46
nm,2025-12-06,1.06
nv,2025-12-06,0.27
ny,2025-12-06,0.45
oh,2025-12-06,0.81
ok,2025-12-06,0.37
or,2025-12-06,0.19
pa,2025-12-06,0.56
ri,2025-12-06,0.62
sc,2025-12-06,0.31
sd,2025-12-06,0.69
tn,2025-12-06,0.59
tx,2025-12-06,0.32
ut,2025-12-06,0.24
va,2025-12-06,0.37
vt,2025-12-06,0.74
wa,2025-12-06,0.2
wi,2025-12-06,0.48
wv,2025-12-06,1.01
wy,2025-12-06,0
ak,2025-12-13,0.39
al,2025-12-13,0.33
ar,2025-12-13,0.55
az,2025-12-13,0.38
ca,2025-12-13,0.17
co,2025-12-13,0.56
ct,2025-12-13,0.82
dc,2025-12-13,0.15
de,2025-12-13,0.48
fl,2025-12-13,0.21
ga,2025-12-13,0.24
hi,2025-12-13,0.12
ia,2025-12-13,0.55
id,2025-12-13,0.51
il,2025-12-13,0.72
in,2025-12-13,0.99
ks,2025-12-13,0.58
ky,2025-12-13,0.8
la,2025-12-13,0.26
ma,2025-12-13,0.63
md,2025-12-13,0.38
me,2025-12-13,0.53
mi,2025-12-13,0.78
mn,2025-12-13,0.71
ms,2025-12-13,0.64
mt,2025-12-13,0.75
nc,2025-12-13,0.32
nd,2025-12-13,0.52
ne,2025-12-13,0.46
nh,2025-12-13,0.73
nj,2025-12-13,0.48
nm,2025-12-13,1
nv,2025-12-13,0.22
ny,2025-12-13,0.44
oh,2025-12-13,0.89
ok,2025-12-13,0.59
or,2025-12-13,0.21
pa,2025-12-13,0.62
ri,2025-12-13,0.47
sc,2025-12-13,0.38
sd,2025-12-13,0.38
tn,2025-12-13,0.68
tx,2025-12-13,0.32
ut,2025-12-13,0.24
va,2025-12-13,0.4
vt,2025-12-13,0.65
wa,2025-12-13,0.21
wi,2025-12-13,0.65
wv,2025-12-13,0.87
wy,2025-12-13,0
