geo_value,time_value,value
us,2022-10-01,0.48
us,2022-10-08,0.67
us,2022-10-15,0.9
us,2022-10-22,1.29
us,2022-10-29,2.47
us,2022-11-05,3.67
us,2022-11-12,3.87
us,2022-11-19,4.24
us,2022-11-26,6.67
us,2022-12-03,6.18
us,2022-12-10,5.7
us,2022-12-17,5.14
us,2022-12-24,4.53
us,2022-12-31,3.6
us,2023-01-07,1.96
us,2023-01-14,1.01
us,2023-01-21,0.71
us,2023-01-28,0.55
us,2023-02-04,0.47
us,2023-02-11,0.4
us,2023-02-18,0.36
us,2023-02-25,0.34
us,2023-03-04,0.3
us,2023-03-11,0.28
us,2023-03-18,0.28
us,2023-03-25,0.27
us,2023-04-01,0.27
us,2023-04-08,0.27
us,2023-04-15,0.25
us,2023-04-22,0.23
us,2023-04-29,0.24
us,2023-05-06,0.26
us,2023-05-13,0.27
us,2023-05-20,0.27
us,2023-05-27,0.28
us,2023-06-03,0.29
us,2023-06-10,0.25
us,2023-06-17,0.22
us,2023-06-24,0.2
us,2023-07-01,0.18
us,2023-07-08,0.17
us,2023-07-15,0.16
us,2023-07-22,0.15
us,2023-07-29,0.15
us,2023-08-05,0.16
us,2023-08-12,0.16
us,2023-08-19,0.18
us,2023-08-26,0.22
us,2023-09-02,0.24
us,2023-09-09,0.25
us,2023-09-16,0.26
us,2023-09-23,0.29
us,2023-09-30,0.33
us,2023-10-07,0.38
us,2023-10-14,0.46
us,2023-10-21,0.55
us,2023-10-28,0.66
us,2023-11-04,0.85
us,2023-11-11,1.19
us,2023-11-18,1.41
us,2023-11-25,1.73
us,2023-12-02,1.87
us,2023-12-09,2.55
us,2023-12-16,3.7
us,2023-12-23,5.24
us,2023-12-30,5.85
us,2024-01-06,4.26
us,2024-01-13,3.48
us,2024-01-20,3.27
us,2024-01-27,3.34
us,2024-02-03,3.23
us,2024-02-10,3.19
us,2024-02-17,3.02
us,2024-02-24,2.99
us,2024-03-02,2.79
us,2024-03-09,2.43
us,2024-03-16,1.87
us,2024-03-23,1.51
us,2024-03-30,1.43
us,2024-04-06,1.17
us,2024-04-13,0.87
us,2024-04-20,0.65
us,2024-04-27,0.52
us,2024-05-04,0.44
us,2024-05-11,0.34
us,2024-05-18,0.31
us,2024-05-25,0.27
us,2024-06-01,0.26
us,2024-06-08,0.23
us,2024-06-15,0.2
us,2024-06-22,0.19
us,2024-06-29,0.18
us,2024-07-06,0.17
us,2024-07-13,0.15
us,2024-07-20,0.15
us,2024-07-27,0.14
us,2024-08-03,0.14
us,2024-08-10,0.14
us,2024-08-17,0.14
us,2024-08-24,0.16
us,2024-08-31,0.17
us,2024-09-07,0.18
us,2024-09-14,0.19
us,2024-09-21,0.19
us,2024-09-28,0.2
us,2024-10-05,0.2
us,2024-10-12,0.22
us,2024-10-19,0.23
us,2024-10-26,0.28
us,2024-11-02,0.34
us,2024-11-09,0.42
us,2024-11-16,0.51
us,2024-11-23,0.62
us,2024-11-30,0.89
us,2024-12-07,1.07
us,2024-12-14,1.8
us,2024-12-21,3.24
us,2024-12-28,5.44
us,2025-01-04,4.99
us,2025-01-11,4.39
us,2025-01-18,5.45
us,2025-01-25,7.29
us,2025-02-01,8.36
us,2025-02-08,8.22
us,2025-02-15,6.68
us,2025-02-22,5.21
us,2025-03-01,3.98
us,2025-03-08,3.22
us,2025-03-15,2.57
us,2025-03-22,1.84
us,2025-03-29,1.44
us,2025-04-05,1.11
us,2025-04-12,0.83
us,2025-04-19,0.71
us,2025-04-26,0.58
us,2025-05-03,0.43
us,2025-05-10,0.36
us,2025-05-17,0.32
us,2025-05-24,0.28
us,2025-05-31,0.28
us,2025-06-07,0.22
us,2025-06-14,0.19
us,2025-06-21,0.16
us,2025-06-28,0.14
us,2025-07-05,0.13
us,2025-07-12,0.1
us,2025-07-19,0.1
us,2025-07-26,0.1
us,2025-08-02,0.1
us,2025-08-09,0.1
us,2025-08-16,0.11
us,2025-08-23,0.13
us,2025-08-30,0.15
us,2025-09-06,0.16
us,2025-09-13,0.16
us,2025-09-20,0.15
us,2025-09-27,0.16
us,2025-10-04,0.17
us,2025-10-11,0.18
us,2025-10-18,0.2
us,2025-10-25,0.23
us,2025-11-01,0.29
us,2025-11-08,0.42
us,2025-11-15,0.61
us,2025-11-22,0.98
us,2025-11-29,1.45
us,2025-12-06,1.65
us,2025-12-13,2.79
ak,2022-10-01,0.14
al,2022-10-01,1.26
ar,2022-10-01,0.3
az,2022-10-01,0.17
ca,2022-10-01,0.21
co,2022-10-01,0.1
ct,2022-10-01,0.11
dc,2022-10-01,0.1
de,2022-10-01,0.08
fl,2022-10-01,0.67
ga,2022-10-01,1.31
hi,2022-10-01,1.4
ia,2022-10-01,0.24
id,2022-10-01,0.07
il,2022-10-01,0.13
in,2022-10-01,0.21
ks,2022-10-01,0.09
ky,2022-10-01,0.14
la,2022-10-01,1.99
ma,2022-10-01,0.09
md,2022-10-01,0.26
me,2022-10-01,0.03
mi,2022-10-01,0.04
mn,2022-10-01,0.09
ms,2022-10-01,0.83
mt,2022-10-01,0.06
nc,2022-10-01,0.62
nd,2022-10-01,0.04
ne,2022-10-01,0.03
nh,2022-10-01,0.08
nj,2022-10-01,0.17
nm,2022-10-01,0.13
nv,2022-10-01,0.14
ny,2022-10-01,0.07
oh,2022-10-01,0.09
ok,2022-10-01,0.04
or,2022-10-01,0.04
pa,2022-10-01,0.12
ri,2022-10-01,0.08
sc,2022-10-01,1.37
sd,2022-10-01,0.04
tn,2022-10-01,0.71
tx,2022-10-01,1.65
ut,2022-10-01,0.15
va,2022-10-01,0.43
vt,2022-10-01,0.08
wa,2022-10-01,0.11
wi,2022-10-01,0.03
wv,2022-10-01,0.07
wy,2022-10-01,0.21
ak,2022-10-08,0.24
al,2022-10-08,2.34
ar,2022-10-08,0.69
az,2022-10-08,0.2
ca,2022-10-08,0.27
co,2022-10-08,0.09
ct,2022-10-08,0.21
dc,2022-10-08,0.22
de,2022-10-08,0.2
fl,2022-10-08,0.65
ga,2022-10-08,1.75
hi,2022-10-08,1.44
ia,2022-10-08,0.24
id,2022-10-08,0.15
il,2022-10-08,0.23
in,2022-10-08,0.29
ks,2022-10-08,0.21
ky,2022-10-08,0.23
la,2022-10-08,2.73
ma,2022-10-08,0.12
md,2022-10-08,0.41
me,2022-10-08,0.08
mi,2022-10-08,0.07
mn,2022-10-08,0.14
ms,2022-10-08,1.7
mt,2022-10-08,0.03
nc,2022-10-08,0.9
nd,2022-10-08,0
ne,2022-10-08,0.04
nh,2022-10-08,0.24
nj,2022-10-08,0.3
nm,2022-10-08,0.14
nv,2022-10-08,0.21
ny,2022-10-08,0.09
oh,2022-10-08,0.15
ok,2022-10-08,0.05
or,2022-10-08,0.08
pa,2022-10-08,0.1
ri,2022-10-08,0.08
sc,2022-10-08,1.51
sd,2022-10-08,0.06
tn,2022-10-08,1.27
tx,2022-10-08,2.37
ut,2022-10-08,0.11
va,2022-10-08,0.72
vt,2022-10-08,0.04
wa,2022-10-08,0.13
wi,2022-10-08,0.06
wv,2022-10-08,0.19
wy,2022-10-08,0.28
ak,2022-10-15,0.32
al,2022-10-15,3.73
ar,2022-10-15,1.08
az,2022-10-15,0.17
ca,2022-10-15,0.43
co,2022-10-15,0.14
ct,2022-10-15,0.28
dc,2022-10-15,0.29
de,2022-10-15,0.28
fl,2022-10-15,0.78
ga,2022-10-15,2.16
hi,2022-10-15,2.07
ia,2022-10-15,0.35
id,2022-10-15,0.07
il,2022-10-15,0.38
in,2022-10-15,0.41
ks,2022-10-15,0.33
ky,2022-10-15,0.48
la,2022-10-15,3.52
ma,2022-10-15,0.14
md,2022-10-15,0.93
me,2022-10-15,0.06
mi,2022-10-15,0.09
mn,2022-10-15,0.22
ms,2022-10-15,2.87
mt,2022-10-15,0.03
nc,2022-10-15,1.56
nd,2022-10-15,0.06
ne,2022-10-15,0.04
nh,2022-10-15,0.37
nj,2022-10-15,0.43
nm,2022-10-15,0.15
nv,2022-10-15,0.19
ny,2022-10-15,0.14
oh,2022-10-15,0.26
ok,2022-10-15,0.24
or,2022-10-15,0.09
pa,2022-10-15,0.21
ri,2022-10-15,0.09
sc,2022-10-15,2.13
sd,2022-10-15,0.12
tn,2022-10-15,1.59
tx,2022-10-15,2.61
ut,2022-10-15,0.12
va,2022-10-15,1.29
vt,2022-10-15,0.06
wa,2022-10-15,0.18
wi,2022-10-15,0.07
wv,2022-10-15,0.49
wy,2022-10-15,0.25
ak,2022-10-22,0.76
al,2022-10-22,6.01
ar,2022-10-22,1.73
az,2022-10-22,0.27
ca,2022-10-22,0.65
co,2022-10-22,0.2
ct,2022-10-22,0.51
dc,2022-10-22,0.91
de,2022-10-22,0.54
fl,2022-10-22,1.2
ga,2022-10-22,2.46
hi,2022-10-22,2.15
ia,2022-10-22,0.27
id,2022-10-22,0.1
il,2022-10-22,0.79
in,2022-10-22,0.67
ks,2022-10-22,0.48
ky,2022-10-22,0.77
la,2022-10-22,4.25
ma,2022-10-22,0.17
md,2022-10-22,1.8
me,2022-10-22,0.1
mi,2022-10-22,0.13
mn,2022-10-22,0.38
ms,2022-10-22,4.17
mt,2022-10-22,0.19
nc,2022-10-22,3.05
nd,2022-10-22,0.07
ne,2022-10-22,0.13
nh,2022-10-22,0.16
nj,2022-10-22,0.65
nm,2022-10-22,0.19
nv,2022-10-22,0.31
ny,2022-10-22,0.21
oh,2022-10-22,0.58
ok,2022-10-22,0.33
or,2022-10-22,0.13
pa,2022-10-22,0.33
ri,2022-10-22,0.14
sc,2022-10-22,3.53
sd,2022-10-22,0.17
tn,2022-10-22,2.05
tx,2022-10-22,2.94
ut,2022-10-22,0.21
va,2022-10-22,2.56
vt,2022-10-22,0.12
wa,2022-10-22,0.33
wi,2022-10-22,0.13
wv,2022-10-22,0.87
wy,2022-10-22,0.21
ak,2022-10-29,1.16
al,2022-10-29,11.68
ar,2022-10-29,3.38
az,2022-10-29,0.46
ca,2022-10-29,1.01
co,2022-10-29,0.48
ct,2022-10-29,1.34
dc,2022-10-29,2.55
de,2022-10-29,1.58
fl,2022-10-29,2.06
ga,2022-10-29,4.57
hi,2022-10-29,2.74
ia,2022-10-29,0.36
id,2022-10-29,0.11
il,2022-10-29,1.72
in,2022-10-29,1.2
ks,2022-10-29,0.99
ky,2022-10-29,2.25
la,2022-10-29,6.42
ma,2022-10-29,0.28
md,2022-10-29,3.74
me,2022-10-29,0.19
mi,2022-10-29,0.19
mn,2022-10-29,1.14
ms,2022-10-29,7.17
mt,2022-10-29,0.14
nc,2022-10-29,6.83
nd,2022-10-29,0.22
ne,2022-10-29,0.36
nh,2022-10-29,0.38
nj,2022-10-29,1.55
nm,2022-10-29,0.38
nv,2022-10-29,0.41
ny,2022-10-29,0.5
oh,2022-10-29,1.24
ok,2022-10-29,0.75
or,2022-10-29,0.31
pa,2022-10-29,0.77
ri,2022-10-29,0.28
sc,2022-10-29,7.45
sd,2022-10-29,0.18
tn,2022-10-29,4.53
tx,2022-10-29,4.28
ut,2022-10-29,0.33
va,2022-10-29,5.4
vt,2022-10-29,0.24
wa,2022-10-29,0.66
wi,2022-10-29,0.34
wv,2022-10-29,2.18
wy,2022-10-29,0.73
ak,2022-11-05,1.94
al,2022-11-05,12.29
ar,2022-11-05,4.58
az,2022-11-05,1.06
ca,2022-11-05,1.85
co,2022-11-05,0.96
ct,2022-11-05,2.5
dc,2022-11-05,3.68
de,2022-11-05,3.87
fl,2022-11-05,2.93
ga,2022-11-05,4.96
hi,2022-11-05,2.12
ia,2022-11-05,0.54
id,2022-11-05,0.41
il,2022-11-05,3.21
in,2022-11-05,2.62
ks,2022-11-05,1.81
ky,2022-11-05,4.69
la,2022-11-05,7.31
ma,2022-11-05,0.59
md,2022-11-05,5.74
me,2022-11-05,0.35
mi,2022-11-05,0.34
mn,2022-11-05,3.13
ms,2022-11-05,10.4
mt,2022-11-05,0.38
nc,2022-11-05,9.99
nd,2022-11-05,0.28
ne,2022-11-05,1.31
nh,2022-11-05,0.77
nj,2022-11-05,3.35
nm,2022-11-05,0.91
nv,2022-11-05,0.91
ny,2022-11-05,1.17
oh,2022-11-05,2.49
ok,2022-11-05,0.96
or,2022-11-05,0.9
pa,2022-11-05,1.63
ri,2022-11-05,0.69
sc,2022-11-05,9.94
sd,2022-11-05,0.46
tn,2022-11-05,7.38
tx,2022-11-05,5.68
ut,2022-11-05,0.56
va,2022-11-05,8.16
vt,2022-11-05,0.29
wa,2022-11-05,1.43
wi,2022-11-05,0.64
wv,2022-11-05,3.97
wy,2022-11-05,1.98
ak,2022-11-12,3.73
al,2022-11-12,8.95
ar,2022-11-12,5.44
az,2022-11-12,2.12
ca,2022-11-12,2.98
co,2022-11-12,1.86
ct,2022-11-12,2.75
dc,2022-11-12,4.32
de,2022-11-12,4.44
fl,2022-11-12,3.36
ga,2022-11-12,3.89
hi,2022-11-12,2.74
ia,2022-11-12,0.79
id,2022-11-12,0.76
il,2022-11-12,4.19
in,2022-11-12,3.51
ks,2022-11-12,2.84
ky,2022-11-12,5.54
la,2022-11-12,6.14
ma,2022-11-12,0.79
md,2022-11-12,6.2
me,2022-11-12,0.67
mi,2022-11-12,0.47
mn,2022-11-12,5.15
ms,2022-11-12,9.72
mt,2022-11-12,1.01
nc,2022-11-12,9.28
nd,2022-11-12,0.89
ne,2022-11-12,1.64
nh,2022-11-12,1.01
nj,2022-11-12,4.02
nm,2022-11-12,1.5
nv,2022-11-12,1.82
ny,2022-11-12,1.59
oh,2022-11-12,2.92
ok,2022-11-12,1.45
or,2022-11-12,1.85
pa,2022-11-12,2.03
ri,2022-11-12,1.1
sc,2022-11-12,8.1
sd,2022-11-12,0.77
tn,2022-11-12,7.28
tx,2022-11-12,5.75
ut,2022-11-12,1.21
va,2022-11-12,7.71
vt,2022-11-12,0.52
wa,2022-11-12,2.9
wi,2022-11-12,0.95
wv,2022-11-12,4.64
wy,2022-11-12,4.83
ak,2022-11-19,6.82
al,2022-11-19,6.15
ar,2022-11-19,6.26
az,2022-11-19,3.17
ca,2022-11-19,3.94
co,2022-11-19,3.25
ct,2022-11-19,3.51
dc,2022-11-19,5.05
de,2022-11-19,5.01
fl,2022-11-19,2.88
ga,2022-11-19,2.92
hi,2022-11-19,1.49
ia,2022-11-19,1.07
id,2022-11-19,2.02
il,2022-11-19,5.96
in,2022-11-19,5.49
ks,2022-11-19,4.3
ky,2022-11-19,7.11
la,2022-11-19,5.46
ma,2022-11-19,1.27
md,2022-11-19,5.52
me,2022-11-19,1.06
mi,2022-11-19,0.95
mn,2022-11-19,7.21
ms,2022-11-19,8.48
mt,2022-11-19,1.53
nc,2022-11-19,7.8
nd,2022-11-19,1.29
ne,2022-11-19,2.84
nh,2022-11-19,1.09
nj,2022-11-19,3.98
nm,2022-11-19,3.35
nv,2022-11-19,2.86
ny,2022-11-19,2.18
oh,2022-11-19,4.41
ok,2022-11-19,3.27
or,2022-11-19,4.4
pa,2022-11-19,2.86
ri,2022-11-19,1.34
sc,2022-11-19,5.83
sd,2022-11-19,1.48
tn,2022-11-19,6.6
tx,2022-11-19,6.45
ut,2022-11-19,2.23
va,2022-11-19,6.97
vt,2022-11-19,1.3
wa,2022-11-19,6.24
wi,2022-11-19,1.78
wv,2022-11-19,5.47
wy,2022-11-19,5.39
ak,2022-11-26,8.67
al,2022-11-26,7.19
ar,2022-11-26,9.23
az,2022-11-26,5.47
ca,2022-11-26,6.09
co,2022-11-26,4.93
ct,2022-11-26,6.98
dc,2022-11-26,6.99
de,2022-11-26,8.35
fl,2022-11-26,3.64
ga,2022-11-26,3.58
hi,2022-11-26,2.35
ia,2022-11-26,3.46
id,2022-11-26,4.72
il,2022-11-26,10.04
in,2022-11-26,10.55
ks,2022-11-26,7.94
ky,2022-11-26,13.19
la,2022-11-26,7.12
ma,2022-11-26,3.15
md,2022-11-26,7.7
me,2022-11-26,3.3
mi,2022-11-26,2.27
mn,2022-11-26,11.47
ms,2022-11-26,10.82
mt,2022-11-26,3.99
nc,2022-11-26,9.24
nd,2022-11-26,2.85
ne,2022-11-26,5.38
nh,2022-11-26,2.45
nj,2022-11-26,7.18
nm,2022-11-26,8.28
nv,2022-11-26,5.35
ny,2022-11-26,4.19
oh,2022-11-26,7.83
ok,2022-11-26,7.85
or,2022-11-26,9.57
pa,2022-11-26,5.72
ri,2022-11-26,3.12
sc,2022-11-26,6.39
sd,2022-11-26,3.17
tn,2022-11-26,10.17
tx,2022-11-26,8.61
ut,2022-11-26,3.84
va,2022-11-26,9.04
vt,2022-11-26,3.3
wa,2022-11-26,11.35
wi,2022-11-26,4.39
wv,2022-11-26,9.04
wy,2022-11-26,7.59
ak,2022-12-03,9.85
al,2022-12-03,4.69
ar,2022-12-03,6.8
az,2022-12-03,6.24
ca,2022-12-03,5.86
co,2022-12-03,5.32
ct,2022-12-03,8.06
dc,2022-12-03,5.62
de,2022-12-03,7.77
fl,2022-12-03,3.32
ga,2022-12-03,2.49
hi,2022-12-03,2.06
ia,2022-12-03,4.13
id,2022-12-03,5.16
il,2022-12-03,8.78
in,2022-12-03,11.22
ks,2022-12-03,7.59
ky,2022-12-03,10.59
la,2022-12-03,5.31
ma,2022-12-03,5.27
md,2022-12-03,6.37
me,2022-12-03,5.56
mi,2022-12-03,3.51
mn,2022-12-03,10.93
ms,2022-12-03,6.83
mt,2022-12-03,4.88
nc,2022-12-03,7.96
nd,2022-12-03,4.22
ne,2022-12-03,6
nh,2022-12-03,3.43
nj,2022-12-03,7.51
nm,2022-12-03,8.82
nv,2022-12-03,5.91
ny,2022-12-03,4.93
oh,2022-12-03,7.68
ok,2022-12-03,7.64
or,2022-12-03,9.71
pa,2022-12-03,6.31
ri,2022-12-03,5.4
sc,2022-12-03,5.14
sd,2022-12-03,3.88
tn,2022-12-03,7.97
tx,2022-12-03,6.36
ut,2022-12-03,5.18
va,2022-12-03,7.25
vt,2022-12-03,4.59
wa,2022-12-03,11.13
wi,2022-12-03,5
wv,2022-12-03,8.05
wy,2022-12-03,5.59
ak,2022-12-10,10.16
al,2022-12-10,3.03
ar,2022-12-10,5.14
az,2022-12-10,6.3
ca,2022-12-10,5.34
co,2022-12-10,5.29
ct,2022-12-10,6.96
dc,2022-12-10,3.77
de,2022-12-10,7.35
fl,2022-12-10,3.28
ga,2022-12-10,1.86
hi,2022-12-10,3.44
ia,2022-12-10,6.11
id,2022-12-10,7.2
il,2022-12-10,7.81
in,2022-12-10,11
ks,2022-12-10,7.64
ky,2022-12-10,7.72
la,2022-12-10,4.02
ma,2022-12-10,6.89
md,2022-12-10,4.51
me,2022-12-10,7.68
mi,2022-12-10,5.84
mn,2022-12-10,8.57
ms,2022-12-10,3.94
mt,2022-12-10,5.58
nc,2022-12-10,5.45
nd,2022-12-10,8.38
ne,2022-12-10,7.14
nh,2022-12-10,4.93
nj,2022-12-10,6.46
nm,2022-12-10,12.35
nv,2022-12-10,5.97
ny,2022-12-10,5.24
oh,2022-12-10,7.35
ok,2022-12-10,8.49
or,2022-12-10,9.99
pa,2022-12-10,5.61
ri,2022-12-10,6.06
sc,2022-12-10,3.39
sd,2022-12-10,4.38
tn,2022-12-10,5.52
tx,2022-12-10,5.78
ut,2022-12-10,5.66
va,2022-12-10,5.23
vt,2022-12-10,7.02
wa,2022-12-10,9.26
wi,2022-12-10,5.84
wv,2022-12-10,7.53
wy,2022-12-10,5.52
ak,2022-12-17,7.91
al,2022-12-17,2.19
ar,2022-12-17,3.56
az,2022-12-17,4.94
ca,2022-12-17,4.39
co,2022-12-17,5.89
ct,2022-12-17,5.73
dc,2022-12-17,2.76
de,2022-12-17,6.56
fl,2022-12-17,3.73
ga,2022-12-17,1.34
hi,2022-12-17,3.09
ia,2022-12-17,8.07
id,2022-12-17,8.34
il,2022-12-17,6.62
in,2022-12-17,9.78
ks,2022-12-17,7.04
ky,2022-12-17,4.91
la,2022-12-17,3.06
ma,2022-12-17,7.64
md,2022-12-17,3.28
me,2022-12-17,10.44
mi,2022-12-17,8.54
mn,2022-12-17,5.84
ms,2022-12-17,2.77
mt,2022-12-17,7.07
nc,2022-12-17,4.01
nd,2022-12-17,10.16
ne,2022-12-17,7.75
nh,2022-12-17,7.73
nj,2022-12-17,4.71
nm,2022-12-17,12.67
nv,2022-12-17,5.65
ny,2022-12-17,5.09
oh,2022-12-17,6.38
ok,2022-12-17,6.78
or,2022-12-17,8.66
pa,2022-12-17,5.23
ri,2022-12-17,5.67
sc,2022-12-17,2.4
sd,2022-12-17,5.48
tn,2022-12-17,3.79
tx,2022-12-17,4.49
ut,2022-12-17,6.53
va,2022-12-17,3.63
vt,2022-12-17,9.54
wa,2022-12-17,7.5
wi,2022-12-17,6.62
wv,2022-12-17,6.3
wy,2022-12-17,5.54
ak,2022-12-24,5.6
al,2022-12-24,1.8
ar,2022-12-24,2.78
az,2022-12-24,4.94
ca,2022-12-24,3.92
co,2022-12-24,5.73
ct,2022-12-24,5.02
dc,2022-12-24,1.99
de,2022-12-24,5.38
fl,2022-12-24,3.96
ga,2022-12-24,1.18
hi,2022-12-24,4.06
ia,2022-12-24,7.71
id,2022-12-24,8.36
il,2022-12-24,4.94
in,2022-12-24,8.09
ks,2022-12-24,6.22
ky,2022-12-24,3.53
la,2022-12-24,2.65
ma,2022-12-24,7.41
md,2022-12-24,2.91
me,2022-12-24,9.68
mi,2022-12-24,9.17
mn,2022-12-24,4.2
ms,2022-12-24,2.27
mt,2022-12-24,6.45
nc,2022-12-24,3.42
nd,2022-12-24,6.57
ne,2022-12-24,6.2
nh,2022-12-24,7.24
nj,2022-12-24,4.01
nm,2022-12-24,11.29
nv,2022-12-24,4.91
ny,2022-12-24,4.19
oh,2022-12-24,5.65
ok,2022-12-24,5.78
or,2022-12-24,6.42
pa,2022-12-24,4.74
ri,2022-12-24,6.07
sc,2022-12-24,2.14
sd,2022-12-24,3.49
tn,2022-12-24,2.93
tx,2022-12-24,3.68
ut,2022-12-24,7.5
va,2022-12-24,2.95
vt,2022-12-24,9.1
wa,2022-12-24,5.67
wi,2022-12-24,5.79
wv,2022-12-24,5.35
wy,2022-12-24,3.82
ak,2022-12-31,4.58
al,2022-12-31,1.79
ar,2022-12-31,2.63
az,2022-12-31,4.03
ca,2022-12-31,2.85
co,2022-12-31,4.25
ct,2022-12-31,3.46
dc,2022-12-31,1.55
de,2022-12-31,4.42
fl,2022-12-31,3.73
ga,2022-12-31,1.32
hi,2022-12-31,4.44
ia,2022-12-31,5.84
id,2022-12-31,6.24
il,2022-12-31,3.35
in,2022-12-31,5.75
ks,2022-12-31,4.44
ky,2022-12-31,2.44
la,2022-12-31,2.64
ma,2022-12-31,6.02
md,2022-12-31,2.2
me,2022-12-31,7.31
mi,2022-12-31,7.37
mn,2022-12-31,2.97
ms,2022-12-31,2.3
mt,2022-12-31,5.34
nc,2022-12-31,3.46
nd,2022-12-31,7.24
ne,2022-12-31,4.01
nh,2022-12-31,6.25
nj,2022-12-31,3.11
nm,2022-12-31,7.83
nv,2022-12-31,3.09
ny,2022-12-31,3.34
oh,2022-12-31,4
ok,2022-12-31,4.74
or,2022-12-31,4.16
pa,2022-12-31,3.93
ri,2022-12-31,4.87
sc,2022-12-31,2.21
sd,2022-12-31,2.65
tn,2022-12-31,2.31
tx,2022-12-31,3.1
ut,2022-12-31,6.31
va,2022-12-31,2.33
vt,2022-12-31,7.18
wa,2022-12-31,3.74
wi,2022-12-31,4.51
wv,2022-12-31,4.16
wy,2022-12-31,4.02
ak,2023-01-07,2.63
al,2023-01-07,1.17
ar,2023-01-07,1.45
az,2023-01-07,1.87
ca,2023-01-07,1.32
co,2023-01-07,2.4
ct,2023-01-07,1.87
dc,2023-01-07,1.03
de,2023-01-07,2.29
fl,2023-01-07,2.71
ga,2023-01-07,1.17
hi,2023-01-07,3.38
ia,2023-01-07,2.88
id,2023-01-07,2.84
il,2023-01-07,1.7
in,2023-01-07,2.73
ks,2023-01-07,2.27
ky,2023-01-07,1.08
la,2023-01-07,1.56
ma,2023-01-07,3.09
md,2023-01-07,1.24
me,2023-01-07,4.09
mi,2023-01-07,3.43
mn,2023-01-07,1.5
ms,2023-01-07,1.44
mt,2023-01-07,2.7
nc,2023-01-07,2.24
nd,2023-01-07,4.41
ne,2023-01-07,2.07
nh,2023-01-07,3.11
nj,2023-01-07,1.7
nm,2023-01-07,3.79
nv,2023-01-07,1.54
ny,2023-01-07,1.71
oh,2023-01-07,1.75
ok,2023-01-07,2.38
or,2023-01-07,1.63
pa,2023-01-07,1.95
ri,2023-01-07,2.32
sc,2023-01-07,1.74
sd,2023-01-07,1.6
tn,2023-01-07,1.32
tx,2023-01-07,1.8
ut,2023-01-07,3.45
va,2023-01-07,1.43
vt,2023-01-07,3.16
wa,2023-01-07,1.79
wi,2023-01-07,2.43
wv,2023-01-07,2.12
wy,2023-01-07,2.28
ak,2023-01-14,1.54
al,2023-01-14,0.71
ar,2023-01-14,0.81
az,2023-01-14,0.82
ca,2023-01-14,0.56
co,2023-01-14,1.15
ct,2023-01-14,0.71
dc,2023-01-14,0.53
de,2023-01-14,0.91
fl,2023-01-14,1.79
ga,2023-01-14,0.79
hi,2023-01-14,2.33
ia,2023-01-14,1.5
id,2023-01-14,1.26
il,2023-01-14,0.81
in,2023-01-14,1.02
ks,2023-01-14,1.04
ky,2023-01-14,0.53
la,2023-01-14,0.91
ma,2023-01-14,1.36
md,2023-01-14,0.63
me,2023-01-14,1.79
mi,2023-01-14,1.52
mn,2023-01-14,0.78
ms,2023-01-14,1.04
mt,2023-01-14,1.33
nc,2023-01-14,1.24
nd,2023-01-14,2.86
ne,2023-01-14,1.11
nh,2023-01-14,1.7
nj,2023-01-14,0.8
nm,2023-01-14,1.44
nv,2023-01-14,0.77
ny,2023-01-14,0.76
oh,2023-01-14,0.8
ok,2023-01-14,1.33
or,2023-01-14,0.69
pa,2023-01-14,0.79
ri,2023-01-14,0.96
sc,2023-01-14,0.99
sd,2023-01-14,0.96
tn,2023-01-14,0.79
tx,2023-01-14,1.16
ut,2023-01-14,1.41
va,2023-01-14,0.76
vt,2023-01-14,1.34
wa,2023-01-14,0.81
wi,2023-01-14,1.15
wv,2023-01-14,0.93
wy,2023-01-14,1.82
ak,2023-01-21,0.85
al,2023-01-21,0.66
ar,2023-01-21,0.69
az,2023-01-21,0.58
ca,2023-01-21,0.3
co,2023-01-21,0.64
ct,2023-01-21,0.45
dc,2023-01-21,0.39
de,2023-01-21,0.62
fl,2023-01-21,1.56
ga,2023-01-21,0.64
hi,2023-01-21,1.93
ia,2023-01-21,0.9
id,2023-01-21,0.65
il,2023-01-21,0.46
in,2023-01-21,0.62
ks,2023-01-21,0.76
ky,2023-01-21,0.4
la,2023-01-21,0.78
ma,2023-01-21,0.8
md,2023-01-21,0.45
me,2023-01-21,0.94
mi,2023-01-21,0.91
mn,2023-01-21,0.6
ms,2023-01-21,0.94
mt,2023-01-21,0.91
nc,2023-01-21,0.97
nd,2023-01-21,2.26
ne,2023-01-21,0.61
nh,2023-01-21,1.06
nj,2023-01-21,0.54
nm,2023-01-21,0.86
nv,2023-01-21,0.45
ny,2023-01-21,0.48
oh,2023-01-21,0.52
ok,2023-01-21,0.65
or,2023-01-21,0.26
pa,2023-01-21,0.46
ri,2023-01-21,0.6
sc,2023-01-21,0.87
sd,2023-01-21,0.96
tn,2023-01-21,0.55
tx,2023-01-21,0.83
ut,2023-01-21,0.76
va,2023-01-21,0.67
vt,2023-01-21,0.97
wa,2023-01-21,0.42
wi,2023-01-21,0.68
wv,2023-01-21,0.51
wy,2023-01-21,1.22
ak,2023-01-28,0.64
al,2023-01-28,0.56
ar,2023-01-28,0.7
az,2023-01-28,0.5
ca,2023-01-28,0.24
co,2023-01-28,0.5
ct,2023-01-28,0.33
dc,2023-01-28,0.43
de,2023-01-28,0.29
fl,2023-01-28,1.36
ga,2023-01-28,0.55
hi,2023-01-28,1.44
ia,2023-01-28,0.77
id,2023-01-28,0.31
il,2023-01-28,0.31
in,2023-01-28,0.4
ks,2023-01-28,0.47
ky,2023-01-28,0.29
la,2023-01-28,0.55
ma,2023-01-28,0.52
md,2023-01-28,0.36
me,2023-01-28,0.32
mi,2023-01-28,0.6
mn,2023-01-28,0.35
ms,2023-01-28,0.68
mt,2023-01-28,0.67
nc,2023-01-28,0.81
nd,2023-01-28,1.43
ne,2023-01-28,0.47
nh,2023-01-28,0.78
nj,2023-01-28,0.38
nm,2023-01-28,0.56
nv,2023-01-28,0.31
ny,2023-01-28,0.33
oh,2023-01-28,0.35
ok,2023-01-28,0.41
or,2023-01-28,0.22
pa,2023-01-28,0.34
ri,2023-01-28,0.47
sc,2023-01-28,0.71
sd,2023-01-28,0.6
tn,2023-01-28,0.39
tx,2023-01-28,0.73
ut,2023-01-28,0.51
va,2023-01-28,0.52
vt,2023-01-28,0.57
wa,2023-01-28,0.3
wi,2023-01-28,0.36
wv,2023-01-28,0.4
wy,2023-01-28,0.32
ak,2023-02-04,0.55
al,2023-02-04,0.43
ar,2023-02-04,0.65
az,2023-02-04,0.38
ca,2023-02-04,0.25
co,2023-02-04,0.48
ct,2023-02-04,0.29
dc,2023-02-04,0.22
de,2023-02-04,0.13
fl,2023-02-04,1.17
ga,2023-02-04,0.48
hi,2023-02-04,1.34
ia,2023-02-04,0.47
id,2023-02-04,0.32
il,2023-02-04,0.23
in,2023-02-04,0.27
ks,2023-02-04,0.34
ky,2023-02-04,0.26
la,2023-02-04,0.55
ma,2023-02-04,0.38
md,2023-02-04,0.33
me,2023-02-04,0.28
mi,2023-02-04,0.47
mn,2023-02-04,0.28
ms,2023-02-04,0.71
mt,2023-02-04,0.49
nc,2023-02-04,0.91
nd,2023-02-04,0.96
ne,2023-02-04,0.2
nh,2023-02-04,0.26
nj,2023-02-04,0.36
nm,2023-02-04,0.28
nv,2023-02-04,0.28
ny,2023-02-04,0.23
oh,2023-02-04,0.28
ok,2023-02-04,0.29
or,2023-02-04,0.15
pa,2023-02-04,0.22
ri,2023-02-04,0.23
sc,2023-02-04,0.65
sd,2023-02-04,0.45
tn,2023-02-04,0.41
tx,2023-02-04,0.67
ut,2023-02-04,0.42
va,2023-02-04,0.46
vt,2023-02-04,0.2
wa,2023-02-04,0.21
wi,2023-02-04,0.29
wv,2023-02-04,0.28
wy,2023-02-04,0.43
ak,2023-02-11,0.58
al,2023-02-11,0.53
ar,2023-02-11,0.5
az,2023-02-11,0.37
ca,2023-02-11,0.17
co,2023-02-11,0.29
ct,2023-02-11,0.23
dc,2023-02-11,0.31
de,2023-02-11,0.2
fl,2023-02-11,0.94
ga,2023-02-11,0.31
hi,2023-02-11,0.95
ia,2023-02-11,0.43
id,2023-02-11,0.29
il,2023-02-11,0.26
in,2023-02-11,0.29
ks,2023-02-11,0.26
ky,2023-02-11,0.3
la,2023-02-11,0.47
ma,2023-02-11,0.34
md,2023-02-11,0.21
me,2023-02-11,0.16
mi,2023-02-11,0.36
mn,2023-02-11,0.3
ms,2023-02-11,0.56
mt,2023-02-11,0.44
nc,2023-02-11,0.96
nd,2023-02-11,0.79
ne,2023-02-11,0.25
nh,2023-02-11,0.24
nj,2023-02-11,0.35
nm,2023-02-11,0.29
nv,2023-02-11,0.24
ny,2023-02-11,0.23
oh,2023-02-11,0.26
ok,2023-02-11,0.2
or,2023-02-11,0.11
pa,2023-02-11,0.21
ri,2023-02-11,0.29
sc,2023-02-11,0.62
sd,2023-02-11,0.36
tn,2023-02-11,0.39
tx,2023-02-11,0.57
ut,2023-02-11,0.33
va,2023-02-11,0.44
vt,2023-02-11,0.14
wa,2023-02-11,0.17
wi,2023-02-11,0.24
wv,2023-02-11,0.3
wy,2023-02-11,0.2
ak,2023-02-18,0.47
al,2023-02-18,0.53
ar,2023-02-18,0.46
az,2023-02-18,0.36
ca,2023-02-18,0.18
co,2023-02-18,0.25
ct,2023-02-18,0.25
dc,2023-02-18,0.19
de,2023-02-18,0.11
fl,2023-02-18,0.81
ga,2023-02-18,0.29
hi,2023-02-18,0.79
ia,2023-02-18,0.32
id,2023-02-18,0.21
il,2023-02-18,0.19
in,2023-02-18,0.27
ks,2023-02-18,0.2
ky,2023-02-18,0.25
la,2023-02-18,0.43
ma,2023-02-18,0.28
md,2023-02-18,0.19
me,2023-02-18,0.14
mi,2023-02-18,0.28
mn,2023-02-18,0.21
ms,2023-02-18,0.59
mt,2023-02-18,0.46
nc,2023-02-18,0.81
nd,2023-02-18,0.63
ne,2023-02-18,0.18
nh,2023-02-18,0.23
nj,2023-02-18,0.3
nm,2023-02-18,0.23
nv,2023-02-18,0.26
ny,2023-02-18,0.22
oh,2023-02-18,0.22
ok,2023-02-18,0.15
or,2023-02-18,0.1
pa,2023-02-18,0.21
ri,2023-02-18,0.25
sc,2023-02-18,0.55
sd,2023-02-18,0.42
tn,2023-02-18,0.38
tx,2023-02-18,0.52
ut,2023-02-18,0.31
va,2023-02-18,0.42
vt,2023-02-18,0.26
wa,2023-02-18,0.14
wi,2023-02-18,0.16
wv,2023-02-18,0.23
wy,2023-02-18,0.26
ak,2023-02-25,0.57
al,2023-02-25,0.46
ar,2023-02-25,0.52
az,2023-02-25,0.37
ca,2023-02-25,0.16
co,2023-02-25,0.22
ct,2023-02-25,0.21
dc,2023-02-25,0.29
de,2023-02-25,0.11
fl,2023-02-25,0.73
ga,2023-02-25,0.36
hi,2023-02-25,1.11
ia,2023-02-25,0.24
id,2023-02-25,0.26
il,2023-02-25,0.2
in,2023-02-25,0.22
ks,2023-02-25,0.17
ky,2023-02-25,0.21
la,2023-02-25,0.38
ma,2023-02-25,0.26
md,2023-02-25,0.22
me,2023-02-25,0.15
mi,2023-02-25,0.25
mn,2023-02-25,0.31
ms,2023-02-25,0.42
mt,2023-02-25,0.43
nc,2023-02-25,0.7
nd,2023-02-25,0.58
ne,2023-02-25,0.18
nh,2023-02-25,0.17
nj,2023-02-25,0.33
nm,2023-02-25,0.25
nv,2023-02-25,0.24
ny,2023-02-25,0.2
oh,2023-02-25,0.19
ok,2023-02-25,0.1
or,2023-02-25,0.09
pa,2023-02-25,0.17
ri,2023-02-25,0.19
sc,2023-02-25,0.5
sd,2023-02-25,0.41
tn,2023-02-25,0.37
tx,2023-02-25,0.52
ut,2023-02-25,0.28
va,2023-02-25,0.43
vt,2023-02-25,0.34
wa,2023-02-25,0.13
wi,2023-02-25,0.12
wv,2023-02-25,0.24
wy,2023-02-25,0.28
ak,2023-03-04,0.45
al,2023-03-04,0.33
ar,2023-03-04,0.39
az,2023-03-04,0.33
ca,2023-03-04,0.16
co,2023-03-04,0.23
ct,2023-03-04,0.18
dc,2023-03-04,0.33
de,2023-03-04,0.14
fl,2023-03-04,0.65
ga,2023-03-04,0.39
hi,2023-03-04,0.48
ia,2023-03-04,0.34
id,2023-03-04,0.13
il,2023-03-04,0.18
in,2023-03-04,0.23
ks,2023-03-04,0.25
ky,2023-03-04,0.21
la,2023-03-04,0.29
ma,2023-03-04,0.19
md,2023-03-04,0.19
me,2023-03-04,0.1
mi,2023-03-04,0.18
mn,2023-03-04,0.21
ms,2023-03-04,0.53
mt,2023-03-04,0.26
nc,2023-03-04,0.6
nd,2023-03-04,0.37
ne,2023-03-04,0.11
nh,2023-03-04,0.12
nj,2023-03-04,0.29
nm,2023-03-04,0.36
nv,2023-03-04,0.25
ny,2023-03-04,0.19
oh,2023-03-04,0.2
ok,2023-03-04,0.1
or,2023-03-04,0.13
pa,2023-03-04,0.14
ri,2023-03-04,0.15
sc,2023-03-04,0.36
sd,2023-03-04,0.35
tn,2023-03-04,0.31
tx,2023-03-04,0.45
ut,2023-03-04,0.34
va,2023-03-04,0.35
vt,2023-03-04,0.37
wa,2023-03-04,0.18
wi,2023-03-04,0.1
wv,2023-03-04,0.25
wy,2023-03-04,0.23
ak,2023-03-11,0.43
al,2023-03-11,0.28
ar,2023-03-11,0.37
az,2023-03-11,0.39
ca,2023-03-11,0.14
co,2023-03-11,0.19
ct,2023-03-11,0.23
dc,2023-03-11,0.2
de,2023-03-11,0.05
fl,2023-03-11,0.61
ga,2023-03-11,0.34
hi,2023-03-11,0.52
ia,2023-03-11,0.27
id,2023-03-11,0.19
il,2023-03-11,0.17
in,2023-03-11,0.16
ks,2023-03-11,0.2
ky,2023-03-11,0.21
la,2023-03-11,0.24
ma,2023-03-11,0.21
md,2023-03-11,0.23
me,2023-03-11,0.14
mi,2023-03-11,0.16
mn,2023-03-11,0.21
ms,2023-03-11,0.5
mt,2023-03-11,0.24
nc,2023-03-11,0.49
nd,2023-03-11,0.31
ne,2023-03-11,0.15
nh,2023-03-11,0.16
nj,2023-03-11,0.28
nm,2023-03-11,0.31
nv,2023-03-11,0.24
ny,2023-03-11,0.21
oh,2023-03-11,0.16
ok,2023-03-11,0.1
or,2023-03-11,0.15
pa,2023-03-11,0.16
ri,2023-03-11,0.09
sc,2023-03-11,0.29
sd,2023-03-11,0.38
tn,2023-03-11,0.32
tx,2023-03-11,0.41
ut,2023-03-11,0.34
va,2023-03-11,0.31
vt,2023-03-11,0.26
wa,2023-03-11,0.14
wi,2023-03-11,0.12
wv,2023-03-11,0.14
wy,2023-03-11,0.13
ak,2023-03-18,0.26
al,2023-03-18,0.35
ar,2023-03-18,0.39
az,2023-03-18,0.31
ca,2023-03-18,0.13
co,2023-03-18,0.2
ct,2023-03-18,0.18
dc,2023-03-18,0.24
de,2023-03-18,0.06
fl,2023-03-18,0.57
ga,2023-03-18,0.43
hi,2023-03-18,0.57
ia,2023-03-18,0.24
id,2023-03-18,0.17
il,2023-03-18,0.17
in,2023-03-18,0.23
ks,2023-03-18,0.12
ky,2023-03-18,0.23
la,2023-03-18,0.24
ma,2023-03-18,0.22
md,2023-03-18,0.18
me,2023-03-18,0.12
mi,2023-03-18,0.17
mn,2023-03-18,0.11
ms,2023-03-18,0.46
mt,2023-03-18,0.14
nc,2023-03-18,0.6
nd,2023-03-18,0.25
ne,2023-03-18,0.08
nh,2023-03-18,0.17
nj,2023-03-18,0.42
nm,2023-03-18,0.35
nv,2023-03-18,0.12
ny,2023-03-18,0.25
oh,2023-03-18,0.19
ok,2023-03-18,0.12
or,2023-03-18,0.1
pa,2023-03-18,0.14
ri,2023-03-18,0.11
sc,2023-03-18,0.29
sd,2023-03-18,0.18
tn,2023-03-18,0.26
tx,2023-03-18,0.36
ut,2023-03-18,0.21
va,2023-03-18,0.33
vt,2023-03-18,0.19
wa,2023-03-18,0.13
wi,2023-03-18,0.12
wv,2023-03-18,0.14
wy,2023-03-18,0.2
ak,2023-03-25,0.27
al,2023-03-25,0.37
ar,2023-03-25,0.41
az,2023-03-25,0.33
ca,2023-03-25,0.12
co,2023-03-25,0.14
ct,2023-03-25,0.17
dc,2023-03-25,0.27
de,2023-03-25,0.07
fl,2023-03-25,0.55
ga,2023-03-25,0.35
hi,2023-03-25,0.58
ia,2023-03-25,0.31
id,2023-03-25,0.09
il,2023-03-25,0.19
in,2023-03-25,0.18
ks,2023-03-25,0.11
ky,2023-03-25,0.34
la,2023-03-25,0.24
ma,2023-03-25,0.19
md,2023-03-25,0.25
me,2023-03-25,0.11
mi,2023-03-25,0.15
mn,2023-03-25,0.2
ms,2023-03-25,0.39
mt,2023-03-25,0.12
nc,2023-03-25,0.54
nd,2023-03-25,0.08
ne,2023-03-25,0.21
nh,2023-03-25,0.14
nj,2023-03-25,0.46
nm,2023-03-25,0.24
nv,2023-03-25,0.16
ny,2023-03-25,0.28
oh,2023-03-25,0.17
ok,2023-03-25,0.11
or,2023-03-25,0.07
pa,2023-03-25,0.16
ri,2023-03-25,0.18
sc,2023-03-25,0.32
sd,2023-03-25,0.33
tn,2023-03-25,0.28
tx,2023-03-25,0.34
ut,2023-03-25,0.18
va,2023-03-25,0.3
vt,2023-03-25,0.08
wa,2023-03-25,0.1
wi,2023-03-25,0.11
wv,2023-03-25,0.2
wy,2023-03-25,0.17
ak,2023-04-01,0.23
al,2023-04-01,0.3
ar,2023-04-01,0.33
az,2023-04-01,0.27
ca,2023-04-01,0.11
co,2023-04-01,0.16
ct,2023-04-01,0.22
dc,2023-04-01,0.43
de,2023-04-01,0.11
fl,2023-04-01,0.53
ga,2023-04-01,0.34
hi,2023-04-01,0.61
ia,2023-04-01,0.28
id,2023-04-01,0.16
il,2023-04-01,0.23
in,2023-04-01,0.19
ks,2023-04-01,0.16
ky,2023-04-01,0.29
la,2023-04-01,0.24
ma,2023-04-01,0.21
md,2023-04-01,0.27
me,2023-04-01,0.12
mi,2023-04-01,0.15
mn,2023-04-01,0.3
ms,2023-04-01,0.48
mt,2023-04-01,0.09
nc,2023-04-01,0.54
nd,2023-04-01,0.08
ne,2023-04-01,0.17
nh,2023-04-01,0.04
nj,2023-04-01,0.49
nm,2023-04-01,0.26
nv,2023-04-01,0.16
ny,2023-04-01,0.32
oh,2023-04-01,0.15
ok,2023-04-01,0.07
or,2023-04-01,0.09
pa,2023-04-01,0.17
ri,2023-04-01,0.17
sc,2023-04-01,0.35
sd,2023-04-01,0.2
tn,2023-04-01,0.29
tx,2023-04-01,0.32
ut,2023-04-01,0.19
va,2023-04-01,0.29
vt,2023-04-01,0.1
wa,2023-04-01,0.07
wi,2023-04-01,0.11
wv,2023-04-01,0.24
wy,2023-04-01,0.34
ak,2023-04-08,0.19
al,2023-04-08,0.33
ar,2023-04-08,0.24
az,2023-04-08,0.34
ca,2023-04-08,0.12
co,2023-04-08,0.14
ct,2023-04-08,0.24
dc,2023-04-08,0.26
de,2023-04-08,0.01
fl,2023-04-08,0.54
ga,2023-04-08,0.33
hi,2023-04-08,0.71
ia,2023-04-08,0.24
id,2023-04-08,0.15
il,2023-04-08,0.18
in,2023-04-08,0.15
ks,2023-04-08,0.13
ky,2023-04-08,0.32
la,2023-04-08,0.23
ma,2023-04-08,0.2
md,2023-04-08,0.18
me,2023-04-08,0.12
mi,2023-04-08,0.16
mn,2023-04-08,0.35
ms,2023-04-08,0.47
mt,2023-04-08,0.1
nc,2023-04-08,0.49
nd,2023-04-08,0.18
ne,2023-04-08,0.16
nh,2023-04-08,0.04
nj,2023-04-08,0.53
nm,2023-04-08,0.25
nv,2023-04-08,0.21
ny,2023-04-08,0.33
oh,2023-04-08,0.14
ok,2023-04-08,0.06
or,2023-04-08,0.06
pa,2023-04-08,0.15
ri,2023-04-08,0.2
sc,2023-04-08,0.36
sd,2023-04-08,0.22
tn,2023-04-08,0.26
tx,2023-04-08,0.33
ut,2023-04-08,0.24
va,2023-04-08,0.28
vt,2023-04-08,0.02
wa,2023-04-08,0.1
wi,2023-04-08,0.13
wv,2023-04-08,0.18
wy,2023-04-08,0.31
ak,2023-04-15,0.18
al,2023-04-15,0.3
ar,2023-04-15,0.28
az,2023-04-15,0.39
ca,2023-04-15,0.11
co,2023-04-15,0.18
ct,2023-04-15,0.13
dc,2023-04-15,0.19
de,2023-04-15,0.07
fl,2023-04-15,0.57
ga,2023-04-15,0.28
hi,2023-04-15,0.48
ia,2023-04-15,0.21
id,2023-04-15,0.13
il,2023-04-15,0.16
in,2023-04-15,0.12
ks,2023-04-15,0.07
ky,2023-04-15,0.19
la,2023-04-15,0.22
ma,2023-04-15,0.17
md,2023-04-15,0.13
me,2023-04-15,0.1
mi,2023-04-15,0.15
mn,2023-04-15,0.3
ms,2023-04-15,0.41
mt,2023-04-15,0.09
nc,2023-04-15,0.45
nd,2023-04-15,0.06
ne,2023-04-15,0.19
nh,2023-04-15,0.09
nj,2023-04-15,0.4
nm,2023-04-15,0.18
nv,2023-04-15,0.17
ny,2023-04-15,0.28
oh,2023-04-15,0.11
ok,2023-04-15,0.02
or,2023-04-15,0.05
pa,2023-04-15,0.11
ri,2023-04-15,0.14
sc,2023-04-15,0.22
sd,2023-04-15,0.14
tn,2023-04-15,0.29
tx,2023-04-15,0.32
ut,2023-04-15,0.18
va,2023-04-15,0.27
vt,2023-04-15,0.02
wa,2023-04-15,0.11
wi,2023-04-15,0.14
wv,2023-04-15,0.11
wy,2023-04-15,0.19
ak,2023-04-22,0.29
al,2023-04-22,0.25
ar,2023-04-22,0.17
az,2023-04-22,0.47
ca,2023-04-22,0.1
co,2023-04-22,0.17
ct,2023-04-22,0.13
dc,2023-04-22,0.08
de,2023-04-22,0.04
fl,2023-04-22,0.57
ga,2023-04-22,0.27
hi,2023-04-22,0.49
ia,2023-04-22,0.22
id,2023-04-22,0.1
il,2023-04-22,0.13
in,2023-04-22,0.12
ks,2023-04-22,0.06
ky,2023-04-22,0.23
la,2023-04-22,0.17
ma,2023-04-22,0.17
md,2023-04-22,0.16
me,2023-04-22,0.05
mi,2023-04-22,0.14
mn,2023-04-22,0.2
ms,2023-04-22,0.42
mt,2023-04-22,0.07
nc,2023-04-22,0.4
nd,2023-04-22,0.06
ne,2023-04-22,0.08
nh,2023-04-22,0.11
nj,2023-04-22,0.31
nm,2023-04-22,0.18
nv,2023-04-22,0.18
ny,2023-04-22,0.21
oh,2023-04-22,0.08
ok,2023-04-22,0.03
or,2023-04-22,0.05
pa,2023-04-22,0.14
ri,2023-04-22,0.08
sc,2023-04-22,0.26
sd,2023-04-22,0.13
tn,2023-04-22,0.3
tx,2023-04-22,0.34
ut,2023-04-22,0.21
va,2023-04-22,0.2
vt,2023-04-22,0.06
wa,2023-04-22,0.07
wi,2023-04-22,0.07
wv,2023-04-22,0.09
wy,2023-04-22,0.1
ak,2023-04-29,0.18
al,2023-04-29,0.34
ar,2023-04-29,0.17
az,2023-04-29,0.49
ca,2023-04-29,0.08
co,2023-04-29,0.13
ct,2023-04-29,0.14
dc,2023-04-29,0.14
de,2023-04-29,0.07
fl,2023-04-29,0.67
ga,2023-04-29,0.31
hi,2023-04-29,0.43
ia,2023-04-29,0.24
id,2023-04-29,0.14
il,2023-04-29,0.16
in,2023-04-29,0.17
ks,2023-04-29,0.05
ky,2023-04-29,0.17
la,2023-04-29,0.18
ma,2023-04-29,0.11
md,2023-04-29,0.09
me,2023-04-29,0.06
mi,2023-04-29,0.15
mn,2023-04-29,0.42
ms,2023-04-29,0.41
mt,2023-04-29,0.07
nc,2023-04-29,0.33
nd,2023-04-29,0.12
ne,2023-04-29,0.12
nh,2023-04-29,0.04
nj,2023-04-29,0.24
nm,2023-04-29,0.19
nv,2023-04-29,0.29
ny,2023-04-29,0.19
oh,2023-04-29,0.09
ok,2023-04-29,0.12
or,2023-04-29,0.06
pa,2023-04-29,0.12
ri,2023-04-29,0.05
sc,2023-04-29,0.28
sd,2023-04-29,0.32
tn,2023-04-29,0.33
tx,2023-04-29,0.36
ut,2023-04-29,0.17
va,2023-04-29,0.18
vt,2023-04-29,0.06
wa,2023-04-29,0.09
wi,2023-04-29,0.09
wv,2023-04-29,0.08
wy,2023-04-29,0.35
ak,2023-05-06,0.31
al,2023-05-06,0.27
ar,2023-05-06,0.15
az,2023-05-06,0.64
ca,2023-05-06,0.09
co,2023-05-06,0.15
ct,2023-05-06,0.13
dc,2023-05-06,0.1
de,2023-05-06,0.08
fl,2023-05-06,0.7
ga,2023-05-06,0.38
hi,2023-05-06,0.17
ia,2023-05-06,0.22
id,2023-05-06,0.16
il,2023-05-06,0.22
in,2023-05-06,0.13
ks,2023-05-06,0.06
ky,2023-05-06,0.19
la,2023-05-06,0.21
ma,2023-05-06,0.13
md,2023-05-06,0.09
me,2023-05-06,0.04
mi,2023-05-06,0.23
mn,2023-05-06,0.28
ms,2023-05-06,0.46
mt,2023-05-06,0.14
nc,2023-05-06,0.39
nd,2023-05-06,0.11
ne,2023-05-06,0.07
nh,2023-05-06,0.09
nj,2023-05-06,0.25
nm,2023-05-06,0.18
nv,2023-05-06,0.23
ny,2023-05-06,0.22
oh,2023-05-06,0.1
ok,2023-05-06,0.11
or,2023-05-06,0.05
pa,2023-05-06,0.09
ri,2023-05-06,0.09
sc,2023-05-06,0.35
sd,2023-05-06,0.15
tn,2023-05-06,0.32
tx,2023-05-06,0.34
ut,2023-05-06,0.24
va,2023-05-06,0.2
vt,2023-05-06,0.08
wa,2023-05-06,0.07
wi,2023-05-06,0.06
wv,2023-05-06,0.08
wy,2023-05-06,0.19
ak,2023-05-13,0.19
al,2023-05-13,0.2
ar,2023-05-13,0.24
az,2023-05-13,0.7
ca,2023-05-13,0.11
co,2023-05-13,0.2
ct,2023-05-13,0.11
dc,2023-05-13,0.11
de,2023-05-13,0.06
fl,2023-05-13,0.76
ga,2023-05-13,0.47
hi,2023-05-13,0.32
ia,2023-05-13,0.28
id,2023-05-13,0.11
il,2023-05-13,0.21
in,2023-05-13,0.14
ks,2023-05-13,0.06
ky,2023-05-13,0.22
la,2023-05-13,0.2
ma,2023-05-13,0.13
md,2023-05-13,0.12
me,2023-05-13,0.04
mi,2023-05-13,0.25
mn,2023-05-13,0.28
ms,2023-05-13,0.42
mt,2023-05-13,0.05
nc,2023-05-13,0.41
nd,2023-05-13,0.06
ne,2023-05-13,0.04
nh,2023-05-13,0.03
nj,2023-05-13,0.27
nm,2023-05-13,0.22
nv,2023-05-13,0.36
ny,2023-05-13,0.21
oh,2023-05-13,0.1
ok,2023-05-13,0.06
or,2023-05-13,0.03
pa,2023-05-13,0.09
ri,2023-05-13,0.17
sc,2023-05-13,0.31
sd,2023-05-13,0.19
tn,2023-05-13,0.37
tx,2023-05-13,0.35
ut,2023-05-13,0.26
va,2023-05-13,0.18
vt,2023-05-13,0.1
wa,2023-05-13,0.07
wi,2023-05-13,0.07
wv,2023-05-13,0.14
wy,2023-05-13,0.42
ak,2023-05-20,0.08
al,2023-05-20,0.25
ar,2023-05-20,0.27
az,2023-05-20,0.79
ca,2023-05-20,0.09
co,2023-05-20,0.18
ct,2023-05-20,0.1
dc,2023-05-20,0.14
de,2023-05-20,0.07
fl,2023-05-20,0.82
ga,2023-05-20,0.48
hi,2023-05-20,0.39
ia,2023-05-20,0.24
id,2023-05-20,0.06
il,2023-05-20,0.15
in,2023-05-20,0.11
ks,2023-05-20,0.05
ky,2023-05-20,0.18
la,2023-05-20,0.28
ma,2023-05-20,0.14
md,2023-05-20,0.11
me,2023-05-20,0.07
mi,2023-05-20,0.18
mn,2023-05-20,0.07
ms,2023-05-20,0.47
mt,2023-05-20,0.07
nc,2023-05-20,0.43
nd,2023-05-20,0.13
ne,2023-05-20,0.04
nh,2023-05-20,0.09
nj,2023-05-20,0.2
nm,2023-05-20,0.28
nv,2023-05-20,0.38
ny,2023-05-20,0.18
oh,2023-05-20,0.07
ok,2023-05-20,0.05
or,2023-05-20,0.03
pa,2023-05-20,0.1
ri,2023-05-20,0.07
sc,2023-05-20,0.41
sd,2023-05-20,0.09
tn,2023-05-20,0.33
tx,2023-05-20,0.37
ut,2023-05-20,0.31
va,2023-05-20,0.19
vt,2023-05-20,0.08
wa,2023-05-20,0.12
wi,2023-05-20,0.05
wv,2023-05-20,0.16
wy,2023-05-20,0.31
ak,2023-05-27,0.29
al,2023-05-27,0.24
ar,2023-05-27,0.16
az,2023-05-27,0.75
ca,2023-05-27,0.09
co,2023-05-27,0.13
ct,2023-05-27,0.12
dc,2023-05-27,0.2
de,2023-05-27,0.06
fl,2023-05-27,0.91
ga,2023-05-27,0.5
hi,2023-05-27,0.6
ia,2023-05-27,0.25
id,2023-05-27,0.08
il,2023-05-27,0.15
in,2023-05-27,0.12
ks,2023-05-27,0.06
ky,2023-05-27,0.17
la,2023-05-27,0.22
ma,2023-05-27,0.18
md,2023-05-27,0.13
me,2023-05-27,0.01
mi,2023-05-27,0.2
mn,2023-05-27,0.12
ms,2023-05-27,0.52
mt,2023-05-27,0.03
nc,2023-05-27,0.37
nd,2023-05-27,0.11
ne,2023-05-27,0.06
nh,2023-05-27,0.12
nj,2023-05-27,0.21
nm,2023-05-27,0.22
nv,2023-05-27,0.41
ny,2023-05-27,0.21
oh,2023-05-27,0.07
ok,2023-05-27,0.02
or,2023-05-27,0.05
pa,2023-05-27,0.08
ri,2023-05-27,0.07
sc,2023-05-27,0.43
sd,2023-05-27,0.02
tn,2023-05-27,0.36
tx,2023-05-27,0.34
ut,2023-05-27,0.39
va,2023-05-27,0.15
vt,2023-05-27,0.06
wa,2023-05-27,0.13
wi,2023-05-27,0.04
wv,2023-05-27,0.1
wy,2023-05-27,0.09
ak,2023-06-03,0.7
al,2023-06-03,0.3
ar,2023-06-03,0.14
az,2023-06-03,0.76
ca,2023-06-03,0.11
co,2023-06-03,0.1
ct,2023-06-03,0.04
dc,2023-06-03,0.13
de,2023-06-03,0.07
fl,2023-06-03,1.1
ga,2023-06-03,0.42
hi,2023-06-03,0.78
ia,2023-06-03,0.17
id,2023-06-03,0.09
il,2023-06-03,0.13
in,2023-06-03,0.13
ks,2023-06-03,0.05
ky,2023-06-03,0.09
la,2023-06-03,0.22
ma,2023-06-03,0.16
md,2023-06-03,0.15
me,2023-06-03,0.04
mi,2023-06-03,0.22
mn,2023-06-03,0.14
ms,2023-06-03,0.4
mt,2023-06-03,0
nc,2023-06-03,0.43
nd,2023-06-03,0.12
ne,2023-06-03,0.04
nh,2023-06-03,0.05
nj,2023-06-03,0.2
nm,2023-06-03,0.13
nv,2023-06-03,0.36
ny,2023-06-03,0.2
oh,2023-06-03,0.06
ok,2023-06-03,0.04
or,2023-06-03,0.06
pa,2023-06-03,0.08
ri,2023-06-03,0.12
sc,2023-06-03,0.43
sd,2023-06-03,0.07
tn,2023-06-03,0.27
tx,2023-06-03,0.35
ut,2023-06-03,0.26
va,2023-06-03,0.21
vt,2023-06-03,0.07
wa,2023-06-03,0.13
wi,2023-06-03,0.05
wv,2023-06-03,0.07
wy,2023-06-03,0.06
ak,2023-06-10,0.78
al,2023-06-10,0.21
ar,2023-06-10,0.13
az,2023-06-10,0.66
ca,2023-06-10,0.11
co,2023-06-10,0.09
ct,2023-06-10,0.07
dc,2023-06-10,0.1
de,2023-06-10,0.04
fl,2023-06-10,0.98
ga,2023-06-10,0.28
hi,2023-06-10,0.86
ia,2023-06-10,0.18
id,2023-06-10,0.1
il,2023-06-10,0.09
in,2023-06-10,0.06
ks,2023-06-10,0.05
ky,2023-06-10,0.12
la,2023-06-10,0.19
ma,2023-06-10,0.11
md,2023-06-10,0.11
me,2023-06-10,0.01
mi,2023-06-10,0.16
mn,2023-06-10,0.1
ms,2023-06-10,0.35
mt,2023-06-10,0.03
nc,2023-06-10,0.39
nd,2023-06-10,0.15
ne,2023-06-10,0.05
nh,2023-06-10,0.13
nj,2023-06-10,0.17
nm,2023-06-10,0.15
nv,2023-06-10,0.33
ny,2023-06-10,0.14
oh,2023-06-10,0.04
ok,2023-06-10,0.06
or,2023-06-10,0.09
pa,2023-06-10,0.09
ri,2023-06-10,0.08
sc,2023-06-10,0.34
sd,2023-06-10,0.02
tn,2023-06-10,0.22
tx,2023-06-10,0.28
ut,2023-06-10,0.19
va,2023-06-10,0.15
vt,2023-06-10,0.02
wa,2023-06-10,0.19
wi,2023-06-10,0.04
wv,2023-06-10,0.06
wy,2023-06-10,0.15
ak,2023-06-17,0.72
al,2023-06-17,0.23
ar,2023-06-17,0.12
az,2023-06-17,0.56
ca,2023-06-17,0.11
co,2023-06-17,0.09
ct,2023-06-17,0.09
dc,2023-06-17,0.07
de,2023-06-17,0.03
fl,2023-06-17,0.89
ga,2023-06-17,0.22
hi,2023-06-17,0.95
ia,2023-06-17,0.18
id,2023-06-17,0.11
il,2023-06-17,0.09
in,2023-06-17,0.1
ks,2023-06-17,0.03
ky,2023-06-17,0.13
la,2023-06-17,0.13
ma,2023-06-17,0.09
md,2023-06-17,0.07
me,2023-06-17,0.02
mi,2023-06-17,0.17
mn,2023-06-17,0.06
ms,2023-06-17,0.31
mt,2023-06-17,0
nc,2023-06-17,0.34
nd,2023-06-17,0.13
ne,2023-06-17,0.02
nh,2023-06-17,0.07
nj,2023-06-17,0.15
nm,2023-06-17,0.15
nv,2023-06-17,0.36
ny,2023-06-17,0.14
oh,2023-06-17,0.04
ok,2023-06-17,0.06
or,2023-06-17,0.06
pa,2023-06-17,0.06
ri,2023-06-17,0.08
sc,2023-06-17,0.3
sd,2023-06-17,0.07
tn,2023-06-17,0.19
tx,2023-06-17,0.25
ut,2023-06-17,0.15
va,2023-06-17,0.17
vt,2023-06-17,0.02
wa,2023-06-17,0.17
wi,2023-06-17,0.04
wv,2023-06-17,0.06
wy,2023-06-17,0.18
ak,2023-06-24,0.59
al,2023-06-24,0.18
ar,2023-06-24,0.14
az,2023-06-24,0.51
ca,2023-06-24,0.09
co,2023-06-24,0.06
ct,2023-06-24,0.06
dc,2023-06-24,0.13
de,2023-06-24,0.05
fl,2023-06-24,0.83
ga,2023-06-24,0.22
hi,2023-06-24,0.68
ia,2023-06-24,0.17
id,2023-06-24,0.09
il,2023-06-24,0.08
in,2023-06-24,0.06
ks,2023-06-24,0.06
ky,2023-06-24,0.1
la,2023-06-24,0.18
ma,2023-06-24,0.11
md,2023-06-24,0.05
me,2023-06-24,0.02
mi,2023-06-24,0.12
mn,2023-06-24,0.05
ms,2023-06-24,0.26
mt,2023-06-24,0.03
nc,2023-06-24,0.33
nd,2023-06-24,0.08
ne,2023-06-24,0.01
nh,2023-06-24,0.08
nj,2023-06-24,0.13
nm,2023-06-24,0.16
nv,2023-06-24,0.33
ny,2023-06-24,0.09
oh,2023-06-24,0.04
ok,2023-06-24,0.04
or,2023-06-24,0.04
pa,2023-06-24,0.05
ri,2023-06-24,0.09
sc,2023-06-24,0.25
sd,2023-06-24,0.02
tn,2023-06-24,0.13
tx,2023-06-24,0.23
ut,2023-06-24,0.13
va,2023-06-24,0.1
vt,2023-06-24,0.04
wa,2023-06-24,0.16
wi,2023-06-24,0.04
wv,2023-06-24,0.05
wy,2023-06-24,0.18
ak,2023-07-01,0.34
al,2023-07-01,0.13
ar,2023-07-01,0.13
az,2023-07-01,0.49
ca,2023-07-01,0.1
co,2023-07-01,0.06
ct,2023-07-01,0.06
dc,2023-07-01,0.04
de,2023-07-01,0.05
fl,2023-07-01,0.78
ga,2023-07-01,0.14
hi,2023-07-01,1.01
ia,2023-07-01,0.21
id,2023-07-01,0.13
il,2023-07-01,0.07
in,2023-07-01,0.05
ks,2023-07-01,0.02
ky,2023-07-01,0.1
la,2023-07-01,0.18
ma,2023-07-01,0.05
md,2023-07-01,0.07
me,2023-07-01,0.04
mi,2023-07-01,0.07
mn,2023-07-01,0.07
ms,2023-07-01,0.29
mt,2023-07-01,0.06
nc,2023-07-01,0.28
nd,2023-07-01,0.11
ne,2023-07-01,0.03
nh,2023-07-01,0.05
nj,2023-07-01,0.1
nm,2023-07-01,0.09
nv,2023-07-01,0.2
ny,2023-07-01,0.09
oh,2023-07-01,0.03
ok,2023-07-01,0.05
or,2023-07-01,0.05
pa,2023-07-01,0.06
ri,2023-07-01,0.07
sc,2023-07-01,0.15
sd,2023-07-01,0.11
tn,2023-07-01,0.17
tx,2023-07-01,0.21
ut,2023-07-01,0.12
va,2023-07-01,0.12
vt,2023-07-01,0.02
wa,2023-07-01,0.16
wi,2023-07-01,0.04
wv,2023-07-01,0.05
wy,2023-07-01,0
ak,2023-07-08,0.31
al,2023-07-08,0.2
ar,2023-07-08,0.16
az,2023-07-08,0.47
ca,2023-07-08,0.11
co,2023-07-08,0.07
ct,2023-07-08,0.04
dc,2023-07-08,0.14
de,2023-07-08,0.04
fl,2023-07-08,0.73
ga,2023-07-08,0.16
hi,2023-07-08,0.88
ia,2023-07-08,0.19
id,2023-07-08,0.08
il,2023-07-08,0.07
in,2023-07-08,0.05
ks,2023-07-08,0.03
ky,2023-07-08,0.08
la,2023-07-08,0.14
ma,2023-07-08,0.08
md,2023-07-08,0.09
me,2023-07-08,0.02
mi,2023-07-08,0.06
mn,2023-07-08,0.03
ms,2023-07-08,0.28
mt,2023-07-08,0.05
nc,2023-07-08,0.26
nd,2023-07-08,0.11
ne,2023-07-08,0.02
nh,2023-07-08,0.07
nj,2023-07-08,0.07
nm,2023-07-08,0.07
nv,2023-07-08,0.27
ny,2023-07-08,0.08
oh,2023-07-08,0.03
ok,2023-07-08,0.03
or,2023-07-08,0.06
pa,2023-07-08,0.04
ri,2023-07-08,0.06
sc,2023-07-08,0.18
sd,2023-07-08,0.04
tn,2023-07-08,0.16
tx,2023-07-08,0.2
ut,2023-07-08,0.18
va,2023-07-08,0.1
vt,2023-07-08,0.05
wa,2023-07-08,0.14
wi,2023-07-08,0.04
wv,2023-07-08,0.04
wy,2023-07-08,0.14
ak,2023-07-15,0.22
al,2023-07-15,0.15
ar,2023-07-15,0.12
az,2023-07-15,0.31
ca,2023-07-15,0.1
co,2023-07-15,0.06
ct,2023-07-15,0.06
dc,2023-07-15,0.08
de,2023-07-15,0.05
fl,2023-07-15,0.66
ga,2023-07-15,0.17
hi,2023-07-15,0.82
ia,2023-07-15,0.18
id,2023-07-15,0.06
il,2023-07-15,0.06
in,2023-07-15,0.03
ks,2023-07-15,0.03
ky,2023-07-15,0.1
la,2023-07-15,0.14
ma,2023-07-15,0.04
md,2023-07-15,0.11
me,2023-07-15,0.03
mi,2023-07-15,0.05
mn,2023-07-15,0.06
ms,2023-07-15,0.23
mt,2023-07-15,0.05
nc,2023-07-15,0.3
nd,2023-07-15,0
ne,2023-07-15,0.01
nh,2023-07-15,0.03
nj,2023-07-15,0.07
nm,2023-07-15,0.08
nv,2023-07-15,0.26
ny,2023-07-15,0.07
oh,2023-07-15,0.03
ok,2023-07-15,0.04
or,2023-07-15,0.06
pa,2023-07-15,0.05
ri,2023-07-15,0.09
sc,2023-07-15,0.16
sd,2023-07-15,0.02
tn,2023-07-15,0.16
tx,2023-07-15,0.21
ut,2023-07-15,0.1
va,2023-07-15,0.11
vt,2023-07-15,0
wa,2023-07-15,0.09
wi,2023-07-15,0.03
wv,2023-07-15,0.05
wy,2023-07-15,0
ak,2023-07-22,0.42
al,2023-07-22,0.18
ar,2023-07-22,0.14
az,2023-07-22,0.2
ca,2023-07-22,0.08
co,2023-07-22,0.06
ct,2023-07-22,0.03
dc,2023-07-22,0.08
de,2023-07-22,0.05
fl,2023-07-22,0.62
ga,2023-07-22,0.14
hi,2023-07-22,1.15
ia,2023-07-22,0.19
id,2023-07-22,0.07
il,2023-07-22,0.06
in,2023-07-22,0.03
ks,2023-07-22,0.06
ky,2023-07-22,0.1
la,2023-07-22,0.14
ma,2023-07-22,0.05
md,2023-07-22,0.06
me,2023-07-22,0.03
mi,2023-07-22,0.04
mn,2023-07-22,0.08
ms,2023-07-22,0.21
mt,2023-07-22,0.03
nc,2023-07-22,0.29
nd,2023-07-22,0.04
ne,2023-07-22,0.03
nh,2023-07-22,0.05
nj,2023-07-22,0.08
nm,2023-07-22,0.08
nv,2023-07-22,0.11
ny,2023-07-22,0.06
oh,2023-07-22,0.04
ok,2023-07-22,0.05
or,2023-07-22,0.06
pa,2023-07-22,0.04
ri,2023-07-22,0.08
sc,2023-07-22,0.15
sd,2023-07-22,0.02
tn,2023-07-22,0.14
tx,2023-07-22,0.21
ut,2023-07-22,0.11
va,2023-07-22,0.14
vt,2023-07-22,0.06
wa,2023-07-22,0.09
wi,2023-07-22,0.02
wv,2023-07-22,0.06
wy,2023-07-22,0.03
ak,2023-07-29,0.21
al,2023-07-29,0.22
ar,2023-07-29,0.09
az,2023-07-29,0.14
ca,2023-07-29,0.08
co,2023-07-29,0.05
ct,2023-07-29,0.05
dc,2023-07-29,0.1
de,2023-07-29,0.06
fl,2023-07-29,0.59
ga,2023-07-29,0.16
hi,2023-07-29,1.19
ia,2023-07-29,0.18
id,2023-07-29,0.05
il,2023-07-29,0.07
in,2023-07-29,0.06
ks,2023-07-29,0.03
ky,2023-07-29,0.07
la,2023-07-29,0.16
ma,2023-07-29,0.05
md,2023-07-29,0.07
me,2023-07-29,0.04
mi,2023-07-29,0.03
mn,2023-07-29,0.06
ms,2023-07-29,0.27
mt,2023-07-29,0.02
nc,2023-07-29,0.32
nd,2023-07-29,0
ne,2023-07-29,0.01
nh,2023-07-29,0.1
nj,2023-07-29,0.07
nm,2023-07-29,0.07
nv,2023-07-29,0.1
ny,2023-07-29,0.05
oh,2023-07-29,0.04
ok,2023-07-29,0.05
or,2023-07-29,0.07
pa,2023-07-29,0.06
ri,2023-07-29,0.02
sc,2023-07-29,0.15
sd,2023-07-29,0
tn,2023-07-29,0.17
tx,2023-07-29,0.21
ut,2023-07-29,0.06
va,2023-07-29,0.12
vt,2023-07-29,0.04
wa,2023-07-29,0.06
wi,2023-07-29,0.03
wv,2023-07-29,0.06
wy,2023-07-29,0.22
ak,2023-08-05,0.23
al,2023-08-05,0.23
ar,2023-08-05,0.17
az,2023-08-05,0.11
ca,2023-08-05,0.09
co,2023-08-05,0.06
ct,2023-08-05,0.03
dc,2023-08-05,0.05
de,2023-08-05,0.05
fl,2023-08-05,0.6
ga,2023-08-05,0.19
hi,2023-08-05,1.22
ia,2023-08-05,0.18
id,2023-08-05,0.01
il,2023-08-05,0.06
in,2023-08-05,0.04
ks,2023-08-05,0.05
ky,2023-08-05,0.09
la,2023-08-05,0.15
ma,2023-08-05,0.06
md,2023-08-05,0.08
me,2023-08-05,0.04
mi,2023-08-05,0.04
mn,2023-08-05,0.09
ms,2023-08-05,0.28
mt,2023-08-05,0.03
nc,2023-08-05,0.34
nd,2023-08-05,0.08
ne,2023-08-05,0.04
nh,2023-08-05,0.02
nj,2023-08-05,0.1
nm,2023-08-05,0.09
nv,2023-08-05,0.1
ny,2023-08-05,0.06
oh,2023-08-05,0.04
ok,2023-08-05,0.04
or,2023-08-05,0.07
pa,2023-08-05,0.05
ri,2023-08-05,0.03
sc,2023-08-05,0.21
sd,2023-08-05,0
tn,2023-08-05,0.16
tx,2023-08-05,0.22
ut,2023-08-05,0.07
va,2023-08-05,0.09
vt,2023-08-05,0.02
wa,2023-08-05,0.09
wi,2023-08-05,0.03
wv,2023-08-05,0.07
wy,2023-08-05,0
ak,2023-08-12,0.32
al,2023-08-12,0.28
ar,2023-08-12,0.12
az,2023-08-12,0.11
ca,2023-08-12,0.09
co,2023-08-12,0.04
ct,2023-08-12,0.05
dc,2023-08-12,0.07
de,2023-08-12,0.06
fl,2023-08-12,0.56
ga,2023-08-12,0.18
hi,2023-08-12,1.13
ia,2023-08-12,0.19
id,2023-08-12,0.06
il,2023-08-12,0.06
in,2023-08-12,0.07
ks,2023-08-12,0.04
ky,2023-08-12,0.14
la,2023-08-12,0.14
ma,2023-08-12,0.06
md,2023-08-12,0.07
me,2023-08-12,0.03
mi,2023-08-12,0.04
mn,2023-08-12,0.04
ms,2023-08-12,0.36
mt,2023-08-12,0.06
nc,2023-08-12,0.31
nd,2023-08-12,0.04
ne,2023-08-12,0.01
nh,2023-08-12,0.02
nj,2023-08-12,0.09
nm,2023-08-12,0.09
nv,2023-08-12,0.17
ny,2023-08-12,0.07
oh,2023-08-12,0.04
ok,2023-08-12,0.03
or,2023-08-12,0.1
pa,2023-08-12,0.03
ri,2023-08-12,0.05
sc,2023-08-12,0.18
sd,2023-08-12,0
tn,2023-08-12,0.21
tx,2023-08-12,0.24
ut,2023-08-12,0.09
va,2023-08-12,0.15
vt,2023-08-12,0.02
wa,2023-08-12,0.07
wi,2023-08-12,0.01
wv,2023-08-12,0.05
wy,2023-08-12,0.06
ak,2023-08-19,0.25
al,2023-08-19,0.35
ar,2023-08-19,0.12
az,2023-08-19,0.11
ca,2023-08-19,0.11
co,2023-08-19,0.07
ct,2023-08-19,0.04
dc,2023-08-19,0.12
de,2023-08-19,0.05
fl,2023-08-19,0.6
ga,2023-08-19,0.2
hi,2023-08-19,1.35
ia,2023-08-19,0.2
id,2023-08-19,0.03
il,2023-08-19,0.08
in,2023-08-19,0.08
ks,2023-08-19,0.07
ky,2023-08-19,0.13
la,2023-08-19,0.22
ma,2023-08-19,0.09
md,2023-08-19,0.09
me,2023-08-19,0.04
mi,2023-08-19,0.04
mn,2023-08-19,0.08
ms,2023-08-19,0.53
mt,2023-08-19,0.02
nc,2023-08-19,0.37
nd,2023-08-19,0.02
ne,2023-08-19,0.01
nh,2023-08-19,0.05
nj,2023-08-19,0.09
nm,2023-08-19,0.14
nv,2023-08-19,0.18
ny,2023-08-19,0.06
oh,2023-08-19,0.05
ok,2023-08-19,0.09
or,2023-08-19,0.07
pa,2023-08-19,0.05
ri,2023-08-19,0.09
sc,2023-08-19,0.21
sd,2023-08-19,0.06
tn,2023-08-19,0.25
tx,2023-08-19,0.26
ut,2023-08-19,0.1
va,2023-08-19,0.14
vt,2023-08-19,0
wa,2023-08-19,0.08
wi,2023-08-19,0.03
wv,2023-08-19,0.11
wy,2023-08-19,0.06
ak,2023-08-26,0.25
al,2023-08-26,0.43
ar,2023-08-26,0.24
az,2023-08-26,0.11
ca,2023-08-26,0.11
co,2023-08-26,0.08
ct,2023-08-26,0.1
dc,2023-08-26,0.13
de,2023-08-26,0.02
fl,2023-08-26,0.77
ga,2023-08-26,0.24
hi,2023-08-26,0.91
ia,2023-08-26,0.22
id,2023-08-26,0.07
il,2023-08-26,0.08
in,2023-08-26,0.12
ks,2023-08-26,0.1
ky,2023-08-26,0.17
la,2023-08-26,0.29
ma,2023-08-26,0.09
md,2023-08-26,0.06
me,2023-08-26,0.03
mi,2023-08-26,0.05
mn,2023-08-26,0.08
ms,2023-08-26,0.59
mt,2023-08-26,0.06
nc,2023-08-26,0.45
nd,2023-08-26,0.05
ne,2023-08-26,0.02
nh,2023-08-26,0.03
nj,2023-08-26,0.08
nm,2023-08-26,0.11
nv,2023-08-26,0.21
ny,2023-08-26,0.08
oh,2023-08-26,0.05
ok,2023-08-26,0.03
or,2023-08-26,0.07
pa,2023-08-26,0.05
ri,2023-08-26,0.06
sc,2023-08-26,0.27
sd,2023-08-26,0
tn,2023-08-26,0.28
tx,2023-08-26,0.34
ut,2023-08-26,0.07
va,2023-08-26,0.16
vt,2023-08-26,0.06
wa,2023-08-26,0.11
wi,2023-08-26,0.03
wv,2023-08-26,0.07
wy,2023-08-26,0
ak,2023-09-02,0.38
al,2023-09-02,0.48
ar,2023-09-02,0.15
az,2023-09-02,0.12
ca,2023-09-02,0.1
co,2023-09-02,0.07
ct,2023-09-02,0.09
dc,2023-09-02,0.04
de,2023-09-02,0.05
fl,2023-09-02,0.83
ga,2023-09-02,0.28
hi,2023-09-02,1.1
ia,2023-09-02,0.26
id,2023-09-02,0.06
il,2023-09-02,0.08
in,2023-09-02,0.06
ks,2023-09-02,0.07
ky,2023-09-02,0.17
la,2023-09-02,0.25
ma,2023-09-02,0.1
md,2023-09-02,0.07
me,2023-09-02,0.04
mi,2023-09-02,0.07
mn,2023-09-02,0.07
ms,2023-09-02,0.4
mt,2023-09-02,0.01
nc,2023-09-02,0.55
nd,2023-09-02,0.02
ne,2023-09-02,0.06
nh,2023-09-02,0.08
nj,2023-09-02,0.09
nm,2023-09-02,0.12
nv,2023-09-02,0.24
ny,2023-09-02,0.06
oh,2023-09-02,0.07
ok,2023-09-02,0.07
or,2023-09-02,0.06
pa,2023-09-02,0.06
ri,2023-09-02,0.07
sc,2023-09-02,0.34
sd,2023-09-02,0.07
tn,2023-09-02,0.28
tx,2023-09-02,0.42
ut,2023-09-02,0.14
va,2023-09-02,0.21
vt,2023-09-02,0
wa,2023-09-02,0.1
wi,2023-09-02,0.03
wv,2023-09-02,0.08
wy,2023-09-02,0.09
ak,2023-09-09,0.52
al,2023-09-09,0.42
ar,2023-09-09,0.25
az,2023-09-09,0.14
ca,2023-09-09,0.1
co,2023-09-09,0.1
ct,2023-09-09,0.09
dc,2023-09-09,0.09
de,2023-09-09,0.13
fl,2023-09-09,0.88
ga,2023-09-09,0.25
hi,2023-09-09,1.32
ia,2023-09-09,0.15
id,2023-09-09,0.09
il,2023-09-09,0.09
in,2023-09-09,0.11
ks,2023-09-09,0.07
ky,2023-09-09,0.14
la,2023-09-09,0.28
ma,2023-09-09,0.13
md,2023-09-09,0.1
me,2023-09-09,0.03
mi,2023-09-09,0.05
mn,2023-09-09,0.08
ms,2023-09-09,0.41
mt,2023-09-09,0.08
nc,2023-09-09,0.61
nd,2023-09-09,0.02
ne,2023-09-09,0.06
nh,2023-09-09,0.08
nj,2023-09-09,0.13
nm,2023-09-09,0.15
nv,2023-09-09,0.18
ny,2023-09-09,0.08
oh,2023-09-09,0.09
ok,2023-09-09,0.11
or,2023-09-09,0.07
pa,2023-09-09,0.08
ri,2023-09-09,0.08
sc,2023-09-09,0.31
sd,2023-09-09,0.02
tn,2023-09-09,0.26
tx,2023-09-09,0.39
ut,2023-09-09,0.21
va,2023-09-09,0.21
vt,2023-09-09,0.02
wa,2023-09-09,0.16
wi,2023-09-09,0.04
wv,2023-09-09,0.08
wy,2023-09-09,0.11
ak,2023-09-16,0.71
al,2023-09-16,0.38
ar,2023-09-16,0.2
az,2023-09-16,0.16
ca,2023-09-16,0.11
co,2023-09-16,0.06
ct,2023-09-16,0.14
dc,2023-09-16,0.1
de,2023-09-16,0.05
fl,2023-09-16,0.89
ga,2023-09-16,0.27
hi,2023-09-16,1.62
ia,2023-09-16,0.19
id,2023-09-16,0.09
il,2023-09-16,0.13
in,2023-09-16,0.09
ks,2023-09-16,0.07
ky,2023-09-16,0.16
la,2023-09-16,0.26
ma,2023-09-16,0.09
md,2023-09-16,0.09
me,2023-09-16,0.04
mi,2023-09-16,0.09
mn,2023-09-16,0.07
ms,2023-09-16,0.42
mt,2023-09-16,0.09
nc,2023-09-16,0.66
nd,2023-09-16,0.05
ne,2023-09-16,0.02
nh,2023-09-16,0.05
nj,2023-09-16,0.12
nm,2023-09-16,0.19
nv,2023-09-16,0.17
ny,2023-09-16,0.09
oh,2023-09-16,0.08
ok,2023-09-16,0.11
or,2023-09-16,0.13
pa,2023-09-16,0.08
ri,2023-09-16,0.1
sc,2023-09-16,0.42
sd,2023-09-16,0.02
tn,2023-09-16,0.31
tx,2023-09-16,0.4
ut,2023-09-16,0.08
va,2023-09-16,0.24
vt,2023-09-16,0
wa,2023-09-16,0.2
wi,2023-09-16,0.04
wv,2023-09-16,0.08
wy,2023-09-16,0.03
ak,2023-09-23,1.62
al,2023-09-23,0.35
ar,2023-09-23,0.19
az,2023-09-23,0.19
ca,2023-09-23,0.12
co,2023-09-23,0.1
ct,2023-09-23,0.12
dc,2023-09-23,0.13
de,2023-09-23,0.08
fl,2023-09-23,1.11
ga,2023-09-23,0.32
hi,2023-09-23,1.83
ia,2023-09-23,0.2
id,2023-09-23,0.1
il,2023-09-23,0.14
in,2023-09-23,0.09
ks,2023-09-23,0.07
ky,2023-09-23,0.17
la,2023-09-23,0.29
ma,2023-09-23,0.1
md,2023-09-23,0.14
me,2023-09-23,0.01
mi,2023-09-23,0.08
mn,2023-09-23,0.15
ms,2023-09-23,0.49
mt,2023-09-23,0.12
nc,2023-09-23,0.71
nd,2023-09-23,0.05
ne,2023-09-23,0.05
nh,2023-09-23,0.12
nj,2023-09-23,0.13
nm,2023-09-23,0.12
nv,2023-09-23,0.16
ny,2023-09-23,0.11
oh,2023-09-23,0.09
ok,2023-09-23,0.09
or,2023-09-23,0.1
pa,2023-09-23,0.09
ri,2023-09-23,0.16
sc,2023-09-23,0.43
sd,2023-09-23,0.04
tn,2023-09-23,0.25
tx,2023-09-23,0.42
ut,2023-09-23,0.12
va,2023-09-23,0.23
vt,2023-09-23,0.06
wa,2023-09-23,0.22
wi,2023-09-23,0.04
wv,2023-09-23,0.08
wy,2023-09-23,0.16
ak,2023-09-30,2.42
al,2023-09-30,0.42
ar,2023-09-30,0.17
az,2023-09-30,0.18
ca,2023-09-30,0.12
co,2023-09-30,0.13
ct,2023-09-30,0.11
dc,2023-09-30,0.12
de,2023-09-30,0.1
fl,2023-09-30,1.34
ga,2023-09-30,0.39
hi,2023-09-30,2.12
ia,2023-09-30,0.16
id,2023-09-30,0.15
il,2023-09-30,0.14
in,2023-09-30,0.15
ks,2023-09-30,0.08
ky,2023-09-30,0.26
la,2023-09-30,0.35
ma,2023-09-30,0.13
md,2023-09-30,0.12
me,2023-09-30,0.04
mi,2023-09-30,0.09
mn,2023-09-30,0.18
ms,2023-09-30,0.55
mt,2023-09-30,0.1
nc,2023-09-30,0.64
nd,2023-09-30,0.15
ne,2023-09-30,0.02
nh,2023-09-30,0.17
nj,2023-09-30,0.15
nm,2023-09-30,0.12
nv,2023-09-30,0.2
ny,2023-09-30,0.09
oh,2023-09-30,0.09
ok,2023-09-30,0.04
or,2023-09-30,0.09
pa,2023-09-30,0.07
ri,2023-09-30,0.1
sc,2023-09-30,0.43
sd,2023-09-30,0.07
tn,2023-09-30,0.34
tx,2023-09-30,0.47
ut,2023-09-30,0.2
va,2023-09-30,0.24
vt,2023-09-30,0.09
wa,2023-09-30,0.23
wi,2023-09-30,0.06
wv,2023-09-30,0.15
wy,2023-09-30,0.29
ak,2023-10-07,2.48
al,2023-10-07,0.52
ar,2023-10-07,0.36
az,2023-10-07,0.23
ca,2023-10-07,0.15
co,2023-10-07,0.15
ct,2023-10-07,0.12
dc,2023-10-07,0.15
de,2023-10-07,0.13
fl,2023-10-07,1.65
ga,2023-10-07,0.44
hi,2023-10-07,2.64
ia,2023-10-07,0.19
id,2023-10-07,0.1
il,2023-10-07,0.15
in,2023-10-07,0.14
ks,2023-10-07,0.1
ky,2023-10-07,0.2
la,2023-10-07,0.52
ma,2023-10-07,0.14
md,2023-10-07,0.15
me,2023-10-07,0.08
mi,2023-10-07,0.09
mn,2023-10-07,0.13
ms,2023-10-07,0.66
mt,2023-10-07,0.02
nc,2023-10-07,0.63
nd,2023-10-07,0.09
ne,2023-10-07,0.05
nh,2023-10-07,0.23
nj,2023-10-07,0.11
nm,2023-10-07,0.18
nv,2023-10-07,0.2
ny,2023-10-07,0.13
oh,2023-10-07,0.11
ok,2023-10-07,0.07
or,2023-10-07,0.14
pa,2023-10-07,0.06
ri,2023-10-07,0.14
sc,2023-10-07,0.54
sd,2023-10-07,0.04
tn,2023-10-07,0.36
tx,2023-10-07,0.56
ut,2023-10-07,0.2
va,2023-10-07,0.29
vt,2023-10-07,0.04
wa,2023-10-07,0.19
wi,2023-10-07,0.06
wv,2023-10-07,0.1
wy,2023-10-07,0.15
ak,2023-10-14,4.52
al,2023-10-14,0.72
ar,2023-10-14,0.56
az,2023-10-14,0.27
ca,2023-10-14,0.15
co,2023-10-14,0.24
ct,2023-10-14,0.09
dc,2023-10-14,0.16
de,2023-10-14,0.06
fl,2023-10-14,2.03
ga,2023-10-14,0.43
hi,2023-10-14,2.97
ia,2023-10-14,0.2
id,2023-10-14,0.11
il,2023-10-14,0.2
in,2023-10-14,0.18
ks,2023-10-14,0.11
ky,2023-10-14,0.25
la,2023-10-14,0.76
ma,2023-10-14,0.12
md,2023-10-14,0.12
me,2023-10-14,0.06
mi,2023-10-14,0.12
mn,2023-10-14,0.15
ms,2023-10-14,0.84
mt,2023-10-14,0.07
nc,2023-10-14,0.74
nd,2023-10-14,0.06
ne,2023-10-14,0.05
nh,2023-10-14,0.1
nj,2023-10-14,0.17
nm,2023-10-14,0.16
nv,2023-10-14,0.32
ny,2023-10-14,0.12
oh,2023-10-14,0.1
ok,2023-10-14,0.08
or,2023-10-14,0.11
pa,2023-10-14,0.1
ri,2023-10-14,0.1
sc,2023-10-14,0.46
sd,2023-10-14,0.04
tn,2023-10-14,0.45
tx,2023-10-14,0.66
ut,2023-10-14,0.26
va,2023-10-14,0.31
vt,2023-10-14,0.04
wa,2023-10-14,0.19
wi,2023-10-14,0.09
wv,2023-10-14,0.09
wy,2023-10-14,0.16
ak,2023-10-21,4.44
al,2023-10-21,1.06
ar,2023-10-21,0.7
az,2023-10-21,0.32
ca,2023-10-21,0.19
co,2023-10-21,0.4
ct,2023-10-21,0.13
dc,2023-10-21,0.11
de,2023-10-21,0.22
fl,2023-10-21,2.47
ga,2023-10-21,0.5
hi,2023-10-21,2.82
ia,2023-10-21,0.17
id,2023-10-21,0.13
il,2023-10-21,0.25
in,2023-10-21,0.22
ks,2023-10-21,0.12
ky,2023-10-21,0.28
la,2023-10-21,1.01
ma,2023-10-21,0.11
md,2023-10-21,0.14
me,2023-10-21,0.06
mi,2023-10-21,0.13
mn,2023-10-21,0.19
ms,2023-10-21,0.87
mt,2023-10-21,0.06
nc,2023-10-21,0.73
nd,2023-10-21,0.07
ne,2023-10-21,0.1
nh,2023-10-21,0.03
nj,2023-10-21,0.23
nm,2023-10-21,0.27
nv,2023-10-21,0.32
ny,2023-10-21,0.12
oh,2023-10-21,0.14
ok,2023-10-21,0.2
or,2023-10-21,0.11
pa,2023-10-21,0.1
ri,2023-10-21,0.11
sc,2023-10-21,0.45
sd,2023-10-21,0.05
tn,2023-10-21,0.39
tx,2023-10-21,0.82
ut,2023-10-21,0.4
va,2023-10-21,0.39
vt,2023-10-21,0.08
wa,2023-10-21,0.24
wi,2023-10-21,0.08
wv,2023-10-21,0.18
wy,2023-10-21,0.22
ak,2023-10-28,5.45
al,2023-10-28,1.38
ar,2023-10-28,0.62
az,2023-10-28,0.39
ca,2023-10-28,0.21
co,2023-10-28,0.4
ct,2023-10-28,0.17
dc,2023-10-28,0.07
de,2023-10-28,0.13
fl,2023-10-28,2.84
ga,2023-10-28,0.56
hi,2023-10-28,3.38
ia,2023-10-28,0.2
id,2023-10-28,0.19
il,2023-10-28,0.31
in,2023-10-28,0.21
ks,2023-10-28,0.23
ky,2023-10-28,0.33
la,2023-10-28,1.32
ma,2023-10-28,0.18
md,2023-10-28,0.2
me,2023-10-28,0.1
mi,2023-10-28,0.13
mn,2023-10-28,0.11
ms,2023-10-28,1.2
mt,2023-10-28,0.04
nc,2023-10-28,0.91
nd,2023-10-28,0.02
ne,2023-10-28,0.03
nh,2023-10-28,0.07
nj,2023-10-28,0.24
nm,2023-10-28,0.27
nv,2023-10-28,0.3
ny,2023-10-28,0.15
oh,2023-10-28,0.13
ok,2023-10-28,0.17
or,2023-10-28,0.11
pa,2023-10-28,0.13
ri,2023-10-28,0.12
sc,2023-10-28,0.74
sd,2023-10-28,0.06
tn,2023-10-28,0.44
tx,2023-10-28,1.08
ut,2023-10-28,0.39
va,2023-10-28,0.47
vt,2023-10-28,0.02
wa,2023-10-28,0.21
wi,2023-10-28,0.07
wv,2023-10-28,0.13
wy,2023-10-28,0.04
ak,2023-11-04,6.94
al,2023-11-04,1.95
ar,2023-11-04,0.68
az,2023-11-04,0.58
ca,2023-11-04,0.32
co,2023-11-04,0.62
ct,2023-11-04,0.22
dc,2023-11-04,0.2
de,2023-11-04,0.12
fl,2023-11-04,3.41
ga,2023-11-04,0.75
hi,2023-11-04,2.72
ia,2023-11-04,0.28
id,2023-11-04,0.28
il,2023-11-04,0.36
in,2023-11-04,0.24
ks,2023-11-04,0.22
ky,2023-11-04,0.35
la,2023-11-04,1.8
ma,2023-11-04,0.22
md,2023-11-04,0.28
me,2023-11-04,0.1
mi,2023-11-04,0.18
mn,2023-11-04,0.3
ms,2023-11-04,1.64
mt,2023-11-04,0.11
nc,2023-11-04,1.22
nd,2023-11-04,0.02
ne,2023-11-04,0.12
nh,2023-11-04,0.14
nj,2023-11-04,0.32
nm,2023-11-04,0.29
nv,2023-11-04,0.51
ny,2023-11-04,0.18
oh,2023-11-04,0.15
ok,2023-11-04,0.22
or,2023-11-04,0.13
pa,2023-11-04,0.17
ri,2023-11-04,0.21
sc,2023-11-04,1.22
sd,2023-11-04,0.08
tn,2023-11-04,0.54
tx,2023-11-04,1.43
ut,2023-11-04,0.58
va,2023-11-04,0.54
vt,2023-11-04,0.21
wa,2023-11-04,0.36
wi,2023-11-04,0.14
wv,2023-11-04,0.28
wy,2023-11-04,0.24
ak,2023-11-11,5.93
al,2023-11-11,3.41
ar,2023-11-11,0.9
az,2023-11-11,1.11
ca,2023-11-11,0.56
co,2023-11-11,1.06
ct,2023-11-11,0.27
dc,2023-11-11,0.35
de,2023-11-11,0.33
fl,2023-11-11,3.9
ga,2023-11-11,1.37
hi,2023-11-11,3
ia,2023-11-11,0.5
id,2023-11-11,0.21
il,2023-11-11,0.52
in,2023-11-11,0.33
ks,2023-11-11,0.3
ky,2023-11-11,0.5
la,2023-11-11,3.26
ma,2023-11-11,0.32
md,2023-11-11,0.44
me,2023-11-11,0.17
mi,2023-11-11,0.22
mn,2023-11-11,0.39
ms,2023-11-11,2.66
mt,2023-11-11,0.38
nc,2023-11-11,1.93
nd,2023-11-11,0.15
ne,2023-11-11,0.23
nh,2023-11-11,0.26
nj,2023-11-11,0.46
nm,2023-11-11,0.5
nv,2023-11-11,0.84
ny,2023-11-11,0.31
oh,2023-11-11,0.23
ok,2023-11-11,0.3
or,2023-11-11,0.24
pa,2023-11-11,0.25
ri,2023-11-11,0.19
sc,2023-11-11,2.27
sd,2023-11-11,0.13
tn,2023-11-11,0.84
tx,2023-11-11,2
ut,2023-11-11,0.73
va,2023-11-11,0.79
vt,2023-11-11,0.35
wa,2023-11-11,0.43
wi,2023-11-11,0.33
wv,2023-11-11,0.36
wy,2023-11-11,0.42
ak,2023-11-18,3.38
al,2023-11-18,3.93
ar,2023-11-18,0.85
az,2023-11-18,1.54
ca,2023-11-18,0.89
co,2023-11-18,1.58
ct,2023-11-18,0.43
dc,2023-11-18,0.36
de,2023-11-18,0.44
fl,2023-11-18,4.08
ga,2023-11-18,1.82
hi,2023-11-18,3.23
ia,2023-11-18,0.54
id,2023-11-18,0.42
il,2023-11-18,0.72
in,2023-11-18,0.56
ks,2023-11-18,0.34
ky,2023-11-18,0.63
la,2023-11-18,3.99
ma,2023-11-18,0.41
md,2023-11-18,0.59
me,2023-11-18,0.25
mi,2023-11-18,0.35
mn,2023-11-18,0.49
ms,2023-11-18,3.17
mt,2023-11-18,0.58
nc,2023-11-18,2.45
nd,2023-11-18,0.25
ne,2023-11-18,0.09
nh,2023-11-18,0.17
nj,2023-11-18,0.54
nm,2023-11-18,0.63
nv,2023-11-18,1.32
ny,2023-11-18,0.47
oh,2023-11-18,0.31
ok,2023-11-18,0.51
or,2023-11-18,0.27
pa,2023-11-18,0.35
ri,2023-11-18,0.44
sc,2023-11-18,2.82
sd,2023-11-18,0.13
tn,2023-11-18,1.04
tx,2023-11-18,2.39
ut,2023-11-18,0.91
va,2023-11-18,0.93
vt,2023-11-18,0.49
wa,2023-11-18,0.69
wi,2023-11-18,0.4
wv,2023-11-18,0.39
wy,2023-11-18,0.63
ak,2023-11-25,3.24
al,2023-11-25,4.34
ar,2023-11-25,1.18
az,2023-11-25,1.84
ca,2023-11-25,1.23
co,2023-11-25,2.13
ct,2023-11-25,0.71
dc,2023-11-25,0.67
de,2023-11-25,0.67
fl,2023-11-25,4.21
ga,2023-11-25,2.11
hi,2023-11-25,2.77
ia,2023-11-25,0.94
id,2023-11-25,0.56
il,2023-11-25,1.14
in,2023-11-25,0.95
ks,2023-11-25,0.61
ky,2023-11-25,0.97
la,2023-11-25,4.67
ma,2023-11-25,0.65
md,2023-11-25,0.91
me,2023-11-25,0.42
mi,2023-11-25,0.48
mn,2023-11-25,0.56
ms,2023-11-25,3.6
mt,2023-11-25,0.93
nc,2023-11-25,3.38
nd,2023-11-25,0.5
ne,2023-11-25,0.25
nh,2023-11-25,0.36
nj,2023-11-25,0.83
nm,2023-11-25,1.09
nv,2023-11-25,1.5
ny,2023-11-25,0.8
oh,2023-11-25,0.55
ok,2023-11-25,0.59
or,2023-11-25,0.42
pa,2023-11-25,0.72
ri,2023-11-25,0.65
sc,2023-11-25,3.64
sd,2023-11-25,0.43
tn,2023-11-25,1.37
tx,2023-11-25,2.65
ut,2023-11-25,1.51
va,2023-11-25,1.37
vt,2023-11-25,0.79
wa,2023-11-25,1.04
wi,2023-11-25,0.58
wv,2023-11-25,0.6
wy,2023-11-25,1.56
ak,2023-12-02,1.7
al,2023-12-02,3.94
ar,2023-12-02,1.01
az,2023-12-02,2.02
ca,2023-12-02,1.53
co,2023-12-02,2.28
ct,2023-12-02,1.12
dc,2023-12-02,0.9
de,2023-12-02,0.77
fl,2023-12-02,3.75
ga,2023-12-02,1.99
hi,2023-12-02,2.93
ia,2023-12-02,1.28
id,2023-12-02,0.84
il,2023-12-02,1.38
in,2023-12-02,1.34
ks,2023-12-02,0.73
ky,2023-12-02,1.09
la,2023-12-02,4.3
ma,2023-12-02,0.91
md,2023-12-02,1.16
me,2023-12-02,0.54
mi,2023-12-02,0.6
mn,2023-12-02,0.8
ms,2023-12-02,3.44
mt,2023-12-02,1.09
nc,2023-12-02,4.35
nd,2023-12-02,0.86
ne,2023-12-02,0.35
nh,2023-12-02,0.64
nj,2023-12-02,1.15
nm,2023-12-02,1.71
nv,2023-12-02,1.72
ny,2023-12-02,1.18
oh,2023-12-02,0.73
ok,2023-12-02,0.53
or,2023-12-02,0.59
pa,2023-12-02,0.98
ri,2023-12-02,0.65
sc,2023-12-02,4.1
sd,2023-12-02,0.7
tn,2023-12-02,1.79
tx,2023-12-02,2.64
ut,2023-12-02,1.55
va,2023-12-02,1.59
vt,2023-12-02,0.78
wa,2023-12-02,1.33
wi,2023-12-02,0.91
wv,2023-12-02,0.78
wy,2023-12-02,1.96
ak,2023-12-09,1.3
al,2023-12-09,5.46
ar,2023-12-09,1.39
az,2023-12-09,2.79
ca,2023-12-09,2.09
co,2023-12-09,2.94
ct,2023-12-09,1.17
dc,2023-12-09,1.44
de,2023-12-09,1.54
fl,2023-12-09,4.17
ga,2023-12-09,3
hi,2023-12-09,3.66
ia,2023-12-09,1.62
id,2023-12-09,1.23
il,2023-12-09,2.02
in,2023-12-09,1.65
ks,2023-12-09,0.91
ky,2023-12-09,1.44
la,2023-12-09,5.81
ma,2023-12-09,1.44
md,2023-12-09,1.91
me,2023-12-09,0.64
mi,2023-12-09,0.86
mn,2023-12-09,1.48
ms,2023-12-09,4.33
mt,2023-12-09,1.64
nc,2023-12-09,6.27
nd,2023-12-09,0.92
ne,2023-12-09,0.45
nh,2023-12-09,0.98
nj,2023-12-09,1.81
nm,2023-12-09,3.16
nv,2023-12-09,2.4
ny,2023-12-09,1.61
oh,2023-12-09,1.01
ok,2023-12-09,0.65
or,2023-12-09,0.79
pa,2023-12-09,1.53
ri,2023-12-09,1.1
sc,2023-12-09,6.16
sd,2023-12-09,0.87
tn,2023-12-09,2.79
tx,2023-12-09,3.6
ut,2023-12-09,2.55
va,2023-12-09,2.57
vt,2023-12-09,0.81
wa,2023-12-09,1.75
wi,2023-12-09,1.52
wv,2023-12-09,1.23
wy,2023-12-09,2.52
ak,2023-12-16,0.76
al,2023-12-16,8.29
ar,2023-12-16,2.54
az,2023-12-16,4.67
ca,2023-12-16,2.81
co,2023-12-16,3.8
ct,2023-12-16,1.72
dc,2023-12-16,2.53
de,2023-12-16,2.53
fl,2023-12-16,4.94
ga,2023-12-16,4.95
hi,2023-12-16,4.07
ia,2023-12-16,2.26
id,2023-12-16,1.8
il,2023-12-16,2.61
in,2023-12-16,2.53
ks,2023-12-16,1.41
ky,2023-12-16,2.07
la,2023-12-16,7.9
ma,2023-12-16,2.18
md,2023-12-16,3.06
me,2023-12-16,1.15
mi,2023-12-16,1.55
mn,2023-12-16,2.21
ms,2023-12-16,6.81
mt,2023-12-16,3.12
nc,2023-12-16,9.35
nd,2023-12-16,1.92
ne,2023-12-16,0.81
nh,2023-12-16,1.72
nj,2023-12-16,3.11
nm,2023-12-16,5.47
nv,2023-12-16,3.5
ny,2023-12-16,2.59
oh,2023-12-16,1.61
ok,2023-12-16,1
or,2023-12-16,1.06
pa,2023-12-16,2.51
ri,2023-12-16,1.83
sc,2023-12-16,9.41
sd,2023-12-16,1.19
tn,2023-12-16,4.11
tx,2023-12-16,5.03
ut,2023-12-16,3.54
va,2023-12-16,4.09
vt,2023-12-16,1.09
wa,2023-12-16,2.21
wi,2023-12-16,2.15
wv,2023-12-16,1.75
wy,2023-12-16,3.46
ak,2023-12-23,0.71
al,2023-12-23,10.96
ar,2023-12-23,3.88
az,2023-12-23,7.34
ca,2023-12-23,4.13
co,2023-12-23,4.59
ct,2023-12-23,2.53
dc,2023-12-23,4.44
de,2023-12-23,3.44
fl,2023-12-23,5.49
ga,2023-12-23,7.58
hi,2023-12-23,4.17
ia,2023-12-23,3.28
id,2023-12-23,3.36
il,2023-12-23,4.02
in,2023-12-23,4.34
ks,2023-12-23,2.19
ky,2023-12-23,3.77
la,2023-12-23,10.14
ma,2023-12-23,3.26
md,2023-12-23,5.09
me,2023-12-23,1.88
mi,2023-12-23,2.3
mn,2023-12-23,2.98
ms,2023-12-23,9.76
mt,2023-12-23,5.81
nc,2023-12-23,13.05
nd,2023-12-23,3.35
ne,2023-12-23,1.23
nh,2023-12-23,2.87
nj,2023-12-23,4.6
nm,2023-12-23,8
nv,2023-12-23,4.51
ny,2023-12-23,3.6
oh,2023-12-23,2.77
ok,2023-12-23,1.75
or,2023-12-23,1.93
pa,2023-12-23,3.83
ri,2023-12-23,2.69
sc,2023-12-23,12.11
sd,2023-12-23,2.37
tn,2023-12-23,7.12
tx,2023-12-23,6.76
ut,2023-12-23,5.53
va,2023-12-23,6.42
vt,2023-12-23,2.2
wa,2023-12-23,2.93
wi,2023-12-23,3.19
wv,2023-12-23,3.24
wy,2023-12-23,4.73
ak,2023-12-30,0.63
al,2023-12-30,10.56
ar,2023-12-30,5.43
az,2023-12-30,6.89
ca,2023-12-30,3.96
co,2023-12-30,5.03
ct,2023-12-30,3.51
dc,2023-12-30,4.88
de,2023-12-30,5.78
fl,2023-12-30,5.83
ga,2023-12-30,7.67
hi,2023-12-30,4.59
ia,2023-12-30,3.66
id,2023-12-30,4.9
il,2023-12-30,4.99
in,2023-12-30,5.37
ks,2023-12-30,2.19
ky,2023-12-30,5.69
la,2023-12-30,9.55
ma,2023-12-30,4.41
md,2023-12-30,6.31
me,2023-12-30,2.78
mi,2023-12-30,3.53
mn,2023-12-30,3.91
ms,2023-12-30,10.15
mt,2023-12-30,9.96
nc,2023-12-30,14.02
nd,2023-12-30,4.02
ne,2023-12-30,1.92
nh,2023-12-30,3.54
nj,2023-12-30,5.93
nm,2023-12-30,8.28
nv,2023-12-30,4.32
ny,2023-12-30,4.55
oh,2023-12-30,4.04
ok,2023-12-30,2.38
or,2023-12-30,2.44
pa,2023-12-30,5.14
ri,2023-12-30,3.9
sc,2023-12-30,11.52
sd,2023-12-30,3.01
tn,2023-12-30,8.95
tx,2023-12-30,6.3
ut,2023-12-30,7.47
va,2023-12-30,7.46
vt,2023-12-30,2.5
wa,2023-12-30,3.02
wi,2023-12-30,4.02
wv,2023-12-30,5.45
wy,2023-12-30,6.04
ak,2024-01-06,0.89
al,2024-01-06,7.14
ar,2024-01-06,4.85
az,2024-01-06,4.84
ca,2024-01-06,2.86
co,2024-01-06,4.2
ct,2024-01-06,2.45
dc,2024-01-06,3.43
de,2024-01-06,4.15
fl,2024-01-06,4.83
ga,2024-01-06,4.7
hi,2024-01-06,4.2
ia,2024-01-06,3.08
id,2024-01-06,3.46
il,2024-01-06,3.53
in,2024-01-06,4.26
ks,2024-01-06,2.41
ky,2024-01-06,4.54
la,2024-01-06,6.89
ma,2024-01-06,3.35
md,2024-01-06,3.8
me,2024-01-06,2.28
mi,2024-01-06,2.54
mn,2024-01-06,3.23
ms,2024-01-06,7.23
mt,2024-01-06,8.36
nc,2024-01-06,8.8
nd,2024-01-06,3.16
ne,2024-01-06,1.59
nh,2024-01-06,2.39
nj,2024-01-06,4.06
nm,2024-01-06,6.47
nv,2024-01-06,3.52
ny,2024-01-06,3.19
oh,2024-01-06,3.01
ok,2024-01-06,2.52
or,2024-01-06,2.04
pa,2024-01-06,3.48
ri,2024-01-06,2.92
sc,2024-01-06,6.79
sd,2024-01-06,2.37
tn,2024-01-06,6.61
tx,2024-01-06,5.47
ut,2024-01-06,6.01
va,2024-01-06,4.67
vt,2024-01-06,2.11
wa,2024-01-06,2.51
wi,2024-01-06,3.17
wv,2024-01-06,3.76
wy,2024-01-06,5.32
ak,2024-01-13,1.14
al,2024-01-13,5.48
ar,2024-01-13,5.07
az,2024-01-13,3.69
ca,2024-01-13,2.05
co,2024-01-13,3.32
ct,2024-01-13,2.26
dc,2024-01-13,2.87
de,2024-01-13,3.4
fl,2024-01-13,3.69
ga,2024-01-13,3.87
hi,2024-01-13,2.6
ia,2024-01-13,3.39
id,2024-01-13,2.49
il,2024-01-13,2.83
in,2024-01-13,3.63
ks,2024-01-13,2.19
ky,2024-01-13,4.32
la,2024-01-13,4.87
ma,2024-01-13,3
md,2024-01-13,3.06
me,2024-01-13,2.36
mi,2024-01-13,2.27
mn,2024-01-13,3.37
ms,2024-01-13,5.78
mt,2024-01-13,7.06
nc,2024-01-13,6.07
nd,2024-01-13,2.7
ne,2024-01-13,1.55
nh,2024-01-13,2.58
nj,2024-01-13,3.54
nm,2024-01-13,4.74
nv,2024-01-13,2.97
ny,2024-01-13,2.81
oh,2024-01-13,3.04
ok,2024-01-13,2.97
or,2024-01-13,1.78
pa,2024-01-13,2.71
ri,2024-01-13,2.67
sc,2024-01-13,4.47
sd,2024-01-13,2.22
tn,2024-01-13,5.77
tx,2024-01-13,4.46
ut,2024-01-13,4.52
va,2024-01-13,3.79
vt,2024-01-13,2.77
wa,2024-01-13,1.86
wi,2024-01-13,3.16
wv,2024-01-13,4.19
wy,2024-01-13,4.54
ak,2024-01-20,1.53
al,2024-01-20,5.1
ar,2024-01-20,6.25
az,2024-01-20,3.48
ca,2024-01-20,2.05
co,2024-01-20,3.09
ct,2024-01-20,2.13
dc,2024-01-20,2.44
de,2024-01-20,3.03
fl,2024-01-20,3.41
ga,2024-01-20,3.64
hi,2024-01-20,2.69
ia,2024-01-20,2.87
id,2024-01-20,2.18
il,2024-01-20,2.45
in,2024-01-20,3.93
ks,2024-01-20,2.04
ky,2024-01-20,4.89
la,2024-01-20,3.85
ma,2024-01-20,2.42
md,2024-01-20,2.71
me,2024-01-20,2.33
mi,2024-01-20,2.24
mn,2024-01-20,3.5
ms,2024-01-20,5.14
mt,2024-01-20,5.14
nc,2024-01-20,4.79
nd,2024-01-20,3
ne,2024-01-20,1.34
nh,2024-01-20,2.42
nj,2024-01-20,2.99
nm,2024-01-20,4.26
nv,2024-01-20,2.41
ny,2024-01-20,2.59
oh,2024-01-20,3.38
ok,2024-01-20,4.09
or,2024-01-20,1.4
pa,2024-01-20,2.49
ri,2024-01-20,2.39
sc,2024-01-20,3.76
sd,2024-01-20,1.77
tn,2024-01-20,5.09
tx,2024-01-20,5.22
ut,2024-01-20,3.85
va,2024-01-20,3.23
vt,2024-01-20,2.42
wa,2024-01-20,1.8
wi,2024-01-20,2.54
wv,2024-01-20,4.64
wy,2024-01-20,4.49
ak,2024-01-27,2.01
al,2024-01-27,4.08
ar,2024-01-27,6.88
az,2024-01-27,3.21
ca,2024-01-27,1.54
co,2024-01-27,2.97
ct,2024-01-27,2.29
dc,2024-01-27,1.64
de,2024-01-27,2.61
fl,2024-01-27,3.33
ga,2024-01-27,3.7
hi,2024-01-27,1.89
ia,2024-01-27,3.25
id,2024-01-27,1.97
il,2024-01-27,2.38
in,2024-01-27,4.42
ks,2024-01-27,2.36
ky,2024-01-27,4.83
la,2024-01-27,3.37
ma,2024-01-27,2.73
md,2024-01-27,2.16
me,2024-01-27,2.27
mi,2024-01-27,2.6
mn,2024-01-27,3.73
ms,2024-01-27,3.52
mt,2024-01-27,4.85
nc,2024-01-27,4.81
nd,2024-01-27,2.69
ne,2024-01-27,1.63
nh,2024-01-27,2.34
nj,2024-01-27,2.8
nm,2024-01-27,4.52
nv,2024-01-27,2.21
ny,2024-01-27,2.63
oh,2024-01-27,3.89
ok,2024-01-27,4.66
or,2024-01-27,1.34
pa,2024-01-27,2.41
ri,2024-01-27,2.43
sc,2024-01-27,3.86
sd,2024-01-27,2.65
tn,2024-01-27,3.24
tx,2024-01-27,6.58
ut,2024-01-27,3.21
va,2024-01-27,3.24
vt,2024-01-27,2.18
wa,2024-01-27,1.9
wi,2024-01-27,2.8
wv,2024-01-27,4.14
wy,2024-01-27,4.47
ak,2024-02-03,1.66
al,2024-02-03,3.32
ar,2024-02-03,6.82
az,2024-02-03,2.32
ca,2024-02-03,1.31
co,2024-02-03,2.77
ct,2024-02-03,2.16
dc,2024-02-03,1.48
de,2024-02-03,2.73
fl,2024-02-03,3.08
ga,2024-02-03,3.22
hi,2024-02-03,1.97
ia,2024-02-03,3.76
id,2024-02-03,2.37
il,2024-02-03,2.58
in,2024-02-03,4.6
ks,2024-02-03,3.08
ky,2024-02-03,4.62
la,2024-02-03,3.09
ma,2024-02-03,2.78
md,2024-02-03,2.04
me,2024-02-03,2.6
mi,2024-02-03,3.08
mn,2024-02-03,4.13
ms,2024-02-03,2.64
mt,2024-02-03,4.39
nc,2024-02-03,4.13
nd,2024-02-03,3.36
ne,2024-02-03,2.39
nh,2024-02-03,2.56
nj,2024-02-03,2.67
nm,2024-02-03,4.72
nv,2024-02-03,1.74
ny,2024-02-03,2.45
oh,2024-02-03,4.47
ok,2024-02-03,5.57
or,2024-02-03,1.14
pa,2024-02-03,2.38
ri,2024-02-03,2.33
sc,2024-02-03,3.17
sd,2024-02-03,2.73
tn,2024-02-03,2.55
tx,2024-02-03,6.69
ut,2024-02-03,2.62
va,2024-02-03,2.84
vt,2024-02-03,2
wa,2024-02-03,1.61
wi,2024-02-03,3.03
wv,2024-02-03,3.99
wy,2024-02-03,5.72
ak,2024-02-10,1.47
al,2024-02-10,3.28
ar,2024-02-10,7.12
az,2024-02-10,1.81
ca,2024-02-10,1.06
co,2024-02-10,2.53
ct,2024-02-10,2.34
dc,2024-02-10,1.59
de,2024-02-10,3.43
fl,2024-02-10,3.04
ga,2024-02-10,2.85
hi,2024-02-10,2.06
ia,2024-02-10,4.17
id,2024-02-10,2.05
il,2024-02-10,2.78
in,2024-02-10,4.84
ks,2024-02-10,3.39
ky,2024-02-10,5.31
la,2024-02-10,2.69
ma,2024-02-10,3.06
md,2024-02-10,2.4
me,2024-02-10,3.19
mi,2024-02-10,3.87
mn,2024-02-10,4.33
ms,2024-02-10,2.46
mt,2024-02-10,3.75
nc,2024-02-10,3.82
nd,2024-02-10,2.55
ne,2024-02-10,3.05
nh,2024-02-10,1.97
nj,2024-02-10,2.77
nm,2024-02-10,4.43
nv,2024-02-10,1.63
ny,2024-02-10,2.46
oh,2024-02-10,5.42
ok,2024-02-10,5.07
or,2024-02-10,1.18
pa,2024-02-10,2.89
ri,2024-02-10,2.63
sc,2024-02-10,2.69
sd,2024-02-10,3.3
tn,2024-02-10,2.89
tx,2024-02-10,5.3
ut,2024-02-10,2.16
va,2024-02-10,3.15
vt,2024-02-10,2.19
wa,2024-02-10,1.42
wi,2024-02-10,3.22
wv,2024-02-10,4.92
wy,2024-02-10,5.45
ak,2024-02-17,1.6
al,2024-02-17,2.82
ar,2024-02-17,6.87
az,2024-02-17,1.61
ca,2024-02-17,0.99
co,2024-02-17,2.22
ct,2024-02-17,2.32
dc,2024-02-17,2.11
de,2024-02-17,4.07
fl,2024-02-17,2.54
ga,2024-02-17,2.39
hi,2024-02-17,1.87
ia,2024-02-17,4.86
id,2024-02-17,2.32
il,2024-02-17,2.91
in,2024-02-17,4.83
ks,2024-02-17,3.41
ky,2024-02-17,5.27
la,2024-02-17,2.26
ma,2024-02-17,3.04
md,2024-02-17,2.75
me,2024-02-17,3.28
mi,2024-02-17,4.44
mn,2024-02-17,4.4
ms,2024-02-17,2.12
mt,2024-02-17,3.16
nc,2024-02-17,3.57
nd,2024-02-17,1.89
ne,2024-02-17,2.86
nh,2024-02-17,2.26
nj,2024-02-17,2.96
nm,2024-02-17,4.23
nv,2024-02-17,1.67
ny,2024-02-17,2.65
oh,2024-02-17,5.9
ok,2024-02-17,4.49
or,2024-02-17,1.3
pa,2024-02-17,2.99
ri,2024-02-17,2.45
sc,2024-02-17,2.53
sd,2024-02-17,4.09
tn,2024-02-17,2.96
tx,2024-02-17,3.84
ut,2024-02-17,2.21
va,2024-02-17,3.51
vt,2024-02-17,3.04
wa,2024-02-17,1.27
wi,2024-02-17,3.35
wv,2024-02-17,6.09
wy,2024-02-17,5.57
ak,2024-02-24,1.74
al,2024-02-24,2.33
ar,2024-02-24,6.28
az,2024-02-24,1.66
ca,2024-02-24,0.9
co,2024-02-24,2.12
ct,2024-02-24,2.45
dc,2024-02-24,2.49
de,2024-02-24,4.54
fl,2024-02-24,2.25
ga,2024-02-24,1.78
hi,2024-02-24,2.05
ia,2024-02-24,5.05
id,2024-02-24,2.71
il,2024-02-24,3.49
in,2024-02-24,4.82
ks,2024-02-24,4
ky,2024-02-24,5.15
la,2024-02-24,2.1
ma,2024-02-24,3.22
md,2024-02-24,3.07
me,2024-02-24,3.21
mi,2024-02-24,5.21
mn,2024-02-24,4.59
ms,2024-02-24,1.98
mt,2024-02-24,2.74
nc,2024-02-24,3.32
nd,2024-02-24,2.01
ne,2024-02-24,3.89
nh,2024-02-24,1.86
nj,2024-02-24,3.18
nm,2024-02-24,3.64
nv,2024-02-24,1.62
ny,2024-02-24,2.77
oh,2024-02-24,6.2
ok,2024-02-24,4.02
or,2024-02-24,1.32
pa,2024-02-24,3.36
ri,2024-02-24,2.63
sc,2024-02-24,1.95
sd,2024-02-24,4.6
tn,2024-02-24,2.99
tx,2024-02-24,3.23
ut,2024-02-24,1.8
va,2024-02-24,3.43
vt,2024-02-24,2.84
wa,2024-02-24,1.34
wi,2024-02-24,3.55
wv,2024-02-24,5.83
wy,2024-02-24,3.17
ak,2024-03-02,1.86
al,2024-03-02,2.09
ar,2024-03-02,5.54
az,2024-03-02,1.29
ca,2024-03-02,0.76
co,2024-03-02,1.73
ct,2024-03-02,2.89
dc,2024-03-02,2.39
de,2024-03-02,4.82
fl,2024-03-02,2.26
ga,2024-03-02,1.5
hi,2024-03-02,1.81
ia,2024-03-02,5.14
id,2024-03-02,1.86
il,2024-03-02,3.47
in,2024-03-02,4.44
ks,2024-03-02,3.89
ky,2024-03-02,4.78
la,2024-03-02,1.56
ma,2024-03-02,2.85
md,2024-03-02,3.5
me,2024-03-02,2.31
mi,2024-03-02,5.13
mn,2024-03-02,4.39
ms,2024-03-02,1.63
mt,2024-03-02,1.76
nc,2024-03-02,3.05
nd,2024-03-02,1.92
ne,2024-03-02,4.17
nh,2024-03-02,2.07
nj,2024-03-02,3.08
nm,2024-03-02,3.72
nv,2024-03-02,1.31
ny,2024-03-02,2.49
oh,2024-03-02,6
ok,2024-03-02,3.61
or,2024-03-02,1.11
pa,2024-03-02,3.41
ri,2024-03-02,2.78
sc,2024-03-02,1.89
sd,2024-03-02,4.2
tn,2024-03-02,2.74
tx,2024-03-02,2.39
ut,2024-03-02,1.18
va,2024-03-02,3.7
vt,2024-03-02,3.99
wa,2024-03-02,1.08
wi,2024-03-02,3.69
wv,2024-03-02,5.89
wy,2024-03-02,2.45
ak,2024-03-09,2.26
al,2024-03-09,1.59
ar,2024-03-09,4.65
az,2024-03-09,1.15
ca,2024-03-09,0.65
co,2024-03-09,1.59
ct,2024-03-09,2.32
dc,2024-03-09,2.21
de,2024-03-09,4.57
fl,2024-03-09,2.06
ga,2024-03-09,1.16
hi,2024-03-09,1.27
ia,2024-03-09,4.65
id,2024-03-09,1.73
il,2024-03-09,3.45
in,2024-03-09,4.24
ks,2024-03-09,4.11
ky,2024-03-09,3.7
la,2024-03-09,1.36
ma,2024-03-09,2.5
md,2024-03-09,2.92
me,2024-03-09,2.02
mi,2024-03-09,4.71
mn,2024-03-09,4.6
ms,2024-03-09,1.33
mt,2024-03-09,1.87
nc,2024-03-09,2.46
nd,2024-03-09,2.03
ne,2024-03-09,3.78
nh,2024-03-09,2.12
nj,2024-03-09,2.75
nm,2024-03-09,3.5
nv,2024-03-09,1.05
ny,2024-03-09,2.15
oh,2024-03-09,4.86
ok,2024-03-09,3.03
or,2024-03-09,1.07
pa,2024-03-09,3.05
ri,2024-03-09,2.69
sc,2024-03-09,1.3
sd,2024-03-09,5.04
tn,2024-03-09,2.16
tx,2024-03-09,1.97
ut,2024-03-09,1.02
va,2024-03-09,3.15
vt,2024-03-09,2.82
wa,2024-03-09,1.09
wi,2024-03-09,3.27
wv,2024-03-09,4.26
wy,2024-03-09,2.01
ak,2024-03-16,2.81
al,2024-03-16,1.28
ar,2024-03-16,3.4
az,2024-03-16,0.98
ca,2024-03-16,0.65
co,2024-03-16,1.47
ct,2024-03-16,1.69
dc,2024-03-16,1.76
de,2024-03-16,3.28
fl,2024-03-16,1.79
ga,2024-03-16,0.8
hi,2024-03-16,1.62
ia,2024-03-16,3.96
id,2024-03-16,1.76
il,2024-03-16,2.81
in,2024-03-16,3.03
ks,2024-03-16,3.25
ky,2024-03-16,2.34
la,2024-03-16,1.06
ma,2024-03-16,1.94
md,2024-03-16,2.04
me,2024-03-16,1.58
mi,2024-03-16,3.68
mn,2024-03-16,3.87
ms,2024-03-16,0.94
mt,2024-03-16,1.49
nc,2024-03-16,1.85
nd,2024-03-16,1.99
ne,2024-03-16,3.45
nh,2024-03-16,1.59
nj,2024-03-16,1.97
nm,2024-03-16,3.48
nv,2024-03-16,0.9
ny,2024-03-16,1.66
oh,2024-03-16,2.95
ok,2024-03-16,2.4
or,2024-03-16,1.41
pa,2024-03-16,2.2
ri,2024-03-16,1.9
sc,2024-03-16,1.01
sd,2024-03-16,4.35
tn,2024-03-16,1.49
tx,2024-03-16,1.44
ut,2024-03-16,0.99
va,2024-03-16,2.12
vt,2024-03-16,1.58
wa,2024-03-16,1.21
wi,2024-03-16,3.04
wv,2024-03-16,3.13
wy,2024-03-16,1.46
ak,2024-03-23,2.68
al,2024-03-23,1.14
ar,2024-03-23,2.06
az,2024-03-23,0.78
ca,2024-03-23,0.63
co,2024-03-23,1.05
ct,2024-03-23,1.51
dc,2024-03-23,1.49
de,2024-03-23,2.56
fl,2024-03-23,1.5
ga,2024-03-23,0.62
hi,2024-03-23,1.67
ia,2024-03-23,3.16
id,2024-03-23,1.35
il,2024-03-23,2.49
in,2024-03-23,2.21
ks,2024-03-23,2.09
ky,2024-03-23,2
la,2024-03-23,0.91
ma,2024-03-23,1.69
md,2024-03-23,1.74
me,2024-03-23,1.4
mi,2024-03-23,3.07
mn,2024-03-23,3.27
ms,2024-03-23,0.72
mt,2024-03-23,1.47
nc,2024-03-23,1.5
nd,2024-03-23,1.9
ne,2024-03-23,2.34
nh,2024-03-23,1.24
nj,2024-03-23,1.79
nm,2024-03-23,2.77
nv,2024-03-23,0.92
ny,2024-03-23,1.48
oh,2024-03-23,2.13
ok,2024-03-23,1.51
or,2024-03-23,1.42
pa,2024-03-23,1.76
ri,2024-03-23,1.1
sc,2024-03-23,0.78
sd,2024-03-23,3.5
tn,2024-03-23,1.15
tx,2024-03-23,0.98
ut,2024-03-23,0.95
va,2024-03-23,1.69
vt,2024-03-23,1.45
wa,2024-03-23,1.04
wi,2024-03-23,2.54
wv,2024-03-23,2.35
wy,2024-03-23,1.4
ak,2024-03-30,2.12
al,2024-03-30,0.94
ar,2024-03-30,1.45
az,2024-03-30,0.69
ca,2024-03-30,0.54
co,2024-03-30,0.84
ct,2024-03-30,1.59
dc,2024-03-30,1.55
de,2024-03-30,2.07
fl,2024-03-30,1.3
ga,2024-03-30,0.59
hi,2024-03-30,1.6
ia,2024-03-30,2.73
id,2024-03-30,0.9
il,2024-03-30,2.54
in,2024-03-30,2.3
ks,2024-03-30,1.78
ky,2024-03-30,2.1
la,2024-03-30,0.83
ma,2024-03-30,1.82
md,2024-03-30,1.58
me,2024-03-30,1.24
mi,2024-03-30,3.06
mn,2024-03-30,2.89
ms,2024-03-30,0.91
mt,2024-03-30,1.07
nc,2024-03-30,1.5
nd,2024-03-30,1.82
ne,2024-03-30,2.08
nh,2024-03-30,1.64
nj,2024-03-30,1.81
nm,2024-03-30,2.22
nv,2024-03-30,0.9
ny,2024-03-30,1.57
oh,2024-03-30,2.02
ok,2024-03-30,1.04
or,2024-03-30,1.26
pa,2024-03-30,1.6
ri,2024-03-30,1.39
sc,2024-03-30,0.71
sd,2024-03-30,2.75
tn,2024-03-30,1.22
tx,2024-03-30,0.84
ut,2024-03-30,0.83
va,2024-03-30,1.7
vt,2024-03-30,1.34
wa,2024-03-30,0.78
wi,2024-03-30,2.41
wv,2024-03-30,1.91
wy,2024-03-30,1.26
ak,2024-04-06,2.39
al,2024-04-06,0.79
ar,2024-04-06,1.1
az,2024-04-06,0.71
ca,2024-04-06,0.46
co,2024-04-06,0.66
ct,2024-04-06,1.32
dc,2024-04-06,1.23
de,2024-04-06,1.92
fl,2024-04-06,1.08
ga,2024-04-06,0.55
hi,2024-04-06,1.3
ia,2024-04-06,2.1
id,2024-04-06,0.77
il,2024-04-06,1.94
in,2024-04-06,1.79
ks,2024-04-06,1.45
ky,2024-04-06,1.65
la,2024-04-06,0.61
ma,2024-04-06,1.69
md,2024-04-06,1.39
me,2024-04-06,1.29
mi,2024-04-06,2.53
mn,2024-04-06,2.14
ms,2024-04-06,0.76
mt,2024-04-06,0.69
nc,2024-04-06,1.35
nd,2024-04-06,1.5
ne,2024-04-06,1.77
nh,2024-04-06,0.91
nj,2024-04-06,1.52
nm,2024-04-06,1.47
nv,2024-04-06,0.7
ny,2024-04-06,1.46
oh,2024-04-06,1.46
ok,2024-04-06,0.82
or,2024-04-06,0.96
pa,2024-04-06,1.3
ri,2024-04-06,1.2
sc,2024-04-06,0.63
sd,2024-04-06,2.58
tn,2024-04-06,1.05
tx,2024-04-06,0.66
ut,2024-04-06,0.52
va,2024-04-06,1.23
vt,2024-04-06,1.59
wa,2024-04-06,0.61
wi,2024-04-06,1.86
wv,2024-04-06,1.49
wy,2024-04-06,0.77
ak,2024-04-13,2.02
al,2024-04-13,0.56
ar,2024-04-13,0.96
az,2024-04-13,0.57
ca,2024-04-13,0.47
co,2024-04-13,0.59
ct,2024-04-13,1.08
dc,2024-04-13,0.79
de,2024-04-13,1.06
fl,2024-04-13,0.96
ga,2024-04-13,0.42
hi,2024-04-13,1.32
ia,2024-04-13,1.65
id,2024-04-13,0.47
il,2024-04-13,1.45
in,2024-04-13,1.12
ks,2024-04-13,1.04
ky,2024-04-13,0.91
la,2024-04-13,0.44
ma,2024-04-13,1.34
md,2024-04-13,0.89
me,2024-04-13,1.08
mi,2024-04-13,1.73
mn,2024-04-13,1.61
ms,2024-04-13,0.7
mt,2024-04-13,0.44
nc,2024-04-13,0.96
nd,2024-04-13,0.83
ne,2024-04-13,1.29
nh,2024-04-13,1.03
nj,2024-04-13,1.05
nm,2024-04-13,1.23
nv,2024-04-13,0.66
ny,2024-04-13,1.07
oh,2024-04-13,0.79
ok,2024-04-13,0.68
or,2024-04-13,0.72
pa,2024-04-13,0.83
ri,2024-04-13,0.97
sc,2024-04-13,0.46
sd,2024-04-13,1.61
tn,2024-04-13,0.79
tx,2024-04-13,0.56
ut,2024-04-13,0.44
va,2024-04-13,0.89
vt,2024-04-13,1.17
wa,2024-04-13,0.53
wi,2024-04-13,1.32
wv,2024-04-13,0.68
wy,2024-04-13,0.38
ak,2024-04-20,1.92
al,2024-04-20,0.49
ar,2024-04-20,0.7
az,2024-04-20,0.69
ca,2024-04-20,0.44
co,2024-04-20,0.43
ct,2024-04-20,0.8
dc,2024-04-20,0.53
de,2024-04-20,0.58
fl,2024-04-20,0.87
ga,2024-04-20,0.32
hi,2024-04-20,1.06
ia,2024-04-20,1.09
id,2024-04-20,0.34
il,2024-04-20,1.14
in,2024-04-20,0.71
ks,2024-04-20,0.76
ky,2024-04-20,0.51
la,2024-04-20,0.32
ma,2024-04-20,1
md,2024-04-20,0.65
me,2024-04-20,0.79
mi,2024-04-20,1.13
mn,2024-04-20,1.18
ms,2024-04-20,0.55
mt,2024-04-20,0.23
nc,2024-04-20,0.74
nd,2024-04-20,0.84
ne,2024-04-20,0.98
nh,2024-04-20,0.81
nj,2024-04-20,0.66
nm,2024-04-20,1.06
nv,2024-04-20,0.62
ny,2024-04-20,0.67
oh,2024-04-20,0.46
ok,2024-04-20,0.69
or,2024-04-20,0.75
pa,2024-04-20,0.52
ri,2024-04-20,0.69
sc,2024-04-20,0.33
sd,2024-04-20,0.75
tn,2024-04-20,0.57
tx,2024-04-20,0.45
ut,2024-04-20,0.4
va,2024-04-20,0.6
vt,2024-04-20,0.98
wa,2024-04-20,0.5
wi,2024-04-20,0.97
wv,2024-04-20,0.33
wy,2024-04-20,0.41
ak,2024-04-27,2.03
al,2024-04-27,0.37
ar,2024-04-27,0.52
az,2024-04-27,0.72
ca,2024-04-27,0.39
co,2024-04-27,0.35
ct,2024-04-27,0.64
dc,2024-04-27,0.48
de,2024-04-27,0.56
fl,2024-04-27,0.8
ga,2024-04-27,0.27
hi,2024-04-27,1.22
ia,2024-04-27,0.71
id,2024-04-27,0.42
il,2024-04-27,0.8
in,2024-04-27,0.45
ks,2024-04-27,0.53
ky,2024-04-27,0.44
la,2024-04-27,0.29
ma,2024-04-27,0.58
md,2024-04-27,0.42
me,2024-04-27,0.54
mi,2024-04-27,0.82
mn,2024-04-27,0.86
ms,2024-04-27,0.49
mt,2024-04-27,0.28
nc,2024-04-27,0.69
nd,2024-04-27,0.46
ne,2024-04-27,0.68
nh,2024-04-27,0.84
nj,2024-04-27,0.55
nm,2024-04-27,0.8
nv,2024-04-27,0.57
ny,2024-04-27,0.57
oh,2024-04-27,0.29
ok,2024-04-27,0.35
or,2024-04-27,0.69
pa,2024-04-27,0.32
ri,2024-04-27,0.26
sc,2024-04-27,0.19
sd,2024-04-27,0.45
tn,2024-04-27,0.51
tx,2024-04-27,0.42
ut,2024-04-27,0.33
va,2024-04-27,0.44
vt,2024-04-27,0.59
wa,2024-04-27,0.53
wi,2024-04-27,0.67
wv,2024-04-27,0.22
wy,2024-04-27,0.24
ak,2024-05-04,1.8
al,2024-05-04,0.4
ar,2024-05-04,0.51
az,2024-05-04,0.71
ca,2024-05-04,0.32
co,2024-05-04,0.31
ct,2024-05-04,0.55
dc,2024-05-04,0.38
de,2024-05-04,0.3
fl,2024-05-04,0.74
ga,2024-05-04,0.16
hi,2024-05-04,1.24
ia,2024-05-04,0.63
id,2024-05-04,0.22
il,2024-05-04,0.61
in,2024-05-04,0.36
ks,2024-05-04,0.33
ky,2024-05-04,0.32
la,2024-05-04,0.27
ma,2024-05-04,0.61
md,2024-05-04,0.33
me,2024-05-04,0.75
mi,2024-05-04,0.61
mn,2024-05-04,0.61
ms,2024-05-04,0.43
mt,2024-05-04,0.2
nc,2024-05-04,0.65
nd,2024-05-04,0.23
ne,2024-05-04,0.35
nh,2024-05-04,0.53
nj,2024-05-04,0.53
nm,2024-05-04,0.6
nv,2024-05-04,0.39
ny,2024-05-04,0.45
oh,2024-05-04,0.2
ok,2024-05-04,0.38
or,2024-05-04,0.67
pa,2024-05-04,0.31
ri,2024-05-04,0.3
sc,2024-05-04,0.23
sd,2024-05-04,0.33
tn,2024-05-04,0.37
tx,2024-05-04,0.35
ut,2024-05-04,0.3
va,2024-05-04,0.36
vt,2024-05-04,0.46
wa,2024-05-04,0.49
wi,2024-05-04,0.42
wv,2024-05-04,0.14
wy,2024-05-04,0.16
ak,2024-05-11,1.45
al,2024-05-11,0.29
ar,2024-05-11,0.4
az,2024-05-11,0.65
ca,2024-05-11,0.31
co,2024-05-11,0.28
ct,2024-05-11,0.41
dc,2024-05-11,0.33
de,2024-05-11,0.25
fl,2024-05-11,0.65
ga,2024-05-11,0.16
hi,2024-05-11,0.99
ia,2024-05-11,0.33
id,2024-05-11,0.26
il,2024-05-11,0.33
in,2024-05-11,0.22
ks,2024-05-11,0.22
ky,2024-05-11,0.22
la,2024-05-11,0.3
ma,2024-05-11,0.36
md,2024-05-11,0.25
me,2024-05-11,0.53
mi,2024-05-11,0.31
mn,2024-05-11,0.47
ms,2024-05-11,0.38
mt,2024-05-11,0.27
nc,2024-05-11,0.52
nd,2024-05-11,0.19
ne,2024-05-11,0.22
nh,2024-05-11,0.39
nj,2024-05-11,0.34
nm,2024-05-11,0.54
nv,2024-05-11,0.37
ny,2024-05-11,0.29
oh,2024-05-11,0.14
ok,2024-05-11,0.26
or,2024-05-11,0.54
pa,2024-05-11,0.16
ri,2024-05-11,0.32
sc,2024-05-11,0.19
sd,2024-05-11,0.23
tn,2024-05-11,0.31
tx,2024-05-11,0.31
ut,2024-05-11,0.25
va,2024-05-11,0.28
vt,2024-05-11,0.29
wa,2024-05-11,0.48
wi,2024-05-11,0.28
wv,2024-05-11,0.14
wy,2024-05-11,0.37
ak,2024-05-18,1.12
al,2024-05-18,0.29
ar,2024-05-18,0.32
az,2024-05-18,0.57
ca,2024-05-18,0.34
co,2024-05-18,0.3
ct,2024-05-18,0.28
dc,2024-05-18,0.18
de,2024-05-18,0.2
fl,2024-05-18,0.72
ga,2024-05-18,0.11
hi,2024-05-18,0.87
ia,2024-05-18,0.16
id,2024-05-18,0.22
il,2024-05-18,0.22
in,2024-05-18,0.16
ks,2024-05-18,0.15
ky,2024-05-18,0.22
la,2024-05-18,0.28
ma,2024-05-18,0.24
md,2024-05-18,0.15
me,2024-05-18,0.36
mi,2024-05-18,0.21
mn,2024-05-18,0.31
ms,2024-05-18,0.34
mt,2024-05-18,0.11
nc,2024-05-18,0.62
nd,2024-05-18,0.08
ne,2024-05-18,0.15
nh,2024-05-18,0.18
nj,2024-05-18,0.26
nm,2024-05-18,0.57
nv,2024-05-18,0.39
ny,2024-05-18,0.21
oh,2024-05-18,0.1
ok,2024-05-18,0.18
or,2024-05-18,0.58
pa,2024-05-18,0.13
ri,2024-05-18,0.17
sc,2024-05-18,0.17
sd,2024-05-18,0.13
tn,2024-05-18,0.25
tx,2024-05-18,0.32
ut,2024-05-18,0.22
va,2024-05-18,0.21
vt,2024-05-18,0.17
wa,2024-05-18,0.46
wi,2024-05-18,0.18
wv,2024-05-18,0.1
wy,2024-05-18,0.31
ak,2024-05-25,0.99
al,2024-05-25,0.27
ar,2024-05-25,0.38
az,2024-05-25,0.67
ca,2024-05-25,0.31
co,2024-05-25,0.25
ct,2024-05-25,0.17
dc,2024-05-25,0.14
de,2024-05-25,0.09
fl,2024-05-25,0.73
ga,2024-05-25,0.12
hi,2024-05-25,1.46
ia,2024-05-25,0.08
id,2024-05-25,0.23
il,2024-05-25,0.14
in,2024-05-25,0.09
ks,2024-05-25,0.14
ky,2024-05-25,0.14
la,2024-05-25,0.23
ma,2024-05-25,0.2
md,2024-05-25,0.11
me,2024-05-25,0.34
mi,2024-05-25,0.16
mn,2024-05-25,0.21
ms,2024-05-25,0.23
mt,2024-05-25,0.07
nc,2024-05-25,0.52
nd,2024-05-25,0.07
ne,2024-05-25,0.07
nh,2024-05-25,0.11
nj,2024-05-25,0.21
nm,2024-05-25,0.53
nv,2024-05-25,0.35
ny,2024-05-25,0.17
oh,2024-05-25,0.08
ok,2024-05-25,0.13
or,2024-05-25,0.46
pa,2024-05-25,0.08
ri,2024-05-25,0.11
sc,2024-05-25,0.18
sd,2024-05-25,0.09
tn,2024-05-25,0.22
tx,2024-05-25,0.3
ut,2024-05-25,0.14
va,2024-05-25,0.17
vt,2024-05-25,0.08
wa,2024-05-25,0.34
wi,2024-05-25,0.1
wv,2024-05-25,0.09
wy,2024-05-25,0.35
ak,2024-06-01,1
al,2024-06-01,0.29
ar,2024-06-01,0.28
az,2024-06-01,0.67
ca,2024-06-01,0.34
co,2024-06-01,0.19
ct,2024-06-01,0.12
dc,2024-06-01,0.09
de,2024-06-01,0.09
fl,2024-06-01,0.73
ga,2024-06-01,0.1
hi,2024-06-01,1.82
ia,2024-06-01,0.06
id,2024-06-01,0.25
il,2024-06-01,0.13
in,2024-06-01,0.11
ks,2024-06-01,0.11
ky,2024-06-01,0.15
la,2024-06-01,0.28
ma,2024-06-01,0.15
md,2024-06-01,0.11
me,2024-06-01,0.14
mi,2024-06-01,0.09
mn,2024-06-01,0.2
ms,2024-06-01,0.29
mt,2024-06-01,0.1
nc,2024-06-01,0.48
nd,2024-06-01,0.02
ne,2024-06-01,0.06
nh,2024-06-01,0.18
nj,2024-06-01,0.16
nm,2024-06-01,0.48
nv,2024-06-01,0.39
ny,2024-06-01,0.11
oh,2024-06-01,0.07
ok,2024-06-01,0.11
or,2024-06-01,0.47
pa,2024-06-01,0.09
ri,2024-06-01,0.09
sc,2024-06-01,0.1
sd,2024-06-01,0.02
tn,2024-06-01,0.18
tx,2024-06-01,0.27
ut,2024-06-01,0.27
va,2024-06-01,0.13
vt,2024-06-01,0.08
wa,2024-06-01,0.37
wi,2024-06-01,0.08
wv,2024-06-01,0.1
wy,2024-06-01,0.14
ak,2024-06-08,0.73
al,2024-06-08,0.22
ar,2024-06-08,0.37
az,2024-06-08,0.6
ca,2024-06-08,0.32
co,2024-06-08,0.12
ct,2024-06-08,0.07
dc,2024-06-08,0.15
de,2024-06-08,0.12
fl,2024-06-08,0.65
ga,2024-06-08,0.12
hi,2024-06-08,1.83
ia,2024-06-08,0.05
id,2024-06-08,0.21
il,2024-06-08,0.1
in,2024-06-08,0.06
ks,2024-06-08,0.1
ky,2024-06-08,0.13
la,2024-06-08,0.18
ma,2024-06-08,0.12
md,2024-06-08,0.08
me,2024-06-08,0.1
mi,2024-06-08,0.07
mn,2024-06-08,0.14
ms,2024-06-08,0.25
mt,2024-06-08,0.15
nc,2024-06-08,0.43
nd,2024-06-08,0.05
ne,2024-06-08,0.04
nh,2024-06-08,0.18
nj,2024-06-08,0.15
nm,2024-06-08,0.35
nv,2024-06-08,0.34
ny,2024-06-08,0.1
oh,2024-06-08,0.06
ok,2024-06-08,0.04
or,2024-06-08,0.41
pa,2024-06-08,0.06
ri,2024-06-08,0.16
sc,2024-06-08,0.11
sd,2024-06-08,0.05
tn,2024-06-08,0.18
tx,2024-06-08,0.25
ut,2024-06-08,0.23
va,2024-06-08,0.13
vt,2024-06-08,0.03
wa,2024-06-08,0.35
wi,2024-06-08,0.07
wv,2024-06-08,0.07
wy,2024-06-08,0.18
ak,2024-06-15,0.96
al,2024-06-15,0.29
ar,2024-06-15,0.27
az,2024-06-15,0.48
ca,2024-06-15,0.27
co,2024-06-15,0.13
ct,2024-06-15,0.09
dc,2024-06-15,0.03
de,2024-06-15,0.07
fl,2024-06-15,0.52
ga,2024-06-15,0.11
hi,2024-06-15,1.37
ia,2024-06-15,0.04
id,2024-06-15,0.11
il,2024-06-15,0.11
in,2024-06-15,0.05
ks,2024-06-15,0.1
ky,2024-06-15,0.11
la,2024-06-15,0.17
ma,2024-06-15,0.12
md,2024-06-15,0.12
me,2024-06-15,0.11
mi,2024-06-15,0.06
mn,2024-06-15,0.12
ms,2024-06-15,0.26
mt,2024-06-15,0.1
nc,2024-06-15,0.43
nd,2024-06-15,0
ne,2024-06-15,0.04
nh,2024-06-15,0.2
nj,2024-06-15,0.14
nm,2024-06-15,0.18
nv,2024-06-15,0.27
ny,2024-06-15,0.09
oh,2024-06-15,0.07
ok,2024-06-15,0.07
or,2024-06-15,0.37
pa,2024-06-15,0.06
ri,2024-06-15,0.12
sc,2024-06-15,0.09
sd,2024-06-15,0.07
tn,2024-06-15,0.15
tx,2024-06-15,0.23
ut,2024-06-15,0.17
va,2024-06-15,0.14
vt,2024-06-15,0.05
wa,2024-06-15,0.34
wi,2024-06-15,0.05
wv,2024-06-15,0.03
wy,2024-06-15,0.41
ak,2024-06-22,0.54
al,2024-06-22,0.21
ar,2024-06-22,0.19
az,2024-06-22,0.41
ca,2024-06-22,0.24
co,2024-06-22,0.1
ct,2024-06-22,0.06
dc,2024-06-22,0.08
de,2024-06-22,0.03
fl,2024-06-22,0.55
ga,2024-06-22,0.11
hi,2024-06-22,1.03
ia,2024-06-22,0.09
id,2024-06-22,0.14
il,2024-06-22,0.1
in,2024-06-22,0.06
ks,2024-06-22,0.03
ky,2024-06-22,0.17
la,2024-06-22,0.2
ma,2024-06-22,0.08
md,2024-06-22,0.12
me,2024-06-22,0.07
mi,2024-06-22,0.06
mn,2024-06-22,0.07
ms,2024-06-22,0.19
mt,2024-06-22,0.08
nc,2024-06-22,0.37
nd,2024-06-22,0.07
ne,2024-06-22,0.05
nh,2024-06-22,0.04
nj,2024-06-22,0.13
nm,2024-06-22,0.13
nv,2024-06-22,0.34
ny,2024-06-22,0.1
oh,2024-06-22,0.05
ok,2024-06-22,0.11
or,2024-06-22,0.36
pa,2024-06-22,0.06
ri,2024-06-22,0.05
sc,2024-06-22,0.13
sd,2024-06-22,0.11
tn,2024-06-22,0.17
tx,2024-06-22,0.21
ut,2024-06-22,0.14
va,2024-06-22,0.16
vt,2024-06-22,0.05
wa,2024-06-22,0.35
wi,2024-06-22,0.04
wv,2024-06-22,0.04
wy,2024-06-22,0.25
ak,2024-06-29,0.45
al,2024-06-29,0.18
ar,2024-06-29,0.16
az,2024-06-29,0.22
ca,2024-06-29,0.25
co,2024-06-29,0.09
ct,2024-06-29,0.05
dc,2024-06-29,0.06
de,2024-06-29,0.04
fl,2024-06-29,0.53
ga,2024-06-29,0.1
hi,2024-06-29,1.01
ia,2024-06-29,0.04
id,2024-06-29,0.14
il,2024-06-29,0.09
in,2024-06-29,0.05
ks,2024-06-29,0.07
ky,2024-06-29,0.12
la,2024-06-29,0.15
ma,2024-06-29,0.09
md,2024-06-29,0.12
me,2024-06-29,0.08
mi,2024-06-29,0.05
mn,2024-06-29,0.07
ms,2024-06-29,0.17
mt,2024-06-29,0.07
nc,2024-06-29,0.46
nd,2024-06-29,0.06
ne,2024-06-29,0.05
nh,2024-06-29,0.11
nj,2024-06-29,0.11
nm,2024-06-29,0.06
nv,2024-06-29,0.31
ny,2024-06-29,0.09
oh,2024-06-29,0.05
ok,2024-06-29,0.09
or,2024-06-29,0.2
pa,2024-06-29,0.04
ri,2024-06-29,0.06
sc,2024-06-29,0.12
sd,2024-06-29,0.03
tn,2024-06-29,0.14
tx,2024-06-29,0.19
ut,2024-06-29,0.14
va,2024-06-29,0.11
vt,2024-06-29,0.03
wa,2024-06-29,0.28
wi,2024-06-29,0.06
wv,2024-06-29,0.05
wy,2024-06-29,0.1
ak,2024-07-06,0.35
al,2024-07-06,0.21
ar,2024-07-06,0.28
az,2024-07-06,0.17
ca,2024-07-06,0.22
co,2024-07-06,0.09
ct,2024-07-06,0.05
dc,2024-07-06,0.07
de,2024-07-06,0.07
fl,2024-07-06,0.51
ga,2024-07-06,0.11
hi,2024-07-06,1.05
ia,2024-07-06,0.05
id,2024-07-06,0.07
il,2024-07-06,0.07
in,2024-07-06,0.05
ks,2024-07-06,0.06
ky,2024-07-06,0.14
la,2024-07-06,0.18
ma,2024-07-06,0.1
md,2024-07-06,0.1
me,2024-07-06,0.03
mi,2024-07-06,0.05
mn,2024-07-06,0.09
ms,2024-07-06,0.24
mt,2024-07-06,0.09
nc,2024-07-06,0.38
nd,2024-07-06,0.05
ne,2024-07-06,0.04
nh,2024-07-06,0.11
nj,2024-07-06,0.12
nm,2024-07-06,0.1
nv,2024-07-06,0.16
ny,2024-07-06,0.07
oh,2024-07-06,0.05
ok,2024-07-06,0.07
or,2024-07-06,0.16
pa,2024-07-06,0.05
ri,2024-07-06,0.1
sc,2024-07-06,0.1
sd,2024-07-06,0.02
tn,2024-07-06,0.15
tx,2024-07-06,0.21
ut,2024-07-06,0.09
va,2024-07-06,0.13
vt,2024-07-06,0.1
wa,2024-07-06,0.21
wi,2024-07-06,0.06
wv,2024-07-06,0.07
wy,2024-07-06,0
ak,2024-07-13,0.32
al,2024-07-13,0.19
ar,2024-07-13,0.12
az,2024-07-13,0.14
ca,2024-07-13,0.17
co,2024-07-13,0.09
ct,2024-07-13,0.04
dc,2024-07-13,0.15
de,2024-07-13,0.04
fl,2024-07-13,0.46
ga,2024-07-13,0.1
hi,2024-07-13,1.35
ia,2024-07-13,0.04
id,2024-07-13,0.08
il,2024-07-13,0.09
in,2024-07-13,0.04
ks,2024-07-13,0.1
ky,2024-07-13,0.1
la,2024-07-13,0.18
ma,2024-07-13,0.08
md,2024-07-13,0.09
me,2024-07-13,0.06
mi,2024-07-13,0.05
mn,2024-07-13,0.11
ms,2024-07-13,0.19
mt,2024-07-13,0.11
nc,2024-07-13,0.44
nd,2024-07-13,0.03
ne,2024-07-13,0.02
nh,2024-07-13,0.11
nj,2024-07-13,0.13
nm,2024-07-13,0.1
nv,2024-07-13,0.18
ny,2024-07-13,0.06
oh,2024-07-13,0.04
ok,2024-07-13,0.05
or,2024-07-13,0.1
pa,2024-07-13,0.04
ri,2024-07-13,0.04
sc,2024-07-13,0.1
sd,2024-07-13,0.02
tn,2024-07-13,0.13
tx,2024-07-13,0.18
ut,2024-07-13,0.07
va,2024-07-13,0.11
vt,2024-07-13,0.05
wa,2024-07-13,0.17
wi,2024-07-13,0.03
wv,2024-07-13,0.02
wy,2024-07-13,0
ak,2024-07-20,0.34
al,2024-07-20,0.28
ar,2024-07-20,0.21
az,2024-07-20,0.14
ca,2024-07-20,0.16
co,2024-07-20,0.05
ct,2024-07-20,0.04
dc,2024-07-20,0.07
de,2024-07-20,0.01
fl,2024-07-20,0.43
ga,2024-07-20,0.11
hi,2024-07-20,1.32
ia,2024-07-20,0.05
id,2024-07-20,0.05
il,2024-07-20,0.07
in,2024-07-20,0.04
ks,2024-07-20,0.07
ky,2024-07-20,0.08
la,2024-07-20,0.17
ma,2024-07-20,0.08
md,2024-07-20,0.08
me,2024-07-20,0.04
mi,2024-07-20,0.04
mn,2024-07-20,0.05
ms,2024-07-20,0.22
mt,2024-07-20,0.07
nc,2024-07-20,0.47
nd,2024-07-20,0.02
ne,2024-07-20,0
nh,2024-07-20,0.06
nj,2024-07-20,0.11
nm,2024-07-20,0.11
nv,2024-07-20,0.2
ny,2024-07-20,0.08
oh,2024-07-20,0.03
ok,2024-07-20,0.06
or,2024-07-20,0.11
pa,2024-07-20,0.04
ri,2024-07-20,0.06
sc,2024-07-20,0.1
sd,2024-07-20,0.08
tn,2024-07-20,0.13
tx,2024-07-20,0.19
ut,2024-07-20,0.09
va,2024-07-20,0.1
vt,2024-07-20,0.02
wa,2024-07-20,0.13
wi,2024-07-20,0.02
wv,2024-07-20,0.04
wy,2024-07-20,0
ak,2024-07-27,0.29
al,2024-07-27,0.22
ar,2024-07-27,0.23
az,2024-07-27,0.13
ca,2024-07-27,0.13
co,2024-07-27,0.07
ct,2024-07-27,0.04
dc,2024-07-27,0.08
de,2024-07-27,0.03
fl,2024-07-27,0.36
ga,2024-07-27,0.09
hi,2024-07-27,1.03
ia,2024-07-27,0.06
id,2024-07-27,0.03
il,2024-07-27,0.07
in,2024-07-27,0.06
ks,2024-07-27,0.05
ky,2024-07-27,0.11
la,2024-07-27,0.12
ma,2024-07-27,0.07
md,2024-07-27,0.09
me,2024-07-27,0.07
mi,2024-07-27,0.04
mn,2024-07-27,0.06
ms,2024-07-27,0.28
mt,2024-07-27,0.07
nc,2024-07-27,0.51
nd,2024-07-27,0
ne,2024-07-27,0.01
nh,2024-07-27,0.14
nj,2024-07-27,0.13
nm,2024-07-27,0.05
nv,2024-07-27,0.12
ny,2024-07-27,0.07
oh,2024-07-27,0.05
ok,2024-07-27,0.11
or,2024-07-27,0.07
pa,2024-07-27,0.04
ri,2024-07-27,0.07
sc,2024-07-27,0.14
sd,2024-07-27,0.02
tn,2024-07-27,0.15
tx,2024-07-27,0.22
ut,2024-07-27,0.07
va,2024-07-27,0.11
vt,2024-07-27,0.05
wa,2024-07-27,0.09
wi,2024-07-27,0.04
wv,2024-07-27,0.08
wy,2024-07-27,0
ak,2024-08-03,0.22
al,2024-08-03,0.15
ar,2024-08-03,0.18
az,2024-08-03,0.12
ca,2024-08-03,0.13
co,2024-08-03,0.06
ct,2024-08-03,0.05
dc,2024-08-03,0.04
de,2024-08-03,0.07
fl,2024-08-03,0.36
ga,2024-08-03,0.1
hi,2024-08-03,0.95
ia,2024-08-03,0.03
id,2024-08-03,0.03
il,2024-08-03,0.06
in,2024-08-03,0.07
ks,2024-08-03,0.04
ky,2024-08-03,0.08
la,2024-08-03,0.16
ma,2024-08-03,0.08
md,2024-08-03,0.06
me,2024-08-03,0.03
mi,2024-08-03,0.03
mn,2024-08-03,0.1
ms,2024-08-03,0.31
mt,2024-08-03,0.05
nc,2024-08-03,0.57
nd,2024-08-03,0.01
ne,2024-08-03,0.04
nh,2024-08-03,0.07
nj,2024-08-03,0.08
nm,2024-08-03,0.13
nv,2024-08-03,0.13
ny,2024-08-03,0.05
oh,2024-08-03,0.04
ok,2024-08-03,0.08
or,2024-08-03,0.05
pa,2024-08-03,0.04
ri,2024-08-03,0.06
sc,2024-08-03,0.15
sd,2024-08-03,0.02
tn,2024-08-03,0.15
tx,2024-08-03,0.21
ut,2024-08-03,0.07
va,2024-08-03,0.13
vt,2024-08-03,0.07
wa,2024-08-03,0.08
wi,2024-08-03,0.05
wv,2024-08-03,0.08
wy,2024-08-03,0
ak,2024-08-10,0.2
al,2024-08-10,0.23
ar,2024-08-10,0.2
az,2024-08-10,0.1
ca,2024-08-10,0.12
co,2024-08-10,0.04
ct,2024-08-10,0.05
dc,2024-08-10,0.07
de,2024-08-10,0.05
fl,2024-08-10,0.35
ga,2024-08-10,0.1
hi,2024-08-10,0.78
ia,2024-08-10,0.04
id,2024-08-10,0.06
il,2024-08-10,0.07
in,2024-08-10,0.05
ks,2024-08-10,0.07
ky,2024-08-10,0.14
la,2024-08-10,0.12
ma,2024-08-10,0.09
md,2024-08-10,0.09
me,2024-08-10,0.06
mi,2024-08-10,0.05
mn,2024-08-10,0.1
ms,2024-08-10,0.29
mt,2024-08-10,0.07
nc,2024-08-10,0.64
nd,2024-08-10,0.05
ne,2024-08-10,0.05
nh,2024-08-10,0.08
nj,2024-08-10,0.08
nm,2024-08-10,0.1
nv,2024-08-10,0.1
ny,2024-08-10,0.05
oh,2024-08-10,0.03
ok,2024-08-10,0.05
or,2024-08-10,0.06
pa,2024-08-10,0.04
ri,2024-08-10,0.06
sc,2024-08-10,0.12
sd,2024-08-10,0
tn,2024-08-10,0.17
tx,2024-08-10,0.21
ut,2024-08-10,0.06
va,2024-08-10,0.13
vt,2024-08-10,0
wa,2024-08-10,0.14
wi,2024-08-10,0.04
wv,2024-08-10,0.02
wy,2024-08-10,0
ak,2024-08-17,0.22
al,2024-08-17,0.19
ar,2024-08-17,0.2
az,2024-08-17,0.14
ca,2024-08-17,0.12
co,2024-08-17,0.04
ct,2024-08-17,0.02
dc,2024-08-17,0.07
de,2024-08-17,0.02
fl,2024-08-17,0.32
ga,2024-08-17,0.11
hi,2024-08-17,0.58
ia,2024-08-17,0.05
id,2024-08-17,0.05
il,2024-08-17,0.07
in,2024-08-17,0.07
ks,2024-08-17,0.06
ky,2024-08-17,0.12
la,2024-08-17,0.13
ma,2024-08-17,0.06
md,2024-08-17,0.05
me,2024-08-17,0.01
mi,2024-08-17,0.04
mn,2024-08-17,0.07
ms,2024-08-17,0.3
mt,2024-08-17,0
nc,2024-08-17,0.68
nd,2024-08-17,0.03
ne,2024-08-17,0.04
nh,2024-08-17,0.17
nj,2024-08-17,0.12
nm,2024-08-17,0.11
nv,2024-08-17,0.1
ny,2024-08-17,0.05
oh,2024-08-17,0.03
ok,2024-08-17,0.1
or,2024-08-17,0.04
pa,2024-08-17,0.04
ri,2024-08-17,0.06
sc,2024-08-17,0.12
sd,2024-08-17,0.09
tn,2024-08-17,0.19
tx,2024-08-17,0.19
ut,2024-08-17,0.08
va,2024-08-17,0.09
vt,2024-08-17,0
wa,2024-08-17,0.09
wi,2024-08-17,0.03
wv,2024-08-17,0.04
wy,2024-08-17,0
ak,2024-08-24,0.34
al,2024-08-24,0.29
ar,2024-08-24,0.24
az,2024-08-24,0.11
ca,2024-08-24,0.13
co,2024-08-24,0.05
ct,2024-08-24,0.03
dc,2024-08-24,0.04
de,2024-08-24,0.02
fl,2024-08-24,0.38
ga,2024-08-24,0.2
hi,2024-08-24,0.49
ia,2024-08-24,0.07
id,2024-08-24,0.03
il,2024-08-24,0.07
in,2024-08-24,0.05
ks,2024-08-24,0.04
ky,2024-08-24,0.12
la,2024-08-24,0.11
ma,2024-08-24,0.07
md,2024-08-24,0.08
me,2024-08-24,0.03
mi,2024-08-24,0.05
mn,2024-08-24,0.08
ms,2024-08-24,0.31
mt,2024-08-24,0.05
nc,2024-08-24,0.73
nd,2024-08-24,0.06
ne,2024-08-24,0.03
nh,2024-08-24,0.1
nj,2024-08-24,0.06
nm,2024-08-24,0.07
nv,2024-08-24,0.16
ny,2024-08-24,0.05
oh,2024-08-24,0.03
ok,2024-08-24,0.16
or,2024-08-24,0.05
pa,2024-08-24,0.04
ri,2024-08-24,0.08
sc,2024-08-24,0.11
sd,2024-08-24,0.03
tn,2024-08-24,0.22
tx,2024-08-24,0.23
ut,2024-08-24,0.08
va,2024-08-24,0.13
vt,2024-08-24,0.02
wa,2024-08-24,0.08
wi,2024-08-24,0.03
wv,2024-08-24,0.04
wy,2024-08-24,0
ak,2024-08-31,0.31
al,2024-08-31,0.18
ar,2024-08-31,0.31
az,2024-08-31,0.14
ca,2024-08-31,0.11
co,2024-08-31,0.05
ct,2024-08-31,0.06
dc,2024-08-31,0.15
de,2024-08-31,0.05
fl,2024-08-31,0.46
ga,2024-08-31,0.14
hi,2024-08-31,0.62
ia,2024-08-31,0.06
id,2024-08-31,0.09
il,2024-08-31,0.07
in,2024-08-31,0.06
ks,2024-08-31,0.06
ky,2024-08-31,0.18
la,2024-08-31,0.11
ma,2024-08-31,0.08
md,2024-08-31,0.07
me,2024-08-31,0.04
mi,2024-08-31,0.04
mn,2024-08-31,0.08
ms,2024-08-31,0.33
mt,2024-08-31,0.01
nc,2024-08-31,0.79
nd,2024-08-31,0.08
ne,2024-08-31,0.05
nh,2024-08-31,0.03
nj,2024-08-31,0.08
nm,2024-08-31,0.11
nv,2024-08-31,0.17
ny,2024-08-31,0.03
oh,2024-08-31,0.04
ok,2024-08-31,0.12
or,2024-08-31,0.05
pa,2024-08-31,0.04
ri,2024-08-31,0.04
sc,2024-08-31,0.1
sd,2024-08-31,0.05
tn,2024-08-31,0.21
tx,2024-08-31,0.28
ut,2024-08-31,0.11
va,2024-08-31,0.16
vt,2024-08-31,0.02
wa,2024-08-31,0.07
wi,2024-08-31,0.07
wv,2024-08-31,0.06
wy,2024-08-31,0
ak,2024-09-07,0.59
al,2024-09-07,0.18
ar,2024-09-07,0.22
az,2024-09-07,0.13
ca,2024-09-07,0.12
co,2024-09-07,0.04
ct,2024-09-07,0.04
dc,2024-09-07,0.08
de,2024-09-07,0.03
fl,2024-09-07,0.53
ga,2024-09-07,0.08
hi,2024-09-07,0.66
ia,2024-09-07,0.07
id,2024-09-07,0.07
il,2024-09-07,0.08
in,2024-09-07,0.06
ks,2024-09-07,0.11
ky,2024-09-07,0.15
la,2024-09-07,0.12
ma,2024-09-07,0.06
md,2024-09-07,0.08
me,2024-09-07,0.05
mi,2024-09-07,0.05
mn,2024-09-07,0.09
ms,2024-09-07,0.27
mt,2024-09-07,0.02
nc,2024-09-07,0.81
nd,2024-09-07,0.01
ne,2024-09-07,0.03
nh,2024-09-07,0.18
nj,2024-09-07,0.09
nm,2024-09-07,0.12
nv,2024-09-07,0.16
ny,2024-09-07,0.06
oh,2024-09-07,0.05
ok,2024-09-07,0.18
or,2024-09-07,0.08
pa,2024-09-07,0.05
ri,2024-09-07,0.06
sc,2024-09-07,0.12
sd,2024-09-07,0.05
tn,2024-09-07,0.19
tx,2024-09-07,0.27
ut,2024-09-07,0.08
va,2024-09-07,0.14
vt,2024-09-07,0
wa,2024-09-07,0.09
wi,2024-09-07,0.05
wv,2024-09-07,0.09
wy,2024-09-07,0
ak,2024-09-14,0.48
al,2024-09-14,0.2
ar,2024-09-14,0.28
az,2024-09-14,0.13
ca,2024-09-14,0.11
co,2024-09-14,0.03
ct,2024-09-14,0.05
dc,2024-09-14,0.07
de,2024-09-14,0.05
fl,2024-09-14,0.55
ga,2024-09-14,0.1
hi,2024-09-14,0.77
ia,2024-09-14,0.05
id,2024-09-14,0.14
il,2024-09-14,0.08
in,2024-09-14,0.05
ks,2024-09-14,0.09
ky,2024-09-14,0.14
la,2024-09-14,0.14
ma,2024-09-14,0.06
md,2024-09-14,0.1
me,2024-09-14,0.01
mi,2024-09-14,0.07
mn,2024-09-14,0.09
ms,2024-09-14,0.27
mt,2024-09-14,0.06
nc,2024-09-14,0.9
nd,2024-09-14,0.06
ne,2024-09-14,0.03
nh,2024-09-14,0.13
nj,2024-09-14,0.09
nm,2024-09-14,0.11
nv,2024-09-14,0.14
ny,2024-09-14,0.06
oh,2024-09-14,0.06
ok,2024-09-14,0.23
or,2024-09-14,0.06
pa,2024-09-14,0.05
ri,2024-09-14,0.05
sc,2024-09-14,0.19
sd,2024-09-14,0.1
tn,2024-09-14,0.19
tx,2024-09-14,0.3
ut,2024-09-14,0.1
va,2024-09-14,0.17
vt,2024-09-14,0.02
wa,2024-09-14,0.12
wi,2024-09-14,0.05
wv,2024-09-14,0.1
wy,2024-09-14,0
ak,2024-09-21,0.58
al,2024-09-21,0.16
ar,2024-09-21,0.15
az,2024-09-21,0.14
ca,2024-09-21,0.12
co,2024-09-21,0.07
ct,2024-09-21,0.06
dc,2024-09-21,0.1
de,2024-09-21,0.09
fl,2024-09-21,0.64
ga,2024-09-21,0.11
hi,2024-09-21,0.5
ia,2024-09-21,0.05
id,2024-09-21,0.08
il,2024-09-21,0.08
in,2024-09-21,0.08
ks,2024-09-21,0.1
ky,2024-09-21,0.14
la,2024-09-21,0.18
ma,2024-09-21,0.07
md,2024-09-21,0.07
me,2024-09-21,0.07
mi,2024-09-21,0.06
mn,2024-09-21,0.12
ms,2024-09-21,0.26
mt,2024-09-21,0.01
nc,2024-09-21,0.81
nd,2024-09-21,0.12
ne,2024-09-21,0.11
nh,2024-09-21,0.11
nj,2024-09-21,0.15
nm,2024-09-21,0.11
nv,2024-09-21,0.17
ny,2024-09-21,0.06
oh,2024-09-21,0.07
ok,2024-09-21,0.11
or,2024-09-21,0.06
pa,2024-09-21,0.06
ri,2024-09-21,0.04
sc,2024-09-21,0.13
sd,2024-09-21,0.15
tn,2024-09-21,0.18
tx,2024-09-21,0.28
ut,2024-09-21,0.1
va,2024-09-21,0.16
vt,2024-09-21,0.03
wa,2024-09-21,0.12
wi,2024-09-21,0.08
wv,2024-09-21,0.09
wy,2024-09-21,0
ak,2024-09-28,0.4
al,2024-09-28,0.23
ar,2024-09-28,0.22
az,2024-09-28,0.12
ca,2024-09-28,0.13
co,2024-09-28,0.07
ct,2024-09-28,0.04
dc,2024-09-28,0.04
de,2024-09-28,0.03
fl,2024-09-28,0.75
ga,2024-09-28,0.1
hi,2024-09-28,0.54
ia,2024-09-28,0.09
id,2024-09-28,0.09
il,2024-09-28,0.06
in,2024-09-28,0.09
ks,2024-09-28,0.1
ky,2024-09-28,0.12
la,2024-09-28,0.16
ma,2024-09-28,0.06
md,2024-09-28,0.08
me,2024-09-28,0.09
mi,2024-09-28,0.06
mn,2024-09-28,0.1
ms,2024-09-28,0.3
mt,2024-09-28,0.07
nc,2024-09-28,0.75
nd,2024-09-28,0.09
ne,2024-09-28,0.06
nh,2024-09-28,0.13
nj,2024-09-28,0.14
nm,2024-09-28,0.12
nv,2024-09-28,0.19
ny,2024-09-28,0.05
oh,2024-09-28,0.06
ok,2024-09-28,0.11
or,2024-09-28,0.08
pa,2024-09-28,0.06
ri,2024-09-28,0.06
sc,2024-09-28,0.12
sd,2024-09-28,0.09
tn,2024-09-28,0.21
tx,2024-09-28,0.28
ut,2024-09-28,0.12
va,2024-09-28,0.18
vt,2024-09-28,0
wa,2024-09-28,0.13
wi,2024-09-28,0.07
wv,2024-09-28,0.11
wy,2024-09-28,0
ak,2024-10-05,0.32
al,2024-10-05,0.25
ar,2024-10-05,0.2
az,2024-10-05,0.2
ca,2024-10-05,0.14
co,2024-10-05,0.07
ct,2024-10-05,0.09
dc,2024-10-05,0.07
de,2024-10-05,0.05
fl,2024-10-05,0.7
ga,2024-10-05,0.08
hi,2024-10-05,0.5
ia,2024-10-05,0.06
id,2024-10-05,0.07
il,2024-10-05,0.08
in,2024-10-05,0.1
ks,2024-10-05,0.06
ky,2024-10-05,0.11
la,2024-10-05,0.18
ma,2024-10-05,0.06
md,2024-10-05,0.12
me,2024-10-05,0.08
mi,2024-10-05,0.06
mn,2024-10-05,0.13
ms,2024-10-05,0.35
mt,2024-10-05,0.05
nc,2024-10-05,0.66
nd,2024-10-05,0.02
ne,2024-10-05,0.04
nh,2024-10-05,0.17
nj,2024-10-05,0.16
nm,2024-10-05,0.11
nv,2024-10-05,0.21
ny,2024-10-05,0.05
oh,2024-10-05,0.05
ok,2024-10-05,0.12
or,2024-10-05,0.05
pa,2024-10-05,0.05
ri,2024-10-05,0.12
sc,2024-10-05,0.13
sd,2024-10-05,0.09
tn,2024-10-05,0.23
tx,2024-10-05,0.3
ut,2024-10-05,0.17
va,2024-10-05,0.18
vt,2024-10-05,0.03
wa,2024-10-05,0.18
wi,2024-10-05,0.07
wv,2024-10-05,0.11
wy,2024-10-05,0
ak,2024-10-12,0.41
al,2024-10-12,0.28
ar,2024-10-12,0.22
az,2024-10-12,0.23
ca,2024-10-12,0.14
co,2024-10-12,0.13
ct,2024-10-12,0.08
dc,2024-10-12,0.06
de,2024-10-12,0.06
fl,2024-10-12,0.84
ga,2024-10-12,0.1
hi,2024-10-12,0.3
ia,2024-10-12,0.06
id,2024-10-12,0.13
il,2024-10-12,0.09
in,2024-10-12,0.14
ks,2024-10-12,0.07
ky,2024-10-12,0.16
la,2024-10-12,0.17
ma,2024-10-12,0.09
md,2024-10-12,0.07
me,2024-10-12,0.06
mi,2024-10-12,0.06
mn,2024-10-12,0.14
ms,2024-10-12,0.4
mt,2024-10-12,0.11
nc,2024-10-12,0.69
nd,2024-10-12,0.06
ne,2024-10-12,0.02
nh,2024-10-12,0.23
nj,2024-10-12,0.15
nm,2024-10-12,0.14
nv,2024-10-12,0.22
ny,2024-10-12,0.06
oh,2024-10-12,0.06
ok,2024-10-12,0.12
or,2024-10-12,0.09
pa,2024-10-12,0.07
ri,2024-10-12,0.07
sc,2024-10-12,0.15
sd,2024-10-12,0.11
tn,2024-10-12,0.24
tx,2024-10-12,0.34
ut,2024-10-12,0.15
va,2024-10-12,0.22
vt,2024-10-12,0.03
wa,2024-10-12,0.18
wi,2024-10-12,0.07
wv,2024-10-12,0.12
wy,2024-10-12,0
ak,2024-10-19,0.4
al,2024-10-19,0.26
ar,2024-10-19,0.2
az,2024-10-19,0.36
ca,2024-10-19,0.16
co,2024-10-19,0.2
ct,2024-10-19,0.1
dc,2024-10-19,0.13
de,2024-10-19,0.06
fl,2024-10-19,0.68
ga,2024-10-19,0.13
hi,2024-10-19,0.48
ia,2024-10-19,0.04
id,2024-10-19,0.17
il,2024-10-19,0.1
in,2024-10-19,0.1
ks,2024-10-19,0.08
ky,2024-10-19,0.18
la,2024-10-19,0.23
ma,2024-10-19,0.12
md,2024-10-19,0.1
me,2024-10-19,0.03
mi,2024-10-19,0.09
mn,2024-10-19,0.11
ms,2024-10-19,0.41
mt,2024-10-19,0.04
nc,2024-10-19,0.77
nd,2024-10-19,0.13
ne,2024-10-19,0.04
nh,2024-10-19,0.12
nj,2024-10-19,0.12
nm,2024-10-19,0.19
nv,2024-10-19,0.25
ny,2024-10-19,0.05
oh,2024-10-19,0.09
ok,2024-10-19,0.19
or,2024-10-19,0.14
pa,2024-10-19,0.08
ri,2024-10-19,0.21
sc,2024-10-19,0.14
sd,2024-10-19,0.07
tn,2024-10-19,0.32
tx,2024-10-19,0.38
ut,2024-10-19,0.14
va,2024-10-19,0.21
vt,2024-10-19,0.08
wa,2024-10-19,0.16
wi,2024-10-19,0.08
wv,2024-10-19,0.15
wy,2024-10-19,0
ak,2024-10-26,0.77
al,2024-10-26,0.37
ar,2024-10-26,0.22
az,2024-10-26,0.58
ca,2024-10-26,0.2
co,2024-10-26,0.24
ct,2024-10-26,0.12
dc,2024-10-26,0.14
de,2024-10-26,0.04
fl,2024-10-26,0.79
ga,2024-10-26,0.16
hi,2024-10-26,0.62
ia,2024-10-26,0.04
id,2024-10-26,0.09
il,2024-10-26,0.15
in,2024-10-26,0.11
ks,2024-10-26,0.08
ky,2024-10-26,0.19
la,2024-10-26,0.45
ma,2024-10-26,0.13
md,2024-10-26,0.14
me,2024-10-26,0.06
mi,2024-10-26,0.1
mn,2024-10-26,0.1
ms,2024-10-26,0.41
mt,2024-10-26,0.08
nc,2024-10-26,0.87
nd,2024-10-26,0.08
ne,2024-10-26,0.07
nh,2024-10-26,0.18
nj,2024-10-26,0.16
nm,2024-10-26,0.19
nv,2024-10-26,0.3
ny,2024-10-26,0.09
oh,2024-10-26,0.11
ok,2024-10-26,0.21
or,2024-10-26,0.11
pa,2024-10-26,0.13
ri,2024-10-26,0.05
sc,2024-10-26,0.18
sd,2024-10-26,0.09
tn,2024-10-26,0.33
tx,2024-10-26,0.45
ut,2024-10-26,0.14
va,2024-10-26,0.26
vt,2024-10-26,0.02
wa,2024-10-26,0.21
wi,2024-10-26,0.09
wv,2024-10-26,0.21
wy,2024-10-26,0
ak,2024-11-02,0.86
al,2024-11-02,0.58
ar,2024-11-02,0.26
az,2024-11-02,0.66
ca,2024-11-02,0.24
co,2024-11-02,0.29
ct,2024-11-02,0.12
dc,2024-11-02,0.22
de,2024-11-02,0.03
fl,2024-11-02,1.01
ga,2024-11-02,0.18
hi,2024-11-02,1.1
ia,2024-11-02,0.07
id,2024-11-02,0.24
il,2024-11-02,0.18
in,2024-11-02,0.15
ks,2024-11-02,0.16
ky,2024-11-02,0.24
la,2024-11-02,0.7
ma,2024-11-02,0.15
md,2024-11-02,0.14
me,2024-11-02,0.04
mi,2024-11-02,0.15
mn,2024-11-02,0.17
ms,2024-11-02,0.54
mt,2024-11-02,0.04
nc,2024-11-02,0.88
nd,2024-11-02,0.06
ne,2024-11-02,0.1
nh,2024-11-02,0.18
nj,2024-11-02,0.19
nm,2024-11-02,0.21
nv,2024-11-02,0.38
ny,2024-11-02,0.09
oh,2024-11-02,0.13
ok,2024-11-02,0.17
or,2024-11-02,0.16
pa,2024-11-02,0.15
ri,2024-11-02,0.12
sc,2024-11-02,0.21
sd,2024-11-02,0.07
tn,2024-11-02,0.38
tx,2024-11-02,0.51
ut,2024-11-02,0.17
va,2024-11-02,0.23
vt,2024-11-02,0.07
wa,2024-11-02,0.23
wi,2024-11-02,0.13
wv,2024-11-02,0.13
wy,2024-11-02,0
ak,2024-11-09,0.71
al,2024-11-09,0.73
ar,2024-11-09,0.18
az,2024-11-09,1.12
ca,2024-11-09,0.3
co,2024-11-09,0.33
ct,2024-11-09,0.12
dc,2024-11-09,0.15
de,2024-11-09,0.13
fl,2024-11-09,1.29
ga,2024-11-09,0.22
hi,2024-11-09,0.7
ia,2024-11-09,0.07
id,2024-11-09,0.3
il,2024-11-09,0.23
in,2024-11-09,0.17
ks,2024-11-09,0.13
ky,2024-11-09,0.25
la,2024-11-09,1.05
ma,2024-11-09,0.15
md,2024-11-09,0.17
me,2024-11-09,0.07
mi,2024-11-09,0.16
mn,2024-11-09,0.3
ms,2024-11-09,0.71
mt,2024-11-09,0.09
nc,2024-11-09,0.9
nd,2024-11-09,0.11
ne,2024-11-09,0.1
nh,2024-11-09,0.28
nj,2024-11-09,0.2
nm,2024-11-09,0.38
nv,2024-11-09,0.63
ny,2024-11-09,0.11
oh,2024-11-09,0.15
ok,2024-11-09,0.15
or,2024-11-09,0.28
pa,2024-11-09,0.19
ri,2024-11-09,0.15
sc,2024-11-09,0.24
sd,2024-11-09,0.04
tn,2024-11-09,0.35
tx,2024-11-09,0.61
ut,2024-11-09,0.21
va,2024-11-09,0.23
vt,2024-11-09,0
wa,2024-11-09,0.28
wi,2024-11-09,0.09
wv,2024-11-09,0.18
wy,2024-11-09,0
ak,2024-11-16,0.81
al,2024-11-16,0.89
ar,2024-11-16,0.27
az,2024-11-16,1.66
ca,2024-11-16,0.5
co,2024-11-16,0.4
ct,2024-11-16,0.12
dc,2024-11-16,0.2
de,2024-11-16,0.17
fl,2024-11-16,1.46
ga,2024-11-16,0.26
hi,2024-11-16,0.91
ia,2024-11-16,0.12
id,2024-11-16,0.36
il,2024-11-16,0.22
in,2024-11-16,0.27
ks,2024-11-16,0.21
ky,2024-11-16,0.27
la,2024-11-16,1.18
ma,2024-11-16,0.17
md,2024-11-16,0.18
me,2024-11-16,0.03
mi,2024-11-16,0.17
mn,2024-11-16,0.33
ms,2024-11-16,0.75
mt,2024-11-16,0.06
nc,2024-11-16,0.95
nd,2024-11-16,0.1
ne,2024-11-16,0.1
nh,2024-11-16,0.3
nj,2024-11-16,0.24
nm,2024-11-16,0.56
nv,2024-11-16,0.87
ny,2024-11-16,0.13
oh,2024-11-16,0.17
ok,2024-11-16,0.19
or,2024-11-16,0.49
pa,2024-11-16,0.18
ri,2024-11-16,0.14
sc,2024-11-16,0.25
sd,2024-11-16,0.11
tn,2024-11-16,0.44
tx,2024-11-16,0.74
ut,2024-11-16,0.32
va,2024-11-16,0.21
vt,2024-11-16,0.12
wa,2024-11-16,0.35
wi,2024-11-16,0.15
wv,2024-11-16,0.14
wy,2024-11-16,0
ak,2024-11-23,1.34
al,2024-11-23,0.91
ar,2024-11-23,0.29
az,2024-11-23,2.2
ca,2024-11-23,0.82
co,2024-11-23,0.42
ct,2024-11-23,0.16
dc,2024-11-23,0.2
de,2024-11-23,0.24
fl,2024-11-23,1.54
ga,2024-11-23,0.34
hi,2024-11-23,1.03
ia,2024-11-23,0.18
id,2024-11-23,1.06
il,2024-11-23,0.31
in,2024-11-23,0.29
ks,2024-11-23,0.32
ky,2024-11-23,0.32
la,2024-11-23,1.5
ma,2024-11-23,0.33
md,2024-11-23,0.23
me,2024-11-23,0.06
mi,2024-11-23,0.21
mn,2024-11-23,0.32
ms,2024-11-23,0.69
mt,2024-11-23,0.17
nc,2024-11-23,1.06
nd,2024-11-23,0.16
ne,2024-11-23,0.1
nh,2024-11-23,0.58
nj,2024-11-23,0.31
nm,2024-11-23,0.64
nv,2024-11-23,1.14
ny,2024-11-23,0.21
oh,2024-11-23,0.17
ok,2024-11-23,0.25
or,2024-11-23,0.71
pa,2024-11-23,0.26
ri,2024-11-23,0.14
sc,2024-11-23,0.25
sd,2024-11-23,0.2
tn,2024-11-23,0.52
tx,2024-11-23,0.92
ut,2024-11-23,0.52
va,2024-11-23,0.29
vt,2024-11-23,0.03
wa,2024-11-23,0.52
wi,2024-11-23,0.19
wv,2024-11-23,0.07
wy,2024-11-23,0
ak,2024-11-30,1.89
al,2024-11-30,1.41
ar,2024-11-30,0.41
az,2024-11-30,3.47
ca,2024-11-30,1.38
co,2024-11-30,0.69
ct,2024-11-30,0.21
dc,2024-11-30,0.2
de,2024-11-30,0.36
fl,2024-11-30,2.05
ga,2024-11-30,0.4
hi,2024-11-30,1.33
ia,2024-11-30,0.28
id,2024-11-30,1.38
il,2024-11-30,0.42
in,2024-11-30,0.4
ks,2024-11-30,0.6
ky,2024-11-30,0.39
la,2024-11-30,2.39
ma,2024-11-30,0.39
md,2024-11-30,0.3
me,2024-11-30,0.08
mi,2024-11-30,0.28
mn,2024-11-30,0.56
ms,2024-11-30,0.87
mt,2024-11-30,0.3
nc,2024-11-30,1.23
nd,2024-11-30,0.19
ne,2024-11-30,0.16
nh,2024-11-30,0.57
nj,2024-11-30,0.44
nm,2024-11-30,1.17
nv,2024-11-30,1.42
ny,2024-11-30,0.34
oh,2024-11-30,0.23
ok,2024-11-30,0.3
or,2024-11-30,1.03
pa,2024-11-30,0.36
ri,2024-11-30,0.19
sc,2024-11-30,0.38
sd,2024-11-30,0.47
tn,2024-11-30,0.78
tx,2024-11-30,1.32
ut,2024-11-30,1
va,2024-11-30,0.44
vt,2024-11-30,0.07
wa,2024-11-30,0.83
wi,2024-11-30,0.2
wv,2024-11-30,0.22
wy,2024-11-30,0
ak,2024-12-07,2.13
al,2024-12-07,1.64
ar,2024-12-07,0.54
az,2024-12-07,3.44
ca,2024-12-07,1.67
co,2024-12-07,0.87
ct,2024-12-07,0.3
dc,2024-12-07,0.37
de,2024-12-07,0.69
fl,2024-12-07,1.91
ga,2024-12-07,0.54
hi,2024-12-07,2.05
ia,2024-12-07,0.41
id,2024-12-07,1.93
il,2024-12-07,0.65
in,2024-12-07,0.67
ks,2024-12-07,0.73
ky,2024-12-07,0.68
la,2024-12-07,2.4
ma,2024-12-07,0.6
md,2024-12-07,0.44
me,2024-12-07,0.13
mi,2024-12-07,0.43
mn,2024-12-07,0.77
ms,2024-12-07,1.08
mt,2024-12-07,0.33
nc,2024-12-07,1.44
nd,2024-12-07,0.15
ne,2024-12-07,0.47
nh,2024-12-07,0.57
nj,2024-12-07,0.78
nm,2024-12-07,1.23
nv,2024-12-07,1.81
ny,2024-12-07,0.52
oh,2024-12-07,0.34
ok,2024-12-07,0.64
or,2024-12-07,1.86
pa,2024-12-07,0.57
ri,2024-12-07,0.37
sc,2024-12-07,0.58
sd,2024-12-07,0.37
tn,2024-12-07,1.09
tx,2024-12-07,1.4
ut,2024-12-07,1.61
va,2024-12-07,0.71
vt,2024-12-07,0.13
wa,2024-12-07,1.07
wi,2024-12-07,0.42
wv,2024-12-07,0.26
wy,2024-12-07,0
ak,2024-12-14,2.26
al,2024-12-14,4.16
ar,2024-12-14,1.3
az,2024-12-14,4.36
ca,2024-12-14,2.51
co,2024-12-14,1.28
ct,2024-12-14,0.63
dc,2024-12-14,0.77
de,2024-12-14,1.47
fl,2024-12-14,2.82
ga,2024-12-14,1.45
hi,2024-12-14,2.5
ia,2024-12-14,0.62
id,2024-12-14,2.7
il,2024-12-14,1.45
in,2024-12-14,1.39
ks,2024-12-14,1.57
ky,2024-12-14,1.31
la,2024-12-14,4.36
ma,2024-12-14,0.89
md,2024-12-14,0.73
me,2024-12-14,0.15
mi,2024-12-14,0.76
mn,2024-12-14,1.34
ms,2024-12-14,2.25
mt,2024-12-14,0.75
nc,2024-12-14,2.16
nd,2024-12-14,0.44
ne,2024-12-14,0.92
nh,2024-12-14,1.07
nj,2024-12-14,1.4
nm,2024-12-14,1.86
nv,2024-12-14,2.45
ny,2024-12-14,1.05
oh,2024-12-14,0.64
ok,2024-12-14,0.99
or,2024-12-14,3.92
pa,2024-12-14,0.87
ri,2024-12-14,0.83
sc,2024-12-14,1.28
sd,2024-12-14,0.98
tn,2024-12-14,2.62
tx,2024-12-14,2.41
ut,2024-12-14,2.64
va,2024-12-14,1.35
vt,2024-12-14,0.28
wa,2024-12-14,1.83
wi,2024-12-14,0.62
wv,2024-12-14,0.51
wy,2024-12-14,0
ak,2024-12-21,2.85
al,2024-12-21,7.63
ar,2024-12-21,1.78
az,2024-12-21,6.91
ca,2024-12-21,4.42
co,2024-12-21,2.46
ct,2024-12-21,1.17
dc,2024-12-21,1.16
de,2024-12-21,1.9
fl,2024-12-21,4.59
ga,2024-12-21,3.07
hi,2024-12-21,4.14
ia,2024-12-21,1.38
id,2024-12-21,4.87
il,2024-12-21,3.03
in,2024-12-21,2.69
ks,2024-12-21,3.28
ky,2024-12-21,2.97
la,2024-12-21,7.21
ma,2024-12-21,1.44
md,2024-12-21,1.55
me,2024-12-21,0.51
mi,2024-12-21,1.34
mn,2024-12-21,3.04
ms,2024-12-21,4.47
mt,2024-12-21,1.47
nc,2024-12-21,3.25
nd,2024-12-21,1.06
ne,2024-12-21,1.92
nh,2024-12-21,2.87
nj,2024-12-21,2.58
nm,2024-12-21,4.3
nv,2024-12-21,3.89
ny,2024-12-21,1.84
oh,2024-12-21,1.41
ok,2024-12-21,1.85
or,2024-12-21,6.75
pa,2024-12-21,1.81
ri,2024-12-21,1.05
sc,2024-12-21,2.39
sd,2024-12-21,1.89
tn,2024-12-21,5.2
tx,2024-12-21,4.19
ut,2024-12-21,4.9
va,2024-12-21,2.25
vt,2024-12-21,0.64
wa,2024-12-21,3.43
wi,2024-12-21,1.37
wv,2024-12-21,1.11
wy,2024-12-21,0
ak,2024-12-28,4.18
al,2024-12-28,10.45
ar,2024-12-28,3.3
az,2024-12-28,9.5
ca,2024-12-28,6.63
co,2024-12-28,4.56
ct,2024-12-28,2.74
dc,2024-12-28,2.64
de,2024-12-28,4.62
fl,2024-12-28,6.35
ga,2024-12-28,5.63
hi,2024-12-28,6.36
ia,2024-12-28,3.24
id,2024-12-28,7.18
il,2024-12-28,6.33
in,2024-12-28,5.69
ks,2024-12-28,5.99
ky,2024-12-28,6.79
la,2024-12-28,9.35
ma,2024-12-28,3.02
md,2024-12-28,3.33
me,2024-12-28,1.5
mi,2024-12-28,3.28
mn,2024-12-28,6.48
ms,2024-12-28,7.18
mt,2024-12-28,3.47
nc,2024-12-28,5.41
nd,2024-12-28,2.67
ne,2024-12-28,3.87
nh,2024-12-28,4.33
nj,2024-12-28,5.1
nm,2024-12-28,7.52
nv,2024-12-28,5.48
ny,2024-12-28,3.92
oh,2024-12-28,3.26
ok,2024-12-28,4.27
or,2024-12-28,8.57
pa,2024-12-28,3.93
ri,2024-12-28,1.91
sc,2024-12-28,4.32
sd,2024-12-28,3.44
tn,2024-12-28,8.03
tx,2024-12-28,6.62
ut,2024-12-28,8.59
va,2024-12-28,4.23
vt,2024-12-28,1.8
wa,2024-12-28,5.2
wi,2024-12-28,2.77
wv,2024-12-28,2.85
wy,2024-12-28,0
ak,2025-01-04,4.21
al,2025-01-04,7.75
ar,2025-01-04,2.75
az,2025-01-04,8.39
ca,2025-01-04,5.69
co,2025-01-04,4.78
ct,2025-01-04,3.63
dc,2025-01-04,3.59
de,2025-01-04,4.58
fl,2025-01-04,5.48
ga,2025-01-04,4.8
hi,2025-01-04,7.83
ia,2025-01-04,3.49
id,2025-01-04,5.31
il,2025-01-04,5.81
in,2025-01-04,4.82
ks,2025-01-04,5.12
ky,2025-01-04,5.81
la,2025-01-04,6.5
ma,2025-01-04,3.74
md,2025-01-04,3.68
me,2025-01-04,2.09
mi,2025-01-04,3.3
mn,2025-01-04,7.34
ms,2025-01-04,5.2
mt,2025-01-04,3.13
nc,2025-01-04,5.96
nd,2025-01-04,2.72
ne,2025-01-04,3.06
nh,2025-01-04,4.43
nj,2025-01-04,5.8
nm,2025-01-04,7.5
nv,2025-01-04,4.51
ny,2025-01-04,4.65
oh,2025-01-04,3.32
ok,2025-01-04,3.87
or,2025-01-04,6.1
pa,2025-01-04,4.11
ri,2025-01-04,2.73
sc,2025-01-04,4.45
sd,2025-01-04,3.72
tn,2025-01-04,6.01
tx,2025-01-04,5.53
ut,2025-01-04,7.51
va,2025-01-04,4.45
vt,2025-01-04,2.72
wa,2025-01-04,4.72
wi,2025-01-04,3.1
wv,2025-01-04,3.42
wy,2025-01-04,0
ak,2025-01-11,3.29
al,2025-01-11,5.78
ar,2025-01-11,2.66
az,2025-01-11,6.15
ca,2025-01-11,4.74
co,2025-01-11,4.15
ct,2025-01-11,3.74
dc,2025-01-11,3.36
de,2025-01-11,4.5
fl,2025-01-11,4.83
ga,2025-01-11,4.05
hi,2025-01-11,7.2
ia,2025-01-11,3.62
id,2025-01-11,3.44
il,2025-01-11,5.12
in,2025-01-11,3.8
ks,2025-01-11,3.4
ky,2025-01-11,4.77
la,2025-01-11,4.11
ma,2025-01-11,3.71
md,2025-01-11,3.76
me,2025-01-11,2.25
mi,2025-01-11,3.18
mn,2025-01-11,8.26
ms,2025-01-11,4.44
mt,2025-01-11,2.59
nc,2025-01-11,5.72
nd,2025-01-11,3.01
ne,2025-01-11,3.09
nh,2025-01-11,4.27
nj,2025-01-11,6.11
nm,2025-01-11,5.78
nv,2025-01-11,3.96
ny,2025-01-11,4.34
oh,2025-01-11,2.85
ok,2025-01-11,3.99
or,2025-01-11,4.09
pa,2025-01-11,3.4
ri,2025-01-11,2.88
sc,2025-01-11,4.65
sd,2025-01-11,3.61
tn,2025-01-11,4.58
tx,2025-01-11,4.96
ut,2025-01-11,5.03
va,2025-01-11,3.73
vt,2025-01-11,2.73
wa,2025-01-11,3.97
wi,2025-01-11,3.95
wv,2025-01-11,3.12
wy,2025-01-11,0
ak,2025-01-18,3.11
al,2025-01-18,6.66
ar,2025-01-18,4.11
az,2025-01-18,4.96
ca,2025-01-18,5.19
co,2025-01-18,4.01
ct,2025-01-18,5.88
dc,2025-01-18,4.09
de,2025-01-18,5.1
fl,2025-01-18,6.3
ga,2025-01-18,5.46
hi,2025-01-18,7.13
ia,2025-01-18,5.34
id,2025-01-18,3.43
il,2025-01-18,6.21
in,2025-01-18,4.47
ks,2025-01-18,3.48
ky,2025-01-18,3.84
la,2025-01-18,5.35
ma,2025-01-18,5.62
md,2025-01-18,4.55
me,2025-01-18,2.83
mi,2025-01-18,4.85
mn,2025-01-18,9.7
ms,2025-01-18,6.3
mt,2025-01-18,3.47
nc,2025-01-18,7.92
nd,2025-01-18,4.53
ne,2025-01-18,3.92
nh,2025-01-18,5.42
nj,2025-01-18,8.22
nm,2025-01-18,5.25
nv,2025-01-18,3.49
ny,2025-01-18,5.48
oh,2025-01-18,3.88
ok,2025-01-18,6.08
or,2025-01-18,3.54
pa,2025-01-18,4.49
ri,2025-01-18,3.84
sc,2025-01-18,8.34
sd,2025-01-18,5.91
tn,2025-01-18,4.47
tx,2025-01-18,6.66
ut,2025-01-18,4.49
va,2025-01-18,4.25
vt,2025-01-18,4.21
wa,2025-01-18,4.14
wi,2025-01-18,6.35
wv,2025-01-18,2.38
wy,2025-01-18,0
ak,2025-01-25,3.04
al,2025-01-25,9.2
ar,2025-01-25,7.57
az,2025-01-25,4.62
ca,2025-01-25,6.09
co,2025-01-25,4.32
ct,2025-01-25,7.52
dc,2025-01-25,6.58
de,2025-01-25,7.9
fl,2025-01-25,7.6
ga,2025-01-25,7.3
hi,2025-01-25,6.14
ia,2025-01-25,7.67
id,2025-01-25,3.24
il,2025-01-25,7.98
in,2025-01-25,7.42
ks,2025-01-25,5.46
ky,2025-01-25,6.6
la,2025-01-25,6.78
ma,2025-01-25,7.79
md,2025-01-25,7.05
me,2025-01-25,4.38
mi,2025-01-25,7.32
mn,2025-01-25,10.06
ms,2025-01-25,8.9
mt,2025-01-25,4.02
nc,2025-01-25,11.37
nd,2025-01-25,6.01
ne,2025-01-25,4.55
nh,2025-01-25,7.23
nj,2025-01-25,9.33
nm,2025-01-25,5.65
nv,2025-01-25,3.26
ny,2025-01-25,6.31
oh,2025-01-25,6.33
ok,2025-01-25,10.5
or,2025-01-25,3.98
pa,2025-01-25,5.76
ri,2025-01-25,5.16
sc,2025-01-25,13.07
sd,2025-01-25,7.69
tn,2025-01-25,6.14
tx,2025-01-25,10.29
ut,2025-01-25,4.99
va,2025-01-25,7.2
vt,2025-01-25,7.46
wa,2025-01-25,5.47
wi,2025-01-25,8.9
wv,2025-01-25,4.04
wy,2025-01-25,0
ak,2025-02-01,3.28
al,2025-02-01,8.62
ar,2025-02-01,10.16
az,2025-02-01,4.19
ca,2025-02-01,6.85
co,2025-02-01,4.67
ct,2025-02-01,8.76
dc,2025-02-01,8.23
de,2025-02-01,10.16
fl,2025-02-01,8.11
ga,2025-02-01,6.8
hi,2025-02-01,5.17
ia,2025-02-01,8.76
id,2025-02-01,4.45
il,2025-02-01,9.06
in,2025-02-01,10.28
ks,2025-02-01,8.08
ky,2025-02-01,10.98
la,2025-02-01,5.56
ma,2025-02-01,9.21
md,2025-02-01,9.33
me,2025-02-01,5.27
mi,2025-02-01,7.59
mn,2025-02-01,8.57
ms,2025-02-01,9.89
mt,2025-02-01,5.45
nc,2025-02-01,12.8
nd,2025-02-01,5.81
ne,2025-02-01,5.56
nh,2025-02-01,9.13
nj,2025-02-01,9.7
nm,2025-02-01,6.3
nv,2025-02-01,3.06
ny,2025-02-01,6.19
oh,2025-02-01,8.63
ok,2025-02-01,14.05
or,2025-02-01,5.56
pa,2025-02-01,7.05
ri,2025-02-01,6.08
sc,2025-02-01,12.74
sd,2025-02-01,8.72
tn,2025-02-01,8.44
tx,2025-02-01,11.95
ut,2025-02-01,4.68
va,2025-02-01,9.56
vt,2025-02-01,8.78
wa,2025-02-01,7.24
wi,2025-02-01,9.6
wv,2025-02-01,6.36
wy,2025-02-01,0
ak,2025-02-08,4.09
al,2025-02-08,7.68
ar,2025-02-08,9.22
az,2025-02-08,3.8
ca,2025-02-08,6
co,2025-02-08,5.01
ct,2025-02-08,9.05
dc,2025-02-08,8.39
de,2025-02-08,11.13
fl,2025-02-08,6.49
ga,2025-02-08,6.13
hi,2025-02-08,5.44
ia,2025-02-08,9.92
id,2025-02-08,3.9
il,2025-02-08,9.32
in,2025-02-08,12.32
ks,2025-02-08,9.52
ky,2025-02-08,14
la,2025-02-08,4.78
ma,2025-02-08,10.22
md,2025-02-08,11.12
me,2025-02-08,7.24
mi,2025-02-08,8.73
mn,2025-02-08,7.02
ms,2025-02-08,8.05
mt,2025-02-08,7.55
nc,2025-02-08,12.62
nd,2025-02-08,5.11
ne,2025-02-08,5.94
nh,2025-02-08,10.03
nj,2025-02-08,9
nm,2025-02-08,6.11
nv,2025-02-08,2.76
ny,2025-02-08,5.6
oh,2025-02-08,11.25
ok,2025-02-08,11.8
or,2025-02-08,6
pa,2025-02-08,8.13
ri,2025-02-08,6.29
sc,2025-02-08,10.8
sd,2025-02-08,9.46
tn,2025-02-08,7.78
tx,2025-02-08,9.29
ut,2025-02-08,4.55
va,2025-02-08,11.07
vt,2025-02-08,11.27
wa,2025-02-08,8.06
wi,2025-02-08,9.79
wv,2025-02-08,10.65
wy,2025-02-08,0
ak,2025-02-15,4.36
al,2025-02-15,4.85
ar,2025-02-15,6.54
az,2025-02-15,3.11
ca,2025-02-15,4.51
co,2025-02-15,4.32
ct,2025-02-15,7.53
dc,2025-02-15,7.93
de,2025-02-15,10.58
fl,2025-02-15,5.07
ga,2025-02-15,3.61
hi,2025-02-15,5.74
ia,2025-02-15,8.85
id,2025-02-15,3.82
il,2025-02-15,8.33
in,2025-02-15,11.36
ks,2025-02-15,8.95
ky,2025-02-15,9.86
la,2025-02-15,3.79
ma,2025-02-15,8.87
md,2025-02-15,9.28
me,2025-02-15,8.54
mi,2025-02-15,9.73
mn,2025-02-15,4.81
ms,2025-02-15,4.93
mt,2025-02-15,7.53
nc,2025-02-15,9.48
nd,2025-02-15,3.95
ne,2025-02-15,5.45
nh,2025-02-15,9.83
nj,2025-02-15,7.1
nm,2025-02-15,5.58
nv,2025-02-15,2.45
ny,2025-02-15,5.14
oh,2025-02-15,11.02
ok,2025-02-15,7.79
or,2025-02-15,5.55
pa,2025-02-15,7.48
ri,2025-02-15,5.35
sc,2025-02-15,6.16
sd,2025-02-15,8.17
tn,2025-02-15,4.78
tx,2025-02-15,5.54
ut,2025-02-15,3.73
va,2025-02-15,9.91
vt,2025-02-15,9.83
wa,2025-02-15,7.8
wi,2025-02-15,8.74
wv,2025-02-15,12.27
wy,2025-02-15,0
ak,2025-02-22,5.62
al,2025-02-22,3.71
ar,2025-02-22,5.44
az,2025-02-22,2.77
ca,2025-02-22,3.44
co,2025-02-22,3.61
ct,2025-02-22,6
dc,2025-02-22,4.74
de,2025-02-22,6.73
fl,2025-02-22,3.81
ga,2025-02-22,2.85
hi,2025-02-22,5.67
ia,2025-02-22,6.75
id,2025-02-22,3.92
il,2025-02-22,6.37
in,2025-02-22,9.31
ks,2025-02-22,6.76
ky,2025-02-22,7.35
la,2025-02-22,3.27
ma,2025-02-22,6.57
md,2025-02-22,6.31
me,2025-02-22,8.08
mi,2025-02-22,8.04
mn,2025-02-22,4.08
ms,2025-02-22,3.92
mt,2025-02-22,7.31
nc,2025-02-22,6.98
nd,2025-02-22,2.75
ne,2025-02-22,3.99
nh,2025-02-22,9.01
nj,2025-02-22,5.3
nm,2025-02-22,4.53
nv,2025-02-22,2.22
ny,2025-02-22,4.17
oh,2025-02-22,8.88
ok,2025-02-22,4.43
or,2025-02-22,5.19
pa,2025-02-22,5.78
ri,2025-02-22,4.5
sc,2025-02-22,4.17
sd,2025-02-22,5.88
tn,2025-02-22,3.78
tx,2025-02-22,4.28
ut,2025-02-22,3.44
va,2025-02-22,6.82
vt,2025-02-22,8.29
wa,2025-02-22,7.4
wi,2025-02-22,6.68
wv,2025-02-22,10.45
wy,2025-02-22,0
ak,2025-03-01,5.8
al,2025-03-01,3.89
ar,2025-03-01,3.75
az,2025-03-01,2.61
ca,2025-03-01,2.47
co,2025-03-01,2.99
ct,2025-03-01,4.52
dc,2025-03-01,3.6
de,2025-03-01,5
fl,2025-03-01,3.09
ga,2025-03-01,2.22
hi,2025-03-01,4.72
ia,2025-03-01,4.87
id,2025-03-01,3
il,2025-03-01,4.55
in,2025-03-01,6.8
ks,2025-03-01,4.15
ky,2025-03-01,5.44
la,2025-03-01,3.51
ma,2025-03-01,4.77
md,2025-03-01,4.9
me,2025-03-01,6.74
mi,2025-03-01,5.98
mn,2025-03-01,2.75
ms,2025-03-01,3.57
mt,2025-03-01,6.1
nc,2025-03-01,5.31
nd,2025-03-01,1.65
ne,2025-03-01,2.88
nh,2025-03-01,6.6
nj,2025-03-01,4.1
nm,2025-03-01,3.95
nv,2025-03-01,1.83
ny,2025-03-01,2.99
oh,2025-03-01,6.5
ok,2025-03-01,2.42
or,2025-03-01,3.52
pa,2025-03-01,4.36
ri,2025-03-01,2.88
sc,2025-03-01,3.66
sd,2025-03-01,3.17
tn,2025-03-01,3.17
tx,2025-03-01,3.67
ut,2025-03-01,2.67
va,2025-03-01,4.98
vt,2025-03-01,5.1
wa,2025-03-01,4.79
wi,2025-03-01,5.06
wv,2025-03-01,7.98
wy,2025-03-01,0
ak,2025-03-08,5.37
al,2025-03-08,3.36
ar,2025-03-08,3.38
az,2025-03-08,2.32
ca,2025-03-08,1.83
co,2025-03-08,2.38
ct,2025-03-08,3.8
dc,2025-03-08,3.47
de,2025-03-08,3.41
fl,2025-03-08,2.5
ga,2025-03-08,2.32
hi,2025-03-08,4.61
ia,2025-03-08,3.8
id,2025-03-08,2.53
il,2025-03-08,3.6
in,2025-03-08,4.83
ks,2025-03-08,3.18
ky,2025-03-08,4.68
la,2025-03-08,3.46
ma,2025-03-08,3.48
md,2025-03-08,3.82
me,2025-03-08,6.01
mi,2025-03-08,4.85
mn,2025-03-08,2.33
ms,2025-03-08,3.23
mt,2025-03-08,4.48
nc,2025-03-08,4.64
nd,2025-03-08,1.54
ne,2025-03-08,1.82
nh,2025-03-08,5.36
nj,2025-03-08,3.31
nm,2025-03-08,3.53
nv,2025-03-08,1.7
ny,2025-03-08,2.59
oh,2025-03-08,4.65
ok,2025-03-08,1.49
or,2025-03-08,2.55
pa,2025-03-08,3.18
ri,2025-03-08,2.3
sc,2025-03-08,2.93
sd,2025-03-08,1.71
tn,2025-03-08,3.01
tx,2025-03-08,2.65
ut,2025-03-08,2.4
va,2025-03-08,4.29
vt,2025-03-08,3.87
wa,2025-03-08,3.52
wi,2025-03-08,3.49
wv,2025-03-08,7.15
wy,2025-03-08,0
ak,2025-03-15,4.59
al,2025-03-15,2.95
ar,2025-03-15,2.82
az,2025-03-15,1.99
ca,2025-03-15,1.62
co,2025-03-15,1.8
ct,2025-03-15,3.39
dc,2025-03-15,2.42
de,2025-03-15,2.87
fl,2025-03-15,2.05
ga,2025-03-15,1.85
hi,2025-03-15,3.6
ia,2025-03-15,2.21
id,2025-03-15,2.19
il,2025-03-15,2.9
in,2025-03-15,3.26
ks,2025-03-15,2.38
ky,2025-03-15,4.03
la,2025-03-15,2.7
ma,2025-03-15,2.48
md,2025-03-15,3.25
me,2025-03-15,4.72
mi,2025-03-15,3.83
mn,2025-03-15,1.79
ms,2025-03-15,2.53
mt,2025-03-15,2.99
nc,2025-03-15,3.68
nd,2025-03-15,1.34
ne,2025-03-15,0.8
nh,2025-03-15,3.88
nj,2025-03-15,2.72
nm,2025-03-15,2.67
nv,2025-03-15,1.55
ny,2025-03-15,2.25
oh,2025-03-15,3.13
ok,2025-03-15,1.05
or,2025-03-15,2.18
pa,2025-03-15,2.41
ri,2025-03-15,1.95
sc,2025-03-15,2.21
sd,2025-03-15,1.13
tn,2025-03-15,2.88
tx,2025-03-15,1.97
ut,2025-03-15,1.91
va,2025-03-15,3.99
vt,2025-03-15,3.02
wa,2025-03-15,2.63
wi,2025-03-15,2.25
wv,2025-03-15,5.82
wy,2025-03-15,0
ak,2025-03-22,3.53
al,2025-03-22,1.88
ar,2025-03-22,2.05
az,2025-03-22,1.65
ca,2025-03-22,1.45
co,2025-03-22,1.28
ct,2025-03-22,2.83
dc,2025-03-22,2.24
de,2025-03-22,2.03
fl,2025-03-22,1.61
ga,2025-03-22,1.03
hi,2025-03-22,3.01
ia,2025-03-22,1.3
id,2025-03-22,2
il,2025-03-22,2.34
in,2025-03-22,1.98
ks,2025-03-22,1.35
ky,2025-03-22,2.61
la,2025-03-22,1.97
ma,2025-03-22,1.79
md,2025-03-22,2.52
me,2025-03-22,3.61
mi,2025-03-22,2.72
mn,2025-03-22,1.42
ms,2025-03-22,1.34
mt,2025-03-22,1.83
nc,2025-03-22,2.64
nd,2025-03-22,0.8
ne,2025-03-22,0.69
nh,2025-03-22,3.08
nj,2025-03-22,2.15
nm,2025-03-22,1.76
nv,2025-03-22,1.19
ny,2025-03-22,1.91
oh,2025-03-22,1.7
ok,2025-03-22,0.7
or,2025-03-22,1.75
pa,2025-03-22,1.72
ri,2025-03-22,1.23
sc,2025-03-22,1.3
sd,2025-03-22,0.72
tn,2025-03-22,1.72
tx,2025-03-22,1.26
ut,2025-03-22,1.6
va,2025-03-22,2.97
vt,2025-03-22,2.8
wa,2025-03-22,2.01
wi,2025-03-22,1.49
wv,2025-03-22,3.68
wy,2025-03-22,0
ak,2025-03-29,3.13
al,2025-03-29,1.5
ar,2025-03-29,1.33
az,2025-03-29,1.26
ca,2025-03-29,1.26
co,2025-03-29,0.9
ct,2025-03-29,2.31
dc,2025-03-29,1.42
de,2025-03-29,1.33
fl,2025-03-29,1.36
ga,2025-03-29,1.02
hi,2025-03-29,2.36
ia,2025-03-29,0.91
id,2025-03-29,1.31
il,2025-03-29,1.98
in,2025-03-29,1.46
ks,2025-03-29,0.88
ky,2025-03-29,1.85
la,2025-03-29,1.7
ma,2025-03-29,1.47
md,2025-03-29,2.28
me,2025-03-29,2.84
mi,2025-03-29,1.98
mn,2025-03-29,1.17
ms,2025-03-29,1.07
mt,2025-03-29,1.54
nc,2025-03-29,1.98
nd,2025-03-29,0.9
ne,2025-03-29,0.42
nh,2025-03-29,2.23
nj,2025-03-29,1.66
nm,2025-03-29,1.58
nv,2025-03-29,0.95
ny,2025-03-29,1.51
oh,2025-03-29,1.06
ok,2025-03-29,0.53
or,2025-03-29,1.5
pa,2025-03-29,1.34
ri,2025-03-29,0.83
sc,2025-03-29,1.01
sd,2025-03-29,0.33
tn,2025-03-29,1.2
tx,2025-03-29,1.03
ut,2025-03-29,1.38
va,2025-03-29,2.54
vt,2025-03-29,1.7
wa,2025-03-29,1.56
wi,2025-03-29,1.27
wv,2025-03-29,2.33
wy,2025-03-29,0
ak,2025-04-05,2.15
al,2025-04-05,0.91
ar,2025-04-05,0.89
az,2025-04-05,1.17
ca,2025-04-05,0.92
co,2025-04-05,0.73
ct,2025-04-05,2.13
dc,2025-04-05,1.31
de,2025-04-05,1.19
fl,2025-04-05,1.01
ga,2025-04-05,0.8
hi,2025-04-05,2.2
ia,2025-04-05,0.56
id,2025-04-05,0.78
il,2025-04-05,1.45
in,2025-04-05,0.98
ks,2025-04-05,0.58
ky,2025-04-05,1.29
la,2025-04-05,1.08
ma,2025-04-05,1.33
md,2025-04-05,2.42
me,2025-04-05,2.39
mi,2025-04-05,1.27
mn,2025-04-05,0.87
ms,2025-04-05,0.85
mt,2025-04-05,0.78
nc,2025-04-05,1.5
nd,2025-04-05,0.4
ne,2025-04-05,0.35
nh,2025-04-05,1.64
nj,2025-04-05,1.36
nm,2025-04-05,1.07
nv,2025-04-05,0.8
ny,2025-04-05,1.32
oh,2025-04-05,0.67
ok,2025-04-05,0.35
or,2025-04-05,0.96
pa,2025-04-05,1.17
ri,2025-04-05,0.98
sc,2025-04-05,0.71
sd,2025-04-05,0.35
tn,2025-04-05,0.76
tx,2025-04-05,0.83
ut,2025-04-05,0.92
va,2025-04-05,2.18
vt,2025-04-05,1.81
wa,2025-04-05,1
wi,2025-04-05,0.97
wv,2025-04-05,1.5
wy,2025-04-05,0
ak,2025-04-12,1.89
al,2025-04-12,0.63
ar,2025-04-12,0.47
az,2025-04-12,1.14
ca,2025-04-12,0.79
co,2025-04-12,0.52
ct,2025-04-12,1.64
dc,2025-04-12,0.89
de,2025-04-12,0.75
fl,2025-04-12,0.81
ga,2025-04-12,0.4
hi,2025-04-12,2.38
ia,2025-04-12,0.42
id,2025-04-12,0.65
il,2025-04-12,0.96
in,2025-04-12,0.61
ks,2025-04-12,0.47
ky,2025-04-12,0.56
la,2025-04-12,0.84
ma,2025-04-12,1.22
md,2025-04-12,1.84
me,2025-04-12,1.81
mi,2025-04-12,0.86
mn,2025-04-12,0.68
ms,2025-04-12,0.7
mt,2025-04-12,0.83
nc,2025-04-12,1.05
nd,2025-04-12,0.55
ne,2025-04-12,0.24
nh,2025-04-12,1.34
nj,2025-04-12,0.98
nm,2025-04-12,0.93
nv,2025-04-12,0.87
ny,2025-04-12,1.07
oh,2025-04-12,0.4
ok,2025-04-12,0.26
or,2025-04-12,0.7
pa,2025-04-12,0.8
ri,2025-04-12,0.69
sc,2025-04-12,0.44
sd,2025-04-12,0.34
tn,2025-04-12,0.56
tx,2025-04-12,0.75
ut,2025-04-12,0.88
va,2025-04-12,1.29
vt,2025-04-12,1.3
wa,2025-04-12,0.82
wi,2025-04-12,0.78
wv,2025-04-12,0.84
wy,2025-04-12,0
ak,2025-04-19,1.85
al,2025-04-19,0.63
ar,2025-04-19,0.53
az,2025-04-19,0.99
ca,2025-04-19,0.59
co,2025-04-19,0.46
ct,2025-04-19,1.08
dc,2025-04-19,0.84
de,2025-04-19,0.75
fl,2025-04-19,0.77
ga,2025-04-19,0.29
hi,2025-04-19,1.85
ia,2025-04-19,0.31
id,2025-04-19,0.46
il,2025-04-19,1
in,2025-04-19,0.55
ks,2025-04-19,0.42
ky,2025-04-19,0.35
la,2025-04-19,0.67
ma,2025-04-19,0.98
md,2025-04-19,1.59
me,2025-04-19,1.28
mi,2025-04-19,0.8
mn,2025-04-19,0.59
ms,2025-04-19,0.56
mt,2025-04-19,0.7
nc,2025-04-19,0.89
nd,2025-04-19,0.35
ne,2025-04-19,0.26
nh,2025-04-19,1.27
nj,2025-04-19,0.82
nm,2025-04-19,0.74
nv,2025-04-19,0.67
ny,2025-04-19,0.86
oh,2025-04-19,0.37
ok,2025-04-19,0.27
or,2025-04-19,0.52
pa,2025-04-19,0.75
ri,2025-04-19,0.65
sc,2025-04-19,0.33
sd,2025-04-19,0.34
tn,2025-04-19,0.5
tx,2025-04-19,0.69
ut,2025-04-19,0.56
va,2025-04-19,1.02
vt,2025-04-19,1.2
wa,2025-04-19,0.6
wi,2025-04-19,0.64
wv,2025-04-19,0.55
wy,2025-04-19,0
ak,2025-04-26,1.74
al,2025-04-26,0.44
ar,2025-04-26,0.55
az,2025-04-26,0.88
ca,2025-04-26,0.52
co,2025-04-26,0.49
ct,2025-04-26,0.75
dc,2025-04-26,0.76
de,2025-04-26,0.49
fl,2025-04-26,0.7
ga,2025-04-26,0.29
hi,2025-04-26,1.72
ia,2025-04-26,0.21
id,2025-04-26,0.36
il,2025-04-26,0.76
in,2025-04-26,0.38
ks,2025-04-26,0.43
ky,2025-04-26,0.24
la,2025-04-26,0.53
ma,2025-04-26,0.73
md,2025-04-26,1.03
me,2025-04-26,1.12
mi,2025-04-26,0.77
mn,2025-04-26,0.53
ms,2025-04-26,0.47
mt,2025-04-26,0.5
nc,2025-04-26,0.73
nd,2025-04-26,0.2
ne,2025-04-26,0.18
nh,2025-04-26,1.08
nj,2025-04-26,0.58
nm,2025-04-26,0.61
nv,2025-04-26,0.69
ny,2025-04-26,0.59
oh,2025-04-26,0.24
ok,2025-04-26,0.23
or,2025-04-26,0.49
pa,2025-04-26,0.59
ri,2025-04-26,0.37
sc,2025-04-26,0.28
sd,2025-04-26,0.18
tn,2025-04-26,0.49
tx,2025-04-26,0.57
ut,2025-04-26,0.46
va,2025-04-26,0.75
vt,2025-04-26,0.82
wa,2025-04-26,0.61
wi,2025-04-26,0.62
wv,2025-04-26,0.31
wy,2025-04-26,0
ak,2025-05-03,1.09
al,2025-05-03,0.43
ar,2025-05-03,0.23
az,2025-05-03,0.86
ca,2025-05-03,0.42
co,2025-05-03,0.44
ct,2025-05-03,0.53
dc,2025-05-03,0.59
de,2025-05-03,0.38
fl,2025-05-03,0.57
ga,2025-05-03,0.21
hi,2025-05-03,1.78
ia,2025-05-03,0.15
id,2025-05-03,0.36
il,2025-05-03,0.45
in,2025-05-03,0.27
ks,2025-05-03,0.24
ky,2025-05-03,0.15
la,2025-05-03,0.45
ma,2025-05-03,0.47
md,2025-05-03,0.6
me,2025-05-03,0.53
mi,2025-05-03,0.55
mn,2025-05-03,0.5
ms,2025-05-03,0.42
mt,2025-05-03,0.17
nc,2025-05-03,0.63
nd,2025-05-03,0.13
ne,2025-05-03,0.11
nh,2025-05-03,0.63
nj,2025-05-03,0.41
nm,2025-05-03,0.5
nv,2025-05-03,0.68
ny,2025-05-03,0.34
oh,2025-05-03,0.17
ok,2025-05-03,0.19
or,2025-05-03,0.5
pa,2025-05-03,0.4
ri,2025-05-03,0.35
sc,2025-05-03,0.24
sd,2025-05-03,0.16
tn,2025-05-03,0.35
tx,2025-05-03,0.48
ut,2025-05-03,0.38
va,2025-05-03,0.52
vt,2025-05-03,0.35
wa,2025-05-03,0.44
wi,2025-05-03,0.41
wv,2025-05-03,0.18
wy,2025-05-03,0
ak,2025-05-10,0.39
al,2025-05-10,0.39
ar,2025-05-10,0.3
az,2025-05-10,0.75
ca,2025-05-10,0.4
co,2025-05-10,0.49
ct,2025-05-10,0.34
dc,2025-05-10,0.35
de,2025-05-10,0.3
fl,2025-05-10,0.55
ga,2025-05-10,0.18
hi,2025-05-10,1.94
ia,2025-05-10,0.12
id,2025-05-10,0.23
il,2025-05-10,0.33
in,2025-05-10,0.22
ks,2025-05-10,0.2
ky,2025-05-10,0.13
la,2025-05-10,0.35
ma,2025-05-10,0.3
md,2025-05-10,0.43
me,2025-05-10,0.31
mi,2025-05-10,0.39
mn,2025-05-10,0.29
ms,2025-05-10,0.32
mt,2025-05-10,0.17
nc,2025-05-10,0.6
nd,2025-05-10,0.14
ne,2025-05-10,0.07
nh,2025-05-10,0.54
nj,2025-05-10,0.27
nm,2025-05-10,0.35
nv,2025-05-10,0.52
ny,2025-05-10,0.24
oh,2025-05-10,0.11
ok,2025-05-10,0.12
or,2025-05-10,0.39
pa,2025-05-10,0.29
ri,2025-05-10,0.3
sc,2025-05-10,0.22
sd,2025-05-10,0.05
tn,2025-05-10,0.35
tx,2025-05-10,0.46
ut,2025-05-10,0.32
va,2025-05-10,0.45
vt,2025-05-10,0.24
wa,2025-05-10,0.42
wi,2025-05-10,0.29
wv,2025-05-10,0.16
wy,2025-05-10,0
ak,2025-05-17,0.5
al,2025-05-17,0.4
ar,2025-05-17,0.15
az,2025-05-17,0.65
ca,2025-05-17,0.34
co,2025-05-17,0.39
ct,2025-05-17,0.3
dc,2025-05-17,0.28
de,2025-05-17,0.26
fl,2025-05-17,0.55
ga,2025-05-17,0.16
hi,2025-05-17,1.77
ia,2025-05-17,0.11
id,2025-05-17,0.23
il,2025-05-17,0.26
in,2025-05-17,0.2
ks,2025-05-17,0.21
ky,2025-05-17,0.14
la,2025-05-17,0.41
ma,2025-05-17,0.22
md,2025-05-17,0.27
me,2025-05-17,0.19
mi,2025-05-17,0.31
mn,2025-05-17,0.23
ms,2025-05-17,0.39
mt,2025-05-17,0.02
nc,2025-05-17,0.57
nd,2025-05-17,0.03
ne,2025-05-17,0.04
nh,2025-05-17,0.27
nj,2025-05-17,0.2
nm,2025-05-17,0.4
nv,2025-05-17,0.4
ny,2025-05-17,0.19
oh,2025-05-17,0.1
ok,2025-05-17,0.11
or,2025-05-17,0.38
pa,2025-05-17,0.2
ri,2025-05-17,0.22
sc,2025-05-17,0.23
sd,2025-05-17,0.14
tn,2025-05-17,0.3
tx,2025-05-17,0.46
ut,2025-05-17,0.25
va,2025-05-17,0.35
vt,2025-05-17,0.1
wa,2025-05-17,0.47
wi,2025-05-17,0.2
wv,2025-05-17,0.14
wy,2025-05-17,0
ak,2025-05-24,0.82
al,2025-05-24,0.28
ar,2025-05-24,0.1
az,2025-05-24,0.55
ca,2025-05-24,0.32
co,2025-05-24,0.35
ct,2025-05-24,0.18
dc,2025-05-24,0.27
de,2025-05-24,0.2
fl,2025-05-24,0.52
ga,2025-05-24,0.15
hi,2025-05-24,1.8
ia,2025-05-24,0.12
id,2025-05-24,0.25
il,2025-05-24,0.19
in,2025-05-24,0.11
ks,2025-05-24,0.16
ky,2025-05-24,0.09
la,2025-05-24,0.32
ma,2025-05-24,0.16
md,2025-05-24,0.23
me,2025-05-24,0.15
mi,2025-05-24,0.2
mn,2025-05-24,0.15
ms,2025-05-24,0.3
mt,2025-05-24,0.11
nc,2025-05-24,0.59
nd,2025-05-24,0.06
ne,2025-05-24,0.05
nh,2025-05-24,0.3
nj,2025-05-24,0.18
nm,2025-05-24,0.37
nv,2025-05-24,0.38
ny,2025-05-24,0.13
oh,2025-05-24,0.07
ok,2025-05-24,0.08
or,2025-05-24,0.41
pa,2025-05-24,0.14
ri,2025-05-24,0.12
sc,2025-05-24,0.17
sd,2025-05-24,0
tn,2025-05-24,0.29
tx,2025-05-24,0.42
ut,2025-05-24,0.22
va,2025-05-24,0.28
vt,2025-05-24,0.05
wa,2025-05-24,0.43
wi,2025-05-24,0.12
wv,2025-05-24,0.08
wy,2025-05-24,0
ak,2025-05-31,0.79
al,2025-05-31,0.23
ar,2025-05-31,0.19
az,2025-05-31,0.57
ca,2025-05-31,0.36
co,2025-05-31,0.35
ct,2025-05-31,0.14
dc,2025-05-31,0.15
de,2025-05-31,0.12
fl,2025-05-31,0.56
ga,2025-05-31,0.14
hi,2025-05-31,1.72
ia,2025-05-31,0.07
id,2025-05-31,0.13
il,2025-05-31,0.16
in,2025-05-31,0.11
ks,2025-05-31,0.14
ky,2025-05-31,0.14
la,2025-05-31,0.3
ma,2025-05-31,0.16
md,2025-05-31,0.15
me,2025-05-31,0.12
mi,2025-05-31,0.16
mn,2025-05-31,0.14
ms,2025-05-31,0.34
mt,2025-05-31,0.09
nc,2025-05-31,0.55
nd,2025-05-31,0.03
ne,2025-05-31,0.05
nh,2025-05-31,0.19
nj,2025-05-31,0.18
nm,2025-05-31,0.34
nv,2025-05-31,0.4
ny,2025-05-31,0.11
oh,2025-05-31,0.06
ok,2025-05-31,0.06
or,2025-05-31,0.33
pa,2025-05-31,0.15
ri,2025-05-31,0.14
sc,2025-05-31,0.16
sd,2025-05-31,0.02
tn,2025-05-31,0.23
tx,2025-05-31,0.45
ut,2025-05-31,0.3
va,2025-05-31,0.26
vt,2025-05-31,0.1
wa,2025-05-31,0.39
wi,2025-05-31,0.11
wv,2025-05-31,0.17
wy,2025-05-31,0
ak,2025-06-07,0.85
al,2025-06-07,0.18
ar,2025-06-07,0.12
az,2025-06-07,0.35
ca,2025-06-07,0.27
co,2025-06-07,0.18
ct,2025-06-07,0.1
dc,2025-06-07,0.15
de,2025-06-07,0.12
fl,2025-06-07,0.53
ga,2025-06-07,0.17
hi,2025-06-07,1.59
ia,2025-06-07,0.1
id,2025-06-07,0.23
il,2025-06-07,0.09
in,2025-06-07,0.08
ks,2025-06-07,0.05
ky,2025-06-07,0.09
la,2025-06-07,0.23
ma,2025-06-07,0.12
md,2025-06-07,0.12
me,2025-06-07,0.05
mi,2025-06-07,0.12
mn,2025-06-07,0.08
ms,2025-06-07,0.29
mt,2025-06-07,0.1
nc,2025-06-07,0.53
nd,2025-06-07,0.03
ne,2025-06-07,0.03
nh,2025-06-07,0.09
nj,2025-06-07,0.14
nm,2025-06-07,0.26
nv,2025-06-07,0.33
ny,2025-06-07,0.08
oh,2025-06-07,0.05
ok,2025-06-07,0.08
or,2025-06-07,0.2
pa,2025-06-07,0.09
ri,2025-06-07,0.09
sc,2025-06-07,0.13
sd,2025-06-07,0.03
tn,2025-06-07,0.19
tx,2025-06-07,0.34
ut,2025-06-07,0.19
va,2025-06-07,0.18
vt,2025-06-07,0.05
wa,2025-06-07,0.36
wi,2025-06-07,0.11
wv,2025-06-07,0.13
wy,2025-06-07,0
ak,2025-06-14,0.75
al,2025-06-14,0.24
ar,2025-06-14,0.08
az,2025-06-14,0.24
ca,2025-06-14,0.24
co,2025-06-14,0.12
ct,2025-06-14,0.06
dc,2025-06-14,0.14
de,2025-06-14,0.11
fl,2025-06-14,0.5
ga,2025-06-14,0.11
hi,2025-06-14,1.14
ia,2025-06-14,0.06
id,2025-06-14,0.2
il,2025-06-14,0.08
in,2025-06-14,0.06
ks,2025-06-14,0.04
ky,2025-06-14,0.06
la,2025-06-14,0.17
ma,2025-06-14,0.07
md,2025-06-14,0.13
me,2025-06-14,0.03
mi,2025-06-14,0.09
mn,2025-06-14,0.11
ms,2025-06-14,0.26
mt,2025-06-14,0.08
nc,2025-06-14,0.47
nd,2025-06-14,0.03
ne,2025-06-14,0.01
nh,2025-06-14,0.14
nj,2025-06-14,0.13
nm,2025-06-14,0.16
nv,2025-06-14,0.2
ny,2025-06-14,0.06
oh,2025-06-14,0.06
ok,2025-06-14,0.12
or,2025-06-14,0.22
pa,2025-06-14,0.09
ri,2025-06-14,0.1
sc,2025-06-14,0.1
sd,2025-06-14,0.05
tn,2025-06-14,0.17
tx,2025-06-14,0.25
ut,2025-06-14,0.17
va,2025-06-14,0.14
vt,2025-06-14,0.03
wa,2025-06-14,0.29
wi,2025-06-14,0.06
wv,2025-06-14,0.07
wy,2025-06-14,0
ak,2025-06-21,0.47
al,2025-06-21,0.23
ar,2025-06-21,0.05
az,2025-06-21,0.15
ca,2025-06-21,0.18
co,2025-06-21,0.1
ct,2025-06-21,0.07
dc,2025-06-21,0.08
de,2025-06-21,0.1
fl,2025-06-21,0.46
ga,2025-06-21,0.09
hi,2025-06-21,0.82
ia,2025-06-21,0.03
id,2025-06-21,0.16
il,2025-06-21,0.06
in,2025-06-21,0.06
ks,2025-06-21,0.04
ky,2025-06-21,0.07
la,2025-06-21,0.18
ma,2025-06-21,0.08
md,2025-06-21,0.09
me,2025-06-21,0.05
mi,2025-06-21,0.07
mn,2025-06-21,0.06
ms,2025-06-21,0.22
mt,2025-06-21,0.1
nc,2025-06-21,0.4
nd,2025-06-21,0.02
ne,2025-06-21,0.02
nh,2025-06-21,0.07
nj,2025-06-21,0.12
nm,2025-06-21,0.14
nv,2025-06-21,0.12
ny,2025-06-21,0.07
oh,2025-06-21,0.04
ok,2025-06-21,0.08
or,2025-06-21,0.19
pa,2025-06-21,0.06
ri,2025-06-21,0.05
sc,2025-06-21,0.11
sd,2025-06-21,0.06
tn,2025-06-21,0.13
tx,2025-06-21,0.22
ut,2025-06-21,0.09
va,2025-06-21,0.11
vt,2025-06-21,0.07
wa,2025-06-21,0.28
wi,2025-06-21,0.04
wv,2025-06-21,0.08
wy,2025-06-21,0
ak,2025-06-28,0.46
al,2025-06-28,0.19
ar,2025-06-28,0.13
az,2025-06-28,0.12
ca,2025-06-28,0.17
co,2025-06-28,0.06
ct,2025-06-28,0.03
dc,2025-06-28,0.12
de,2025-06-28,0.04
fl,2025-06-28,0.44
ga,2025-06-28,0.06
hi,2025-06-28,0.92
ia,2025-06-28,0.04
id,2025-06-28,0.15
il,2025-06-28,0.05
in,2025-06-28,0.05
ks,2025-06-28,0.06
ky,2025-06-28,0.04
la,2025-06-28,0.11
ma,2025-06-28,0.07
md,2025-06-28,0.07
me,2025-06-28,0.06
mi,2025-06-28,0.04
mn,2025-06-28,0.07
ms,2025-06-28,0.18
mt,2025-06-28,0.06
nc,2025-06-28,0.35
nd,2025-06-28,0
ne,2025-06-28,0
nh,2025-06-28,0.08
nj,2025-06-28,0.1
nm,2025-06-28,0.12
nv,2025-06-28,0.14
ny,2025-06-28,0.04
oh,2025-06-28,0.04
ok,2025-06-28,0.08
or,2025-06-28,0.2
pa,2025-06-28,0.06
ri,2025-06-28,0.01
sc,2025-06-28,0.11
sd,2025-06-28,0
tn,2025-06-28,0.09
tx,2025-06-28,0.2
ut,2025-06-28,0.13
va,2025-06-28,0.11
vt,2025-06-28,0.02
wa,2025-06-28,0.25
wi,2025-06-28,0.04
wv,2025-06-28,0.02
wy,2025-06-28,0
ak,2025-07-05,0.34
al,2025-07-05,0.16
ar,2025-07-05,0.08
az,2025-07-05,0.1
ca,2025-07-05,0.13
co,2025-07-05,0.08
ct,2025-07-05,0.04
dc,2025-07-05,0.1
de,2025-07-05,0.03
fl,2025-07-05,0.42
ga,2025-07-05,0.06
hi,2025-07-05,0.85
ia,2025-07-05,0.07
id,2025-07-05,0.18
il,2025-07-05,0.04
in,2025-07-05,0.04
ks,2025-07-05,0.04
ky,2025-07-05,0.04
la,2025-07-05,0.08
ma,2025-07-05,0.07
md,2025-07-05,0.04
me,2025-07-05,0.03
mi,2025-07-05,0.04
mn,2025-07-05,0.05
ms,2025-07-05,0.19
mt,2025-07-05,0.09
nc,2025-07-05,0.36
nd,2025-07-05,0.02
ne,2025-07-05,0.01
nh,2025-07-05,0.11
nj,2025-07-05,0.1
nm,2025-07-05,0.11
nv,2025-07-05,0.11
ny,2025-07-05,0.05
oh,2025-07-05,0.04
ok,2025-07-05,0.03
or,2025-07-05,0.13
pa,2025-07-05,0.04
ri,2025-07-05,0.05
sc,2025-07-05,0.07
sd,2025-07-05,0.05
tn,2025-07-05,0.11
tx,2025-07-05,0.19
ut,2025-07-05,0.12
va,2025-07-05,0.08
vt,2025-07-05,0.02
wa,2025-07-05,0.2
wi,2025-07-05,0.04
wv,2025-07-05,0.03
wy,2025-07-05,0
ak,2025-07-12,0.26
al,2025-07-12,0.14
ar,2025-07-12,0.05
az,2025-07-12,0.11
ca,2025-07-12,0.11
co,2025-07-12,0.06
ct,2025-07-12,0.04
dc,2025-07-12,0.04
de,2025-07-12,0.01
fl,2025-07-12,0.32
ga,2025-07-12,0.05
hi,2025-07-12,0.39
ia,2025-07-12,0.03
id,2025-07-12,0.12
il,2025-07-12,0.03
in,2025-07-12,0.04
ks,2025-07-12,0.02
ky,2025-07-12,0.03
la,2025-07-12,0.07
ma,2025-07-12,0.06
md,2025-07-12,0.04
me,2025-07-12,0.04
mi,2025-07-12,0.03
mn,2025-07-12,0.05
ms,2025-07-12,0.13
mt,2025-07-12,0.02
nc,2025-07-12,0.34
nd,2025-07-12,0.01
ne,2025-07-12,0.02
nh,2025-07-12,0.08
nj,2025-07-12,0.1
nm,2025-07-12,0.06
nv,2025-07-12,0.08
ny,2025-07-12,0.05
oh,2025-07-12,0.02
ok,2025-07-12,0.06
or,2025-07-12,0.05
pa,2025-07-12,0.04
ri,2025-07-12,0.01
sc,2025-07-12,0.09
sd,2025-07-12,0.03
tn,2025-07-12,0.09
tx,2025-07-12,0.16
ut,2025-07-12,0.1
va,2025-07-12,0.07
vt,2025-07-12,0
wa,2025-07-12,0.12
wi,2025-07-12,0.02
wv,2025-07-12,0.03
wy,2025-07-12,0
ak,2025-07-19,0.19
al,2025-07-19,0.14
ar,2025-07-19,0.02
az,2025-07-19,0.07
ca,2025-07-19,0.1
co,2025-07-19,0.03
ct,2025-07-19,0.03
dc,2025-07-19,0.08
de,2025-07-19,0.04
fl,2025-07-19,0.29
ga,2025-07-19,0.06
hi,2025-07-19,0.42
ia,2025-07-19,0.03
id,2025-07-19,0.13
il,2025-07-19,0.04
in,2025-07-19,0.03
ks,2025-07-19,0.04
ky,2025-07-19,0.05
la,2025-07-19,0.11
ma,2025-07-19,0.06
md,2025-07-19,0.05
me,2025-07-19,0.04
mi,2025-07-19,0.03
mn,2025-07-19,0.06
ms,2025-07-19,0.19
mt,2025-07-19,0.01
nc,2025-07-19,0.34
nd,2025-07-19,0.02
ne,2025-07-19,0.05
nh,2025-07-19,0.05
nj,2025-07-19,0.07
nm,2025-07-19,0.07
nv,2025-07-19,0.13
ny,2025-07-19,0.05
oh,2025-07-19,0.02
ok,2025-07-19,0.04
or,2025-07-19,0.08
pa,2025-07-19,0.02
ri,2025-07-19,0.05
sc,2025-07-19,0.05
sd,2025-07-19,0.03
tn,2025-07-19,0.11
tx,2025-07-19,0.15
ut,2025-07-19,0.08
va,2025-07-19,0.08
vt,2025-07-19,0.02
wa,2025-07-19,0.07
wi,2025-07-19,0.03
wv,2025-07-19,0.01
wy,2025-07-19,0
ak,2025-07-26,0.2
al,2025-07-26,0.14
ar,2025-07-26,0.03
az,2025-07-26,0.06
ca,2025-07-26,0.1
co,2025-07-26,0.02
ct,2025-07-26,0.05
dc,2025-07-26,0.06
de,2025-07-26,0.01
fl,2025-07-26,0.27
ga,2025-07-26,0.06
hi,2025-07-26,0.5
ia,2025-07-26,0.01
id,2025-07-26,0.07
il,2025-07-26,0.03
in,2025-07-26,0.02
ks,2025-07-26,0.04
ky,2025-07-26,0.05
la,2025-07-26,0.11
ma,2025-07-26,0.04
md,2025-07-26,0.07
me,2025-07-26,0.04
mi,2025-07-26,0.02
mn,2025-07-26,0.05
ms,2025-07-26,0.21
mt,2025-07-26,0.09
nc,2025-07-26,0.34
nd,2025-07-26,0.09
ne,2025-07-26,0.01
nh,2025-07-26,0.05
nj,2025-07-26,0.07
nm,2025-07-26,0.03
nv,2025-07-26,0.12
ny,2025-07-26,0.04
oh,2025-07-26,0.03
ok,2025-07-26,0.06
or,2025-07-26,0.08
pa,2025-07-26,0.03
ri,2025-07-26,0.05
sc,2025-07-26,0.07
sd,2025-07-26,0.03
tn,2025-07-26,0.08
tx,2025-07-26,0.15
ut,2025-07-26,0.07
va,2025-07-26,0.07
vt,2025-07-26,0.05
wa,2025-07-26,0.07
wi,2025-07-26,0.03
wv,2025-07-26,0.02
wy,2025-07-26,0
ak,2025-08-02,0.14
al,2025-08-02,0.21
ar,2025-08-02,0.02
az,2025-08-02,0.08
ca,2025-08-02,0.11
co,2025-08-02,0.03
ct,2025-08-02,0.04
dc,2025-08-02,0.1
de,2025-08-02,0.02
fl,2025-08-02,0.26
ga,2025-08-02,0.05
hi,2025-08-02,0.45
ia,2025-08-02,0.03
id,2025-08-02,0.08
il,2025-08-02,0.05
in,2025-08-02,0.03
ks,2025-08-02,0.04
ky,2025-08-02,0.06
la,2025-08-02,0.09
ma,2025-08-02,0.05
md,2025-08-02,0.05
me,2025-08-02,0.07
mi,2025-08-02,0.02
mn,2025-08-02,0.04
ms,2025-08-02,0.15
mt,2025-08-02,0.07
nc,2025-08-02,0.34
nd,2025-08-02,0.02
ne,2025-08-02,0.01
nh,2025-08-02,0.09
nj,2025-08-02,0.05
nm,2025-08-02,0.07
nv,2025-08-02,0.1
ny,2025-08-02,0.03
oh,2025-08-02,0.02
ok,2025-08-02,0.05
or,2025-08-02,0.04
pa,2025-08-02,0.03
ri,2025-08-02,0.01
sc,2025-08-02,0.07
sd,2025-08-02,0.02
tn,2025-08-02,0.09
tx,2025-08-02,0.15
ut,2025-08-02,0.05
va,2025-08-02,0.05
vt,2025-08-02,0.02
wa,2025-08-02,0.07
wi,2025-08-02,0.03
wv,2025-08-02,0.03
wy,2025-08-02,0
ak,2025-08-09,0.1
al,2025-08-09,0.17
ar,2025-08-09,0.05
az,2025-08-09,0.06
ca,2025-08-09,0.12
co,2025-08-09,0.04
ct,2025-08-09,0.04
dc,2025-08-09,0.04
de,2025-08-09,0.01
fl,2025-08-09,0.25
ga,2025-08-09,0.07
hi,2025-08-09,0.41
ia,2025-08-09,0.03
id,2025-08-09,0.09
il,2025-08-09,0.04
in,2025-08-09,0.04
ks,2025-08-09,0.04
ky,2025-08-09,0.04
la,2025-08-09,0.07
ma,2025-08-09,0.04
md,2025-08-09,0.06
me,2025-08-09,0.06
mi,2025-08-09,0.02
mn,2025-08-09,0.07
ms,2025-08-09,0.22
mt,2025-08-09,0.01
nc,2025-08-09,0.46
nd,2025-08-09,0.02
ne,2025-08-09,0.01
nh,2025-08-09,0.03
nj,2025-08-09,0.07
nm,2025-08-09,0.05
nv,2025-08-09,0.11
ny,2025-08-09,0.04
oh,2025-08-09,0.02
ok,2025-08-09,0.02
or,2025-08-09,0.03
pa,2025-08-09,0.04
ri,2025-08-09,0.01
sc,2025-08-09,0.08
sd,2025-08-09,0.02
tn,2025-08-09,0.13
tx,2025-08-09,0.15
ut,2025-08-09,0.1
va,2025-08-09,0.07
vt,2025-08-09,0.05
wa,2025-08-09,0.09
wi,2025-08-09,0.05
wv,2025-08-09,0.03
wy,2025-08-09,0
ak,2025-08-16,0.18
al,2025-08-16,0.14
ar,2025-08-16,0.07
az,2025-08-16,0.08
ca,2025-08-16,0.09
co,2025-08-16,0.04
ct,2025-08-16,0.04
dc,2025-08-16,0.07
de,2025-08-16,0.03
fl,2025-08-16,0.23
ga,2025-08-16,0.08
hi,2025-08-16,0.45
ia,2025-08-16,0.05
id,2025-08-16,0.11
il,2025-08-16,0.04
in,2025-08-16,0.03
ks,2025-08-16,0.06
ky,2025-08-16,0.04
la,2025-08-16,0.15
ma,2025-08-16,0.04
md,2025-08-16,0.07
me,2025-08-16,0.05
mi,2025-08-16,0.03
mn,2025-08-16,0.06
ms,2025-08-16,0.27
mt,2025-08-16,0.05
nc,2025-08-16,0.5
nd,2025-08-16,0.04
ne,2025-08-16,0.02
nh,2025-08-16,0.09
nj,2025-08-16,0.08
nm,2025-08-16,0.1
nv,2025-08-16,0.14
ny,2025-08-16,0.03
oh,2025-08-16,0.03
ok,2025-08-16,0.06
or,2025-08-16,0.03
pa,2025-08-16,0.03
ri,2025-08-16,0.03
sc,2025-08-16,0.07
sd,2025-08-16,0.03
tn,2025-08-16,0.14
tx,2025-08-16,0.18
ut,2025-08-16,0.06
va,2025-08-16,0.06
vt,2025-08-16,0
wa,2025-08-16,0.1
wi,2025-08-16,0.02
wv,2025-08-16,0.01
wy,2025-08-16,0
ak,2025-08-23,0.29
al,2025-08-23,0.23
ar,2025-08-23,0.01
az,2025-08-23,0.09
ca,2025-08-23,0.11
co,2025-08-23,0.04
ct,2025-08-23,0.03
dc,2025-08-23,0.06
de,2025-08-23,0.05
fl,2025-08-23,0.28
ga,2025-08-23,0.13
hi,2025-08-23,0.42
ia,2025-08-23,0.03
id,2025-08-23,0.1
il,2025-08-23,0.04
in,2025-08-23,0.04
ks,2025-08-23,0.03
ky,2025-08-23,0.06
la,2025-08-23,0.15
ma,2025-08-23,0.05
md,2025-08-23,0.07
me,2025-08-23,0.02
mi,2025-08-23,0.02
mn,2025-08-23,0.09
ms,2025-08-23,0.28
mt,2025-08-23,0.04
nc,2025-08-23,0.66
nd,2025-08-23,0.06
ne,2025-08-23,0.05
nh,2025-08-23,0.06
nj,2025-08-23,0.08
nm,2025-08-23,0.08
nv,2025-08-23,0.14
ny,2025-08-23,0.04
oh,2025-08-23,0.03
ok,2025-08-23,0.09
or,2025-08-23,0.05
pa,2025-08-23,0.03
ri,2025-08-23,0.05
sc,2025-08-23,0.09
sd,2025-08-23,0.05
tn,2025-08-23,0.12
tx,2025-08-23,0.2
ut,2025-08-23,0.06
va,2025-08-23,0.08
vt,2025-08-23,0.02
wa,2025-08-23,0.09
wi,2025-08-23,0.03
wv,2025-08-23,0.03
wy,2025-08-23,0
ak,2025-08-30,0.22
al,2025-08-30,0.29
ar,2025-08-30,0.04
az,2025-08-30,0.06
ca,2025-08-30,0.12
co,2025-08-30,0.06
ct,2025-08-30,0.04
dc,2025-08-30,0.2
de,2025-08-30,0.05
fl,2025-08-30,0.32
ga,2025-08-30,0.18
hi,2025-08-30,0.25
ia,2025-08-30,0.05
id,2025-08-30,0.11
il,2025-08-30,0.05
in,2025-08-30,0.05
ks,2025-08-30,0.04
ky,2025-08-30,0.07
la,2025-08-30,0.18
ma,2025-08-30,0.05
md,2025-08-30,0.09
me,2025-08-30,0.03
mi,2025-08-30,0.04
mn,2025-08-30,0.06
ms,2025-08-30,0.27
mt,2025-08-30,0.08
nc,2025-08-30,0.79
nd,2025-08-30,0.02
ne,2025-08-30,0.03
nh,2025-08-30,0.08
nj,2025-08-30,0.09
nm,2025-08-30,0.05
nv,2025-08-30,0.11
ny,2025-08-30,0.05
oh,2025-08-30,0.03
ok,2025-08-30,0.12
or,2025-08-30,0.05
pa,2025-08-30,0.04
ri,2025-08-30,0.05
sc,2025-08-30,0.13
sd,2025-08-30,0.02
tn,2025-08-30,0.19
tx,2025-08-30,0.24
ut,2025-08-30,0.08
va,2025-08-30,0.1
vt,2025-08-30,0.09
wa,2025-08-30,0.08
wi,2025-08-30,0.05
wv,2025-08-30,0.03
wy,2025-08-30,0
ak,2025-09-06,0.4
al,2025-09-06,0.28
ar,2025-09-06,0.05
az,2025-09-06,0.08
ca,2025-09-06,0.13
co,2025-09-06,0.06
ct,2025-09-06,0.05
dc,2025-09-06,0.05
de,2025-09-06,0.03
fl,2025-09-06,0.33
ga,2025-09-06,0.13
hi,2025-09-06,0.24
ia,2025-09-06,0.04
id,2025-09-06,0.09
il,2025-09-06,0.06
in,2025-09-06,0.06
ks,2025-09-06,0.05
ky,2025-09-06,0.07
la,2025-09-06,0.14
ma,2025-09-06,0.06
md,2025-09-06,0.09
me,2025-09-06,0.04
mi,2025-09-06,0.06
mn,2025-09-06,0.11
ms,2025-09-06,0.29
mt,2025-09-06,0.03
nc,2025-09-06,1.05
nd,2025-09-06,0.06
ne,2025-09-06,0.06
nh,2025-09-06,0.11
nj,2025-09-06,0.1
nm,2025-09-06,0.09
nv,2025-09-06,0.09
ny,2025-09-06,0.05
oh,2025-09-06,0.04
ok,2025-09-06,0.13
or,2025-09-06,0.08
pa,2025-09-06,0.06
ri,2025-09-06,0.03
sc,2025-09-06,0.11
sd,2025-09-06,0.02
tn,2025-09-06,0.16
tx,2025-09-06,0.26
ut,2025-09-06,0.08
va,2025-09-06,0.13
vt,2025-09-06,0.02
wa,2025-09-06,0.1
wi,2025-09-06,0.04
wv,2025-09-06,0.04
wy,2025-09-06,0
ak,2025-09-13,0.36
al,2025-09-13,0.27
ar,2025-09-13,0.13
az,2025-09-13,0.05
ca,2025-09-13,0.13
co,2025-09-13,0.09
ct,2025-09-13,0.06
dc,2025-09-13,0.07
de,2025-09-13,0.04
fl,2025-09-13,0.29
ga,2025-09-13,0.08
hi,2025-09-13,0.36
ia,2025-09-13,0.04
id,2025-09-13,0.14
il,2025-09-13,0.05
in,2025-09-13,0.07
ks,2025-09-13,0.08
ky,2025-09-13,0.06
la,2025-09-13,0.16
ma,2025-09-13,0.07
md,2025-09-13,0.12
me,2025-09-13,0.01
mi,2025-09-13,0.05
mn,2025-09-13,0.12
ms,2025-09-13,0.17
mt,2025-09-13,0.04
nc,2025-09-13,1.09
nd,2025-09-13,0.01
ne,2025-09-13,0.06
nh,2025-09-13,0.08
nj,2025-09-13,0.1
nm,2025-09-13,0.05
nv,2025-09-13,0.09
ny,2025-09-13,0.05
oh,2025-09-13,0.05
ok,2025-09-13,0.17
or,2025-09-13,0.07
pa,2025-09-13,0.07
ri,2025-09-13,0.04
sc,2025-09-13,0.12
sd,2025-09-13,0.06
tn,2025-09-13,0.17
tx,2025-09-13,0.25
ut,2025-09-13,0.12
va,2025-09-13,0.11
vt,2025-09-13,0.02
wa,2025-09-13,0.14
wi,2025-09-13,0.06
wv,2025-09-13,0.05
wy,2025-09-13,0
ak,2025-09-20,0.33
al,2025-09-20,0.2
ar,2025-09-20,0.09
az,2025-09-20,0.08
ca,2025-09-20,0.13
co,2025-09-20,0.07
ct,2025-09-20,0.09
dc,2025-09-20,0.04
de,2025-09-20,0.05
fl,2025-09-20,0.33
ga,2025-09-20,0.07
hi,2025-09-20,0.26
ia,2025-09-20,0.07
id,2025-09-20,0.08
il,2025-09-20,0.07
in,2025-09-20,0.05
ks,2025-09-20,0.06
ky,2025-09-20,0.06
la,2025-09-20,0.24
ma,2025-09-20,0.07
md,2025-09-20,0.08
me,2025-09-20,0.09
mi,2025-09-20,0.05
mn,2025-09-20,0.06
ms,2025-09-20,0.21
mt,2025-09-20,0.02
nc,2025-09-20,0.81
nd,2025-09-20,0.03
ne,2025-09-20,0.02
nh,2025-09-20,0.08
nj,2025-09-20,0.13
nm,2025-09-20,0.13
nv,2025-09-20,0.09
ny,2025-09-20,0.06
oh,2025-09-20,0.05
ok,2025-09-20,0.08
or,2025-09-20,0.04
pa,2025-09-20,0.07
ri,2025-09-20,0.1
sc,2025-09-20,0.09
sd,2025-09-20,0.03
tn,2025-09-20,0.15
tx,2025-09-20,0.25
ut,2025-09-20,0.05
va,2025-09-20,0.11
vt,2025-09-20,0.02
wa,2025-09-20,0.14
wi,2025-09-20,0.07
wv,2025-09-20,0.04
wy,2025-09-20,0
ak,2025-09-27,0.23
al,2025-09-27,0.19
ar,2025-09-27,0.11
az,2025-09-27,0.07
ca,2025-09-27,0.11
co,2025-09-27,0.1
ct,2025-09-27,0.08
dc,2025-09-27,0.05
de,2025-09-27,0.04
fl,2025-09-27,0.36
ga,2025-09-27,0.09
hi,2025-09-27,0.26
ia,2025-09-27,0.04
id,2025-09-27,0.07
il,2025-09-27,0.06
in,2025-09-27,0.04
ks,2025-09-27,0.12
ky,2025-09-27,0.16
la,2025-09-27,0.27
ma,2025-09-27,0.1
md,2025-09-27,0.1
me,2025-09-27,0.06
mi,2025-09-27,0.04
mn,2025-09-27,0.12
ms,2025-09-27,0.19
mt,2025-09-27,0.06
nc,2025-09-27,0.74
nd,2025-09-27,0.04
ne,2025-09-27,0.02
nh,2025-09-27,0.18
nj,2025-09-27,0.13
nm,2025-09-27,0.09
nv,2025-09-27,0.12
ny,2025-09-27,0.07
oh,2025-09-27,0.04
ok,2025-09-27,0.08
or,2025-09-27,0.05
pa,2025-09-27,0.07
ri,2025-09-27,0.07
sc,2025-09-27,0.17
sd,2025-09-27,0.03
tn,2025-09-27,0.16
tx,2025-09-27,0.26
ut,2025-09-27,0.15
va,2025-09-27,0.08
vt,2025-09-27,0
wa,2025-09-27,0.14
wi,2025-09-27,0.08
wv,2025-09-27,0.09
wy,2025-09-27,0
ak,2025-10-04,0.13
al,2025-10-04,0.25
ar,2025-10-04,0.08
az,2025-10-04,0.09
ca,2025-10-04,0.15
co,2025-10-04,0.11
ct,2025-10-04,0.06
dc,2025-10-04,0.13
de,2025-10-04,0.1
fl,2025-10-04,0.41
ga,2025-10-04,0.08
hi,2025-10-04,0.2
ia,2025-10-04,0.07
id,2025-10-04,0.14
il,2025-10-04,0.08
in,2025-10-04,0.07
ks,2025-10-04,0.09
ky,2025-10-04,0.14
la,2025-10-04,0.32
ma,2025-10-04,0.06
md,2025-10-04,0.11
me,2025-10-04,0.14
mi,2025-10-04,0.04
mn,2025-10-04,0.11
ms,2025-10-04,0.19
mt,2025-10-04,0.06
nc,2025-10-04,0.66
nd,2025-10-04,0.04
ne,2025-10-04,0.01
nh,2025-10-04,0.15
nj,2025-10-04,0.13
nm,2025-10-04,0.12
nv,2025-10-04,0.13
ny,2025-10-04,0.06
oh,2025-10-04,0.08
ok,2025-10-04,0.08
or,2025-10-04,0.09
pa,2025-10-04,0.08
ri,2025-10-04,0.08
sc,2025-10-04,0.16
sd,2025-10-04,0.05
tn,2025-10-04,0.16
tx,2025-10-04,0.28
ut,2025-10-04,0.17
va,2025-10-04,0.1
vt,2025-10-04,0.08
wa,2025-10-04,0.11
wi,2025-10-04,0.08
wv,2025-10-04,0.06
wy,2025-10-04,0
ak,2025-10-11,0.21
al,2025-10-11,0.22
ar,2025-10-11,0.05
az,2025-10-11,0.11
ca,2025-10-11,0.14
co,2025-10-11,0.11
ct,2025-10-11,0.08
dc,2025-10-11,0.13
de,2025-10-11,0.1
fl,2025-10-11,0.5
ga,2025-10-11,0.08
hi,2025-10-11,0.38
ia,2025-10-11,0.06
id,2025-10-11,0.09
il,2025-10-11,0.1
in,2025-10-11,0.08
ks,2025-10-11,0.14
ky,2025-10-11,0.11
la,2025-10-11,0.43
ma,2025-10-11,0.07
md,2025-10-11,0.09
me,2025-10-11,0.08
mi,2025-10-11,0.06
mn,2025-10-11,0.08
ms,2025-10-11,0.24
mt,2025-10-11,0.16
nc,2025-10-11,0.62
nd,2025-10-11,0.03
ne,2025-10-11,0.03
nh,2025-10-11,0.13
nj,2025-10-11,0.17
nm,2025-10-11,0.08
nv,2025-10-11,0.15
ny,2025-10-11,0.05
oh,2025-10-11,0.07
ok,2025-10-11,0.06
or,2025-10-11,0.06
pa,2025-10-11,0.07
ri,2025-10-11,0.07
sc,2025-10-11,0.12
sd,2025-10-11,0.13
tn,2025-10-11,0.16
tx,2025-10-11,0.29
ut,2025-10-11,0.18
va,2025-10-11,0.11
vt,2025-10-11,0
wa,2025-10-11,0.16
wi,2025-10-11,0.06
wv,2025-10-11,0.04
wy,2025-10-11,0
ak,2025-10-18,0.18
al,2025-10-18,0.25
ar,2025-10-18,0.09
az,2025-10-18,0.07
ca,2025-10-18,0.13
co,2025-10-18,0.09
ct,2025-10-18,0.06
dc,2025-10-18,0.12
de,2025-10-18,0.08
fl,2025-10-18,0.56
ga,2025-10-18,0.13
hi,2025-10-18,0.57
ia,2025-10-18,0.05
id,2025-10-18,0.12
il,2025-10-18,0.08
in,2025-10-18,0.1
ks,2025-10-18,0.09
ky,2025-10-18,0.09
la,2025-10-18,0.54
ma,2025-10-18,0.08
md,2025-10-18,0.12
me,2025-10-18,0.07
mi,2025-10-18,0.07
mn,2025-10-18,0.08
ms,2025-10-18,0.22
mt,2025-10-18,0.07
nc,2025-10-18,0.64
nd,2025-10-18,0
ne,2025-10-18,0.01
nh,2025-10-18,0.09
nj,2025-10-18,0.18
nm,2025-10-18,0.13
nv,2025-10-18,0.14
ny,2025-10-18,0.08
oh,2025-10-18,0.06
ok,2025-10-18,0.05
or,2025-10-18,0.09
pa,2025-10-18,0.06
ri,2025-10-18,0.08
sc,2025-10-18,0.13
sd,2025-10-18,0.05
tn,2025-10-18,0.16
tx,2025-10-18,0.36
ut,2025-10-18,0.16
va,2025-10-18,0.12
vt,2025-10-18,0.05
wa,2025-10-18,0.17
wi,2025-10-18,0.11
wv,2025-10-18,0.06
wy,2025-10-18,0
ak,2025-10-25,0.29
al,2025-10-25,0.29
ar,2025-10-25,0.09
az,2025-10-25,0.09
ca,2025-10-25,0.15
co,2025-10-25,0.17
ct,2025-10-25,0.1
dc,2025-10-25,0.14
de,2025-10-25,0.08
fl,2025-10-25,0.61
ga,2025-10-25,0.19
hi,2025-10-25,0.73
ia,2025-10-25,0.06
id,2025-10-25,0.07
il,2025-10-25,0.11
in,2025-10-25,0.07
ks,2025-10-25,0.1
ky,2025-10-25,0.12
la,2025-10-25,0.62
ma,2025-10-25,0.09
md,2025-10-25,0.18
me,2025-10-25,0.08
mi,2025-10-25,0.08
mn,2025-10-25,0.09
ms,2025-10-25,0.22
mt,2025-10-25,0.05
nc,2025-10-25,0.73
nd,2025-10-25,0.05
ne,2025-10-25,0.03
nh,2025-10-25,0.14
nj,2025-10-25,0.18
nm,2025-10-25,0.15
nv,2025-10-25,0.17
ny,2025-10-25,0.12
oh,2025-10-25,0.06
ok,2025-10-25,0.12
or,2025-10-25,0.12
pa,2025-10-25,0.08
ri,2025-10-25,0.08
sc,2025-10-25,0.14
sd,2025-10-25,0.1
tn,2025-10-25,0.2
tx,2025-10-25,0.37
ut,2025-10-25,0.15
va,2025-10-25,0.15
vt,2025-10-25,0.07
wa,2025-10-25,0.24
wi,2025-10-25,0.09
wv,2025-10-25,0.1
wy,2025-10-25,0
ak,2025-11-01,0.12
al,2025-11-01,0.39
ar,2025-11-01,0.15
az,2025-11-01,0.11
ca,2025-11-01,0.2
co,2025-11-01,0.23
ct,2025-11-01,0.13
dc,2025-11-01,0.12
de,2025-11-01,0.17
fl,2025-11-01,0.71
ga,2025-11-01,0.26
hi,2025-11-01,1.15
ia,2025-11-01,0.11
id,2025-11-01,0.22
il,2025-11-01,0.14
in,2025-11-01,0.12
ks,2025-11-01,0.11
ky,2025-11-01,0.15
la,2025-11-01,0.84
ma,2025-11-01,0.13
md,2025-11-01,0.25
me,2025-11-01,0.14
mi,2025-11-01,0.1
mn,2025-11-01,0.13
ms,2025-11-01,0.31
mt,2025-11-01,0.09
nc,2025-11-01,0.75
nd,2025-11-01,0.07
ne,2025-11-01,0.04
nh,2025-11-01,0.16
nj,2025-11-01,0.29
nm,2025-11-01,0.2
nv,2025-11-01,0.18
ny,2025-11-01,0.17
oh,2025-11-01,0.1
ok,2025-11-01,0.13
or,2025-11-01,0.12
pa,2025-11-01,0.1
ri,2025-11-01,0.23
sc,2025-11-01,0.19
sd,2025-11-01,0.07
tn,2025-11-01,0.26
tx,2025-11-01,0.5
ut,2025-11-01,0.13
va,2025-11-01,0.16
vt,2025-11-01,0.18
wa,2025-11-01,0.26
wi,2025-11-01,0.1
wv,2025-11-01,0.12
wy,2025-11-01,0
ak,2025-11-08,0.21
al,2025-11-08,0.46
ar,2025-11-08,0.27
az,2025-11-08,0.14
ca,2025-11-08,0.24
co,2025-11-08,0.57
ct,2025-11-08,0.21
dc,2025-11-08,0.16
de,2025-11-08,0.18
fl,2025-11-08,0.97
ga,2025-11-08,0.34
hi,2025-11-08,1.68
ia,2025-11-08,0.08
id,2025-11-08,0.36
il,2025-11-08,0.23
in,2025-11-08,0.17
ks,2025-11-08,0.15
ky,2025-11-08,0.21
la,2025-11-08,1.13
ma,2025-11-08,0.17
md,2025-11-08,0.36
me,2025-11-08,0.18
mi,2025-11-08,0.21
mn,2025-11-08,0.2
ms,2025-11-08,0.64
mt,2025-11-08,0.18
nc,2025-11-08,0.99
nd,2025-11-08,0.11
ne,2025-11-08,0.03
nh,2025-11-08,0.23
nj,2025-11-08,0.39
nm,2025-11-08,0.24
nv,2025-11-08,0.26
ny,2025-11-08,0.35
oh,2025-11-08,0.15
ok,2025-11-08,0.13
or,2025-11-08,0.22
pa,2025-11-08,0.16
ri,2025-11-08,0.2
sc,2025-11-08,0.27
sd,2025-11-08,0.05
tn,2025-11-08,0.33
tx,2025-11-08,0.86
ut,2025-11-08,0.51
va,2025-11-08,0.3
vt,2025-11-08,0.34
wa,2025-11-08,0.29
wi,2025-11-08,0.13
wv,2025-11-08,0.08
wy,2025-11-08,0
ak,2025-11-15,0.36
al,2025-11-15,0.78
ar,2025-11-15,0.35
az,2025-11-15,0.31
ca,2025-11-15,0.27
co,2025-11-15,0.85
ct,2025-11-15,0.33
dc,2025-11-15,0.48
de,2025-11-15,0.29
fl,2025-11-15,1.27
ga,2025-11-15,0.43
hi,2025-11-15,2.38
ia,2025-11-15,0.11
id,2025-11-15,0.7
il,2025-11-15,0.37
in,2025-11-15,0.27
ks,2025-11-15,0.18
ky,2025-11-15,0.27
la,2025-11-15,1.57
ma,2025-11-15,0.28
md,2025-11-15,0.53
me,2025-11-15,0.16
mi,2025-11-15,0.28
mn,2025-11-15,0.34
ms,2025-11-15,0.88
mt,2025-11-15,0.32
nc,2025-11-15,1.2
nd,2025-11-15,0.1
ne,2025-11-15,0.1
nh,2025-11-15,0.25
nj,2025-11-15,0.47
nm,2025-11-15,0.35
nv,2025-11-15,0.34
ny,2025-11-15,0.55
oh,2025-11-15,0.21
ok,2025-11-15,0.15
or,2025-11-15,0.26
pa,2025-11-15,0.29
ri,2025-11-15,0.27
sc,2025-11-15,0.33
sd,2025-11-15,0.03
tn,2025-11-15,0.36
tx,2025-11-15,1.35
ut,2025-11-15,0.69
va,2025-11-15,0.51
vt,2025-11-15,0.38
wa,2025-11-15,0.48
wi,2025-11-15,0.2
wv,2025-11-15,0.19
wy,2025-11-15,0
ak,2025-11-22,0.57
al,2025-11-22,0.88
ar,2025-11-22,0.59
az,2025-11-22,0.5
ca,2025-11-22,0.27
co,2025-11-22,1.72
ct,2025-11-22,0.83
dc,2025-11-22,0.78
de,2025-11-22,0.4
fl,2025-11-22,1.91
ga,2025-11-22,0.9
hi,2025-11-22,3.36
ia,2025-11-22,0.2
id,2025-11-22,1.05
il,2025-11-22,0.56
in,2025-11-22,0.54
ks,2025-11-22,0.2
ky,2025-11-22,0.47
la,2025-11-22,2.52
ma,2025-11-22,0.42
md,2025-11-22,1.08
me,2025-11-22,0.27
mi,2025-11-22,0.54
mn,2025-11-22,0.71
ms,2025-11-22,0.91
mt,2025-11-22,0.39
nc,2025-11-22,1.57
nd,2025-11-22,0.11
ne,2025-11-22,0.2
nh,2025-11-22,0.43
nj,2025-11-22,0.87
nm,2025-11-22,0.58
nv,2025-11-22,0.35
ny,2025-11-22,1.23
oh,2025-11-22,0.37
ok,2025-11-22,0.12
or,2025-11-22,0.35
pa,2025-11-22,0.52
ri,2025-11-22,0.42
sc,2025-11-22,0.71
sd,2025-11-22,0.03
tn,2025-11-22,0.57
tx,2025-11-22,2.22
ut,2025-11-22,1.04
va,2025-11-22,0.77
vt,2025-11-22,0.15
wa,2025-11-22,0.57
wi,2025-11-22,0.31
wv,2025-11-22,0.22
wy,2025-11-22,0
ak,2025-11-29,1.79
al,2025-11-29,1.17
ar,2025-11-29,0.55
az,2025-11-29,0.53
ca,2025-11-29,0.38
co,2025-11-29,2.4
ct,2025-11-29,1.88
dc,2025-11-29,1.69
de,2025-11-29,0.82
fl,2025-11-29,2.42
ga,2025-11-29,1.2
hi,2025-11-29,4.73
ia,2025-11-29,0.34
id,2025-11-29,1.48
il,2025-11-29,0.85
in,2025-11-29,0.91
ks,2025-11-29,0.32
ky,2025-11-29,0.87
la,2025-11-29,3.1
ma,2025-11-29,0.94
md,2025-11-29,1.87
me,2025-11-29,0.51
mi,2025-11-29,0.92
mn,2025-11-29,1.43
ms,2025-11-29,1.03
mt,2025-11-29,0.99
nc,2025-11-29,2.26
nd,2025-11-29,0.68
ne,2025-11-29,0.2
nh,2025-11-29,0.73
nj,2025-11-29,1.86
nm,2025-11-29,1
nv,2025-11-29,0.36
ny,2025-11-29,2.68
oh,2025-11-29,0.69
ok,2025-11-29,0.24
or,2025-11-29,0.61
pa,2025-11-29,0.86
ri,2025-11-29,0.93
sc,2025-11-29,0.92
sd,2025-11-29,0.02
tn,2025-11-29,0.7
tx,2025-11-29,2.76
ut,2025-11-29,1.4
va,2025-11-29,1.38
vt,2025-11-29,0.46
wa,2025-11-29,0.82
wi,2025-11-29,0.63
wv,2025-11-29,0.34
wy,2025-11-29,0
ak,2025-12-06,2.23
al,2025-12-06,1.44
ar,2025-12-06,0.61
az,2025-12-06,0.64
ca,2025-12-06,0.46
co,2025-12-06,2.89
ct,2025-12-06,2.84
dc,2025-12-06,1.94
de,2025-12-06,0.88
fl,2025-12-06,2.19
ga,2025-12-06,1.32
hi,2025-12-06,5.54
ia,2025-12-06,0.54
id,2025-12-06,1.52
il,2025-12-06,1.07
in,2025-12-06,1.27
ks,2025-12-06,0.51
ky,2025-12-06,0.98
la,2025-12-06,3.19
ma,2025-12-06,1.37
md,2025-12-06,2.33
me,2025-12-06,0.75
mi,2025-12-06,1.24
mn,2025-12-06,2.19
ms,2025-12-06,1.02
mt,2025-12-06,1.1
nc,2025-12-06,3
nd,2025-12-06,0.73
ne,2025-12-06,0.34
nh,2025-12-06,1.03
nj,2025-12-06,2.74
nm,2025-12-06,0.88
nv,2025-12-06,0.62
ny,2025-12-06,3.42
oh,2025-12-06,0.94
ok,2025-12-06,0.37
or,2025-12-06,0.63
pa,2025-12-06,1.18
ri,2025-12-06,1.2
sc,2025-12-06,1.12
sd,2025-12-06,0.22
tn,2025-12-06,0.89
tx,2025-12-06,2.31
ut,2025-12-06,1.68
va,2025-12-06,1.58
vt,2025-12-06,0.49
wa,2025-12-06,1.01
wi,2025-12-06,0.96
wv,2025-12-06,0.51
wy,2025-12-06,0
ak,2025-12-13,2.79
al,2025-12-13,2.71
ar,2025-12-13,1.36
az,2025-12-13,1.02
ca,2025-12-13,0.79
co,2025-12-13,4.23
ct,2025-12-13,5.66
dc,2025-12-13,3.6
de,2025-12-13,2.1
fl,2025-12-13,2.77
ga,2025-12-13,2.58
hi,2025-12-13,6.34
ia,2025-12-13,0.96
id,2025-12-13,2.42
il,2025-12-13,1.86
in,2025-12-13,2.12
ks,2025-12-13,1.06
ky,2025-12-13,1.71
la,2025-12-13,4.3
ma,2025-12-13,2.66
md,2025-12-13,3.88
me,2025-12-13,1.2
mi,2025-12-13,2.35
mn,2025-12-13,4.27
ms,2025-12-13,2.03
mt,2025-12-13,1.7
nc,2025-12-13,4.98
nd,2025-12-13,2.04
ne,2025-12-13,0.87
nh,2025-12-13,1.84
nj,2025-12-13,5.03
nm,2025-12-13,2.19
nv,2025-12-13,1.59
ny,2025-12-13,5.65
oh,2025-12-13,2.04
ok,2025-12-13,0.72
or,2025-12-13,0.86
pa,2025-12-13,1.81
ri,2025-12-13,2.75
sc,2025-12-13,2.45
sd,2025-12-13,0.56
tn,2025-12-13,1.62
tx,2025-12-13,4.07
ut,2025-12-13,2.78
va,2025-12-13,2.54
vt,2025-12-13,1.22
wa,2025-12-13,1.34
wi,2025-12-13,2.13
wv,2025-12-13,1.03
wy,2025-12-13,0
